bangla_speech,barishal_bangla_speech,chittagong_bangla_speech,mymensingh_bangla_speech,noakhali_bangla_speech,sylhet_bangla_speech
কেমন আছো ?,আসো কোরোহম?,কেন আচো?,কেমত আছো?,কেইক্কান আছেন ?,ভালা আছনি?
আজকে আমার মন ভালো নেই,আইজ মোর মনডা ভালোনা,আযিয়া আর মন বালা নাই?,আইজ আমার মন ভালা নাই,আইজ্জা আর মন ভালা নাই,আইজকু আমার মন ভালা নায়
তুমি কি করো ?,ও মোনু হর কি?,তুঁই কি গরো?,তুমি কিতা করো?,তুমি কিআ করর ?,তুমি কিতা খরো?
এই গরমে আমার কিছু ভালো লাগে না,এই থাডা পরা গরমে মোর কিস্সু ভাল্লাগেনা,এই গরমত আত্তুন কিচু বালা ন লাগের,এই গরমডাত আমার কিছু ভালা লাগে না,এতো গরমে আর কিচ্ছু ভালা লাগে না,অউ গরমো আমার কুনতা ভালা লাগের না
ছেলেটি সাদা রঙয়ের একটি শার্ট পরে এসেছিল,পলাউগ্গা এউক্কা ধলা রং এর এউক্কা গুন্জি পইর্রা আইসেল,ফোয়াইবা সাদা রংওর উজ্ঞা শার্ট ফরি আইস্যিল,ছেড়াটা সাদা রংগের একটা শার্ট পইড়া আইছিল,পোলাডা একটা সাদা রং এর শার্ট পড়ি আইসিলো,ফুয়াটায় এখটা সাদা রংগর শার্ট পিন্দিয়া আইছিল
মেয়েটি লাল রঙয়ের শাড়ি পরে আমার সাথে দেখা করতে এসেছিল,মাইআউগ্গা লাল  রুঙ্গা  শাড়ি পইর্রা মর লগে দেহা হর্তে আইসিলো,মাইফোয়াইবা লাল রংওর শারি ফরি আঁর লই দেহা গইর্ তো আইস্যে,ছেড়িটা লাল রংগের শাড়ি পইরা আমার সাথে দেখা করতে আইসিল,মাইয়াডা লাল রং এর শাড়ি পরি আমার লগে দেখা করতে আইসিলো,ফুড়িটায় লাল রংগর শাড়ি পিন্দিয়া মোর লগে দেখা করাত আইছিল
ছেলেটি সিলেট থেকে ঢাকায় এসেছে,পলাউগ্গা শ্যলেত দিয়া ধাহা আইসেলে,ফোয়াইবা সিলেটত্তুন ঢাহা আইস্যে,ছেড়াটা সিলেটতন ঢাকাত আইসে,পোলাডা সিলেট থেইকা ঢাকায় আইসে,ফুয়াটায় সিলেট থাকি ঢাকাত আইছে
মেয়েটি সিলেট থেকে আসা এই ছেলেটিকে অনেক ভালবাসে,মাইআউগ্গা শ্যলেত দিআ আঔআ পলাউগ্গারে আক্সের ভালপায়,মাইফোয়া ইবা সিলেটত্তুন আইস্যেদে ফোয়া ইবারে বঊত বালবাসে,ছেড়িটা সিলেট থাইকা আসা অই ছেড়াটারে অনেক ভালবাসে,মাইয়াডা সিলেট থেইকা আশা পোলাডারে অনেক ভালোবাসে,ফুড়িটায় সিলেট থাকি আওয়া অউ ফুয়াটারে অনেক ভালা পায়
ছেলেটি মেয়েটাকে এখনো ভালবাসার চোখে দেখেনি,পলাউগ্গা মাইআউগ্গারে আহন ভালপাঔআর ছহে দেহেনাই,ফোয়াইবা মাইফোয়া ইবারে আইযো বালবাসার চোকে ন দেহে,ছেড়াটা ছেড়িটারে এখনো ভালবাসার চোখে দেখে নাই,পোলাডা মাইয়াডারে এখনো ভালোবাসার চোখে দেখেনো,ফুয়াটায় এবো ধরি ফুড়িটারে ভালা পাওয়ার চউকে দেখছে না
মেয়েটি তাঁর সব স্বপ্নের মধ্যে ছেলেটাকে কল্পনা করে,মাইআউগ্গা হেয়ার শব হপ্পনের মইদ্ধে পলাউগ্গারে ভাব্তে থাহে,মাইফোয়া ইবা তার বেজ্ঞিন সফ্নর মইদ্দে ফোয়াইবারে কল্ফনা গরে,ছেড়িটা তার সপ্নের মধ্যে ছেড়াটারে কল্পনা করে,মাইয়াদা  হিগার  স্বপ্নের ভিতরে খালি পোলাগারে লই চিন্তা করতে থাকে,ফুড়িটাায় তাইর হখল সফনর মাজে ফুয়াটারে কল্পনা করে
আমার অনেক দিন আগে একবার বিয়ে হয়েছিল,মর বহুত দিন আগের্গ এউক্কা বিয়া হইসেলে,আঁর বউতদিন আগে এব্বার বিয়া অইল,আমার অনেকদিন আগে একবার বিয়া হইছিল,আর অনেকদিন আগে একবার বিয়া অইছিলো,আমার বাক্কা আগে এখবার বিয়া অইছিল
আমার মা আমাকে বলেছিল বিয়ে হলে জীবন পরিবর্তন হয়ে যায়,মর মাএ মরে কইসেলে বিআ হর্লে জিবন পরিবর্তন হইআ জায়,আঁর মা আঁরে হইল বিয়া অইলে জিবন ফাল্টি যা গই,আমার মা আমারে কইসিল বিয়া হইলে জীবন বদলায়া যায়,আর মা অরে কৈসিলো বিয়া হইলে জীবন পরিবর্তন হয়ে  যায়,আমার আম্মায় আমারে কইছলা বিয়া অইলে জীবন বদলি যায়
আম্মু ঐদিন ঠিক কথাই বলেছিলও,মাএ অইদিন হাস্সইঅ কথাই কইসেলে,আম্মু অইদিন টিক হতাই হইল,আম্মা অইদিন ঠিক কথাই কইসিল,মা যেদিন ঠিক কথা যে কৈসিলো,আম্মায় হেদিন ঠিক কথাউ কইছলা
আম্মু সব সময় আমার মনের কথা বুঝে,মাএ শব্কালে মর কইল্যার কথাউগ্গা বঝে,আম্মু এগাযা আঁর মনোর হতা বুজে,আম্মা সব সময় আমার মনের কথা বুঝে,আম্মা   বেক সময় আর মনের কথা বুঝে,আম্মায় হখল সময় অউ আমার মনর কথা বুজইন
আমার বাসার কাজের মেয়েটি এখন ভাল মত কাজ করে নাহ,ঘরের কামের সেম্রি আহন থিক্কইর্রা কাম হরে না,আঁর বাসার হাজর মাইফোয়া ইবা ইয়া গম গরি হাজ গরিত ন ফারে,আমার ঘরের কামের ছেড়িটা এখন ভাল মত কাম করে নাহ,আনগো বাসার কামের মাইয়া ইগা ওন আর ভালা  কাম করে না,আমার বাসার কামর ফুড়িটায় এখন ভালা মত কাম করে না
আমার বাসার কাজের মেয়েটি দুইদিন ধরে পলাতক,মর ঘরের কামের সেম্রি দুই দিন ধইর্রা পলাইন্না,আঁর বাসার হাজর মাইফোয়া ইবা দুইদিন অর দাই গিয়্যুয়,আমার ঘরের কামের ছেড়িটা দুইদিন ধইরা পালাইছে,আনগো বাসার কামের মাইয়া ইগা দুইদিন ধরি পলাইরৈসে,আমার বাসাার কামর ফুড়িটায় দুইদিন ধরি ভাগন্তিত 
আমার বাসার দারওয়ান এখন তাঁর গ্রামে ঘুরতে গিয়েছে,মর ঘরের দারআন আহন অই সেম্রির গেরামে ঘর্তে গেসে,আঁর বাসার দারোয়ান এহন ইতার গেরামত বেরাইত গেয়্যে,আমার বাড়ির দারওয়ান এহন অর গ্রামে ঘুরতে গেছে,আনগো বাড়ির দারোয়ান হেতের গ্রামের বাড়ি গেচে গুরবার লাই,আমার বাসার দারোয়ান এখন তার গ্রামো পাখানিত গেছে
তোমাকে আমি কল দিবো না,তমারে মুই কল্ দিমুনা,তোঁয়ারে আঁই কল ন দিয়ুম,তোমারে আমি কল দিতাম না,আন্নেরে আই কল দিমু না,আমি তুমারে কল দিতাম নায় 
এই জিনিষটা খুবই বিরক্তিকর ছিল,এই জিনিশ খান আক্কালে অনেক গা জলুইন্না আসেল,এই জিনিসসান কুব বিরক্তিকর আচিল,এই জিনিসটা অনেক বিরক্তিকর আছিল,ইয়ান বেশি অসইজ্যো আসিল,অউ জিনিসটা খুবঅই  বিরক্তিকর আছিল
সে সিলেট থেকে আমার সাথে দেখা করতে এসেছিল,হে শ্যলেত দিআ মর লগে দেহা কর্তে আইসেলে,ইতে সিলেটত্তুন আঁর ফোয়ারে দেহা গইরতো আইস্যে,সে সিলেট থাইকা আমার সাথে দেখা করতে আইসিল,হেয় শীলোট তুন আর লগে দেয়া কইত্তে আইছিল,হে সিলেট থাকি আমার লগে দেখা করাত আইছিল
সে এখন রাজশাহী চলে গেছে,হে আহন রাজ্শাহি গেসিগ্গা,ইতে এহন রাজশাহী গেইয়্যুই,সে এহন রাজশাহী চইলা গেসে,হেয় অন রাসসায়ী চলি গেছে,হে এখন রাজশাহীত গেছে গিয়া
সে এখন তাঁর বন্ধুদের সাথে সিগারেট খায়,উনি আহন হেয়ার দস্গ গ লগে বিরি খায়,ইতে এহন তার বন্দুওক্কলর ফোয়ারে সিগেট হায়,সে এহন তার বন্ধুরার সাথে সিগারেট খায়,হেতে অন হেতের দোস্তের লগে বিড়ি টানে,হে এখন তার বন্ধুবান্ধবর লগে সিগারেট খায়
সে একদমই হাসে না,হে আক্কালেই ভেত্কায় না,এতে এব্বেরেও ন আসে,সে এক্কেরেই হাসেনা,হেতে এক্কারেই আশেনা,হে এখেবারেউ হাসে না
সে আমাকে অপমান করে,হে মরে আক্সের অপমান হিরে,এতে আঁরে অফমান গইরগে,সে আমারে অপমান করে,হিগা আরে বেইজ্জুদি করে,হে আমারে অপমান করে
তাঁর বই পরতে একদমই ভাল লাগে না,হ্যার বই পড়তে এক্কালেই ভালো লাগে না,ইতাত্তুন বই ফইরতো এফফোডাও গম ন লাগে,তার বই পড়তে এক্কেরেই ভালালাগেনা,হিগার বই হইটটে এককারে বালা লাগে না,তার বই পড়তে একদম অউ ভালা লাগে না
আপনার কি বই পড়ার অভ্যাস আছে ?,আমনের কি বই পড়ার অভ্যাস আছে?,অনর কি বই ফরার অব্বাস আচে নে,আফনের কি বই পড়ার অভ্যাস আসে?,আন্নের কি বই হড়ার ঐববাস আছে?,আফনার কিতা বই পড়ার অভ্যাস আছে নি?
তুমি কি আমাকে চিনো ?,তুমি কি মোরে চেনো?,তুঁই কি আঁরে চিনো নে,তুমি কি আমারে চিনো?,তুই য়ারে চিনো?,তুমি আমারে চিনো নি?
আমি তোমাকে চিনতে  পারলাম  না,মুই তোমারে চেনতে পারলাম না,আঁই তোয়াঁরে চিনিত ন ফাইরলাম,আমি তোমারে চিনতে পারলাম না,আই তোরে আগে কোনোসুমে দেই ন,মুই তুুমারে চিনতাম পারিয়ার না
আমি তোমাকে আগে কখনো দেখি নাই,মুই তোমারে আগে কহনো দেহি নাই,আঁই তোয়াঁরে আগে হনো অত্তে ন দেহি,আমি তোমারে আগে কখনো দেখি নাই,আই  তোরে চিনতে হাইরলাম না,মুই তুমারে এর আগে কুনোদিন দেখছি না
আমাকে পড়ালেখা করতে একদমই ভাল লাগে না,মোর পড়াল্যাহা করতে এক্কালেই ভালো লাগে না,আঁত্তুন ফরালেহা গইরতো এফফোডাও গম ন লাগে,আমার পড়ালেহা করতে এক্কেরেই ভালালাগেনা,আর হরালেয়া কইত্তে একছের ভালা লাগে না,পড়ালেখা করতে আমার এখদম ভালা লাগে না
আপনার পড়ালেখা করা উচিত,আমনের পড়াল্যাহা করা দরকার,অনর ফরালেহা গরা উচিত,আপনের পড়ালেহা করা দরকার,আন্নের হরালেয়া করন দরকার,আফনার পড়ালেখা করা উচিত
আপনাকে পড়ালেখা  করতে হবে,আমনের পড়াল্যাহা করতে হইবে,অনোত্তুন ফরালেহা গরা ফরিবো,আপনের পড়ালেহা করতে হইব,আন্নেরে হরালেয়া কইত্তে অইবো,আফনার পড়ালেখা খরা লাগবো
আপনার কি কি পড়ালেখা করতে একদমই ভাল লাগে নাহ?,আমনের কি পড়াল্যাহা করতে এক্কালেই ভালো লাগে না?,অনর কি ফরালেহা গইরতো এব্বেরেও গম ন লাগে,আপনের কি পড়ালেহা করতে এক্কেরেই ভালালাগে নাহ?,আন্নের কি হরালেয়া কইত্তে একছের ভালা লাগে না,আফনার কিতা পড়ালেখা করতে এখদম ভালা লাগে নানি?
তোর পড়ালেখা কোরতে হবে,তোর পড়াল্যাহা করতে হইবে,তোত্তুন ফরালেহা গরা ফরিবো,তর পড়ালেহা করতে হইব,তোর হরালেয়া কইরতো অইবো,তর পড়ালেখা করা লাগবো
তুই কি আর পড়ালেখা করবি নাহ ?,তুই কি আর পড়াল্যাহা করবি না?,তুই কি আর ফরালেহা ন গরিবি,তুই কি আর পড়ালেহা করতি নাহ?,তুই কি আর হরালেয়া কইত্তি নও,তুই কিতা আর পড়ালেখা করতে নানি
তুই কি পড়ালেখা ছেড়ে দিতে চাস ?,তুই কি পড়াল্যাহা ছাইড়া দেতে চাও?,তুই কি ফরালেহা চারি দিতো চস নিকি,তুই কি পড়ালেহা ছাইরা দিতে চাস?,তুই কি হরালেয়া ছাড়দিয়া লাইতো চাস ?,তুই কিতা পড়ালেখা ছাড়িত্তে নি?
তোর  কি পড়ালেখা করতে একদমই ভাল লাগে নাহ ?,তোর কি পড়াল্যাহা করতে এক্কালেই ভালো লাগে না?,তোর কি ফরালেহা গইরতো এব্বেরেও গম ন লাগে,তর কি পড়ালেহা করতে এক্কেরেই ভালালাগে নাহ?,তোর কি হরালেয়া কইত্তে একছের ভালা লাগে না?,তর কিতা পড়ালেখা করতে এখদম অউ ভালা লাগে নানি
তুমি কি এখন খেতে বসবা  ?,তুমি কি এহন খাইতে ববা?,তুঁই কি এহন হাইতো বইবা নে,তুমি কি এহন খাইতে বইবা,তুই কি অন খাইতো বইবি?,তুমি কিতা এখন খানিত বইবায় নি?
আজকে আমার খেতে ভালো লাগছে না,আইজগো মোর খাইতে ভালো লাগতেয়াছে না,আযিয়া আঁর হাইতো মনো ন হর,আইজকা আমার খাইতে ভালা লাগতাসেনা,আইজগা আর খাইতে ভালা লগের না,আইজকু আমার খাইতে ভালা লাগের না
আমার  বিদ্যালয়ে  অনেক বন্ধু আছে,মোর ইসকুলে ম্যালা দোস্তো আছে,আঁর বিদ্যালয়ে বউত বন্দু আচে,আমার ইস্কুলে অনেক বন্ধু আসে,আর স্কুলে মেলা বনদু আছে,ইস্কুলো আমার বাক্কা বন্ধু আছে
আমার ছোট বোন বিদ্যালয়ে  যেতে চায় না,মোর ছোডো বুইন ইসকুলে যাইতে চায় না,আঁর চোড বইন বিদ্যালয়অত যাইত ন চাই,আমার ছোট বইন ইস্কুলে যাইতে চায় না,আর ছোড বইন স্কুলে যাইতো চায় না,আমার ছুটো বইন ইস্কুলো যাইতে চায় না
আমার বিদ্যালয়ে  যেতে অনেক ভাল লাগে,মোর ইসকুলে যাইতে বেমালা ভালো লাগে,আত্তুন বিদ্যালয়অত যাইত বউত বালা লাগে,আমার ইস্কুলে যাইতে অনেক ভালা লাগে,আর স্কুলো যাইতো মেলা ভালা লাগে,আমার ইস্কু্ল যাইতে অনেক ভালা লাগে
সে তার গ্রামের একটি বিদ্যালয়ে পড়ালেখা করে,হ্যায় হ্যার গেরামের এউক্কা ইসকুলে পড়াল্যাহা করে,ইবা তার গেরামর এক্কান বিদ্যালয় অত ফরালেহা গরে,হেয় তার গেরামের একটা ইস্কুলে পড়ালেহা করে,হেতে  হেতেগো গ্রামে এককান স্কুলে হড়ালেয়া করে,হে তার গাউর এখটা ইস্কুলো পড়ে
সে বিদ্যালয়ে যেতে চায় না,হ্যায় ইসকুলে যাইতে চায় না,ইবা বিদ্যালয়অত যাইত ন চায়,হেয় ইস্কুলে যাইতে চায় না,হেতে স্কুলো যাইতো চায় না,হে ইস্কুলো যাইতো চায় না
তার বিদ্যালয়ে  গিয়ে পড়ালেখা করতে ভাল লাগে না,হ্যার ইসকুলে যাইয়া পড়াল্যাহা করতে ভালো লাগে না,ইতাত্তুন বিদ্যালয় অত যাই ফরালেহা গইরতো গম ন লাগে,হের ইস্কুলে যায়া পড়ালেহা করতে ভালা লাগে না,হেতের স্কুলে যাই হড়ালেয়া কইরতো ভালা লাগে না,তার ইস্কুলো গিয়া পড়ালেখা খরতো ভালা লাগে না
সে বিদ্যালয়ে  গিয়ে বন্ধুদের সাথে গল্প করে,হ্যায় ইসকুলে যাইয়া দোস্তোগো লগে কেচ্ছা করে,ইতে বিদ্যালয় অত যাই বন্দু অক্কলর ফোয়ারে গল্ফ গরে,হেয় ইস্কুলে যায়া বন্ধুরার সাথে গল্প করে,হেতে স্কুলো যাই বনদুগোর লগে গল্ফ করে,হে ইস্কুলো গিয়া বন্ধুরার লগে গফ করে
সে বিদ্যালয়ের  মাঠে প্রতিদিন ক্রিকেট খেলে,হ্যায় ইস্কুলের মাডে পেরতেকদিন ক্রিকেট খেলে,ইতে বিদ্যালয় অর মাডঅত ফত্তিন ক্রিকেট কেলে,হেয় ইস্কুলের মাঠে প্রত্যেকদিন ক্রিকেট খেলে,হেতে স্কুলের মাডো হইত্তোদিন ক্রিকেট খেলে,হে ইস্কুলর মাঠো ফত্তেকদিন ক্রিকেট খেলায়
সে বিদ্যালয়ের মাঠে মাথা ঘুরিয়ে পরে গিয়েছিল,হ্যায় ইশকুলের মাডে মাথা ঘুরাইয়া পইড়া গ্যাল্লেহ,ইবা বিদ্যালয় অর মাডঅত মায়া গুরি ফরি গেইয়্যুই,হেয় ইস্কুলের মাঠে মাথা ঘুরায়া পইড়া গেসিল,হেতি স্কুলের মাডো মাতা ঘুরি হড়ি গেছেগই,হে ইস্কুলর মাাঠো মাথা গুরাইয়া পরি গেছিল
সে অনেক দিন আগে তার বিদ্যালয়ের একটি মেয়েকে ভালোবাসতো,হ্যায় ম্যালা দিন আগে হ্যার ইশকুলের এউক্কা মাইয়ারে ভালোবাসতো,ইতে বউত দিন আগে তার বিদ্যালয় অর ওজ্ঞা মাইফোয়ারে বালবাসিতো,হেয় অনেকদিন আগে হের ইস্কুলের একটা ছেড়িরে ভালবাসতো,হেতে মেলা দিন আগে স্কুলের অগগা বইতালিরে ভালোবাইসতো,হে বাক্কা আগে তার ইস্কুলর একটা ফুড়িরে ভালা পাইতো
ছেলেটি তাঁর গ্রামের ছোটো  একটি  বিদ্যালয়  থেকে পড়ালেখা করে এসএসসি  পাশ করেছে,পোলাডা হ্যার গেরামের ছোডো এউক্কা ইসকুল হইতে পড়াল্যাহা কইররা মেটটিক পাশ করছে,ফোয়াইবা তার গেরামর গুরা এক্কান বিদ্যালয় অত্তুন ফরালেহা গরি এসএসসি ফাশ গইরগে,ছেড়াটা হের গ্রামের ছোট একটা ইস্কুল থাইক্কা পড়ালেহা কইরা এসএসসি পাশ করসে,হোলাগা হেতাগো গ্রামের ছোট্ট এককান স্কুলতুন হড়ালেয়া করি  এসএসসি হাস কইচ্ছে,ফুয়াাটায় তার গাউর ছুটো এখটা ইস্কুল থাকি পড়িয়া এসএসসি পাশ খরছে
তোমাদের বাসা কোথায়?,তোমাগো বাড়ি কোম্মে?,তোঁয়ারার বাসা হডে,তোমরার বাসা কই?,তোংগো বাসা কোনাই,তুমার বাসা খই?
ঢাকা বাংলাদেশের রাজধানী,ঢাহা বাংলাদেশের রাজধানী,ডাহা বাংলাদেশঅর রাযদানি,ঢাকা বাংলাদেশের রাজধানী।,ঢাকা বাংলাদেশ এর রাইজধানী,ঢাকা বাংলাদেশর রাজধানী
তুমি কি আমার সাথে প্রেম করবা?,তুমি কি মোর লগে পেরেম করবা?,তুঁই কি আঁর ফোয়ারে ফেম গরিবা নে,তুমি কিতা আমার সাথে প্রেম করবা?,তুই কি আর লগে হেম কইরবা,তুমি কিতা আমার লগে পিরিত করবায় নি?
আমি আজকে সকালে ফুটবল খেলেছি,মুই আইজগো বেইননা কালে ফুটবল খেলছি,আঁই আযিয়া বেইন্না ফুটবল কেলা হাইয়্যি,আমি আজকে সকালে ফুটবল খেলছি,আই আইজগা সকালে ফুলবল খেইলছি,মুই আইজ বিয়ানে ফুটবল খেলাইছি
আমি তোমার মনের কথা বুঝি না,মুই তোমার মনের কথা বোঝতে পারি না,আঁই তোয়াঁর মন অর হতা বুজি,আমি তোমার মনের কথা বুঝি না।,আই তোওর মনে কতা বুজি,মুই তুমার মনর খতা বুজি না 
তোমার জন্য আমার খুব কষ্ট হয়,তোমার লইজ্ঞা মোর বেমালা কষ্ট হয়,তোঁয়ার লাই আঁর কুব হস্ট অই,তোমার লাইজ্ঞা আমার মেলা কষ্ট হয়,তোওর লাই আর মেলা কষ্ট লাগে,তুমার লাগি আমার খুব খষ্ট অয়
আমাদের স্বপ্ন অনেক বড়,মোগো হপোন ম্যালা বড়,আঁরার সফ্ন বউত ডঅর,আমরার স্বপ্ন মেলা বড়,আংগোর স্বপ্ফন মেলা বড্ডা,আমরার সফনো বহুত বড়
অল্পবয়সী একটি  ছেলে বাইরে ফুটপাতে দৌড়াচ্ছে,‍কমবয়সী এউক্কা পোলা বায়রায় ফুডপাতে দৌড়াইতেয়াছে,আল্ফবয়স্যা ফোয়া অজ্ঞা বাইরে ফুটফাতত দুরের,কম বয়স্ক একটা ছেড়া বাইরে ফুটপাতে দৌড়াইতাসে,কম বয়সি অগগা হোলা বাআরা রাস্তার অচে ফুটপাতে দৌড়ার,অল্প বয়সর এখটা ফুয়া বারে ফুটপাতো দৌড়ার
একটি ছোট শিশু বিছানায় লাফিয়ে উঠছে,এউক্কা ল্যাদা গেদু বিছনায় লাফাইয়া ওঠছে,ওজ্ঞা গুরা ফোয়া বিচানাতা ফালমারি উডের,একটা ছুটো আবু বিছানাত লাফাইয়া উঠছে,লেদা বাইচ্চা বিছনাত লাফাই উডের,এখটা ছুটো মনা বিছনাত লাফাইয়া উটের
একটি ছেলে বিছানায় লাফাচ্ছে,এউক্কা পোলা বিছনায় লাফাইতেয়াছে,ওজ্ঞা ফোয়া বিচানাত ফালার,একটা ছেড়া বিছানাত লাফাইতাসে,এগগা হোলা বিছনাত লাফাআর,এখটা ফুয়া বিছনাত ফালার
একটি ছেলে এক বিছানা থেকে অন্য বিছানায় লাফ দিচ্ছে,এউক্কা পোলা এউক্কা বিছনা গোনে আর এউক্কা বিছানায় লাপ দেতেয়াছে,ওজ্ঞা ফোয়া এক বিচানাত্তুন আরেক বিচানাত ফাল মারে,একটা ছেড়া এক বিছানাততন আরেকটা বিছানাত লাফ দিতাসে,অগগা হোলা এক বিছনাত তুন আরোক বিছানাত লাফ দেএর,এখটা ফুুয়া এক বিছনা থাকি আরোখ বিছনাত ফাল দের
একটি ছোট শিশু ফুটপাতে হাঁটছে,এউক্কা ছোডো গেদু ফুডপাতে হাটতেয়াছে,ওজ্ঞা গুরা ফোয়া ফুটফাতোত আডের,একটা ছুটো আবু ফুটপাতে হাটতাসে,লেদা বাইচ্চা ফুটপাতে আডেএর,এখটা হুরু মনা ফুটপাতো আটের
আমি একজন ছেলে,মুই এউক্কা পোলা,আঁই ওজ্ঞা ফোয়া,আমি একটা ছেড়া,আই অগগা হোলা,মুই এখটা ফুয়া
আমি একজন মেয়ে,মুই এউক্কা মাইয়া,আঁই ওজ্ঞা মাইফোয়া,আমি একটা ছেড়ি,আই অগগা বইতালি,মুই এখটা ফুড়ি
আমার স্বামী আমাকে খুব ভালোবাসে,মোর জামাই মোরে বেমালা ভালোবাসে,আঁর জামাই আঁরে কুব বালবাসে,আমার জামাই আমারে মেলা ভালবাসে,আর জামাই আরে অনেক ভালোবাসে,আমার জামাই আমারে খুব ভালা পায়
স্কুল জীবন থেকে তাদের প্রেম ছিলো,ইসকুল সময় হইতে হ্যাগো পেরেম আল্লেহ,স্কুল যিবন অইতে তারার ফ্রেম আচিল,ইস্কুল জীবনতে তারার প্রেম আসিল,স্কুল জীবনতুন হেতাগো পেম আছিলো,ইস্কুল জীবন থাকি তারার পিরিত আছিল
আমি বিবাহ করেছি দশ বছর হয়,মুই বিয়া করছি ১০ বছর হইছে,আঁই বিয়া গইরগি দশ বচর অর,আমি বিয়া করসি দশ বছর হইসে,আই বিয়া কইচ্ছি দশ বছর অর,আমার বিয়ার দশ বছর অর
অসম্ভব ভাল ছবি,বেমালা ভালো ছবি,এব্বারে গম চবি ,অসম্ভব ভালা ছবি,অসম্ভব ভালা ছবি,বহুত ভালা ছবি
বহুদিন পরে একটা ভাল ছবি দেখলাম,ম্যালাদিন পরে এউক্কা ভালো ছবি দেখলাম,বউদ্দিন ফর এক্কান বালা চবি দেইলাম,মেলাদিন পরে একটা ভালা ছবি দেখলাম,মেলা দিন হরে এককান ভালা ছবি দেইকছি, বাক্কাদিন বাদে এখটা ভালা ছবি দেখলাম
অসম্ভব ভালো লিখেছেন,বেমালা ভালো ল্যাখছেন,বেশি গম লিকখো,অসম্ভব ভালা লিখসেন,অসম্ভব ভালা লেইকছে,বহুুত ভালা লেখছইন
বহুদিন পরে একটা ভালো লেখা পড়লাম,ম্যালাদিন পরে এউক্কা ভালো ল্যাহা পড়লাম,বউদ্দিন বাদে এক্কান বালা লেহা ফইরলাম,মেলাদিন বাদে একটা ভালা লেহা পড়লাম,বহুতদিন হরে এককান ভালো লেয়া হইড়লাম,বাক্কাদিন বাদে এখটা ভালা লেখা পড়লাম
প্রচণ্ড মাথা ব্যথা করছিলো,বেমালা মাথা ব্যাথা করতেয়াছেলে,মাতা হঁরাইলদি এএন ন,বহুত মাথা ব্যথা করতাসিলো,প্রচন্ড মাথাব্যথা কইত্তাছিলো,যে মাথাত বেদনা ধরছিল
কিছুই বুঝতে পারলাম না,কিছুই বোঝতে পারলাম না,কিচুই ন বুযিলাম,কিনুতাই বুঝতে পারলাম না,কিছুই বুইঝদাম হারিনো,কুনতা বুঝতাম ফারলাম না
তিনি এটা দেখে জ্ঞান হারিয়ে ফেললেন,হ্যায় এইডা দেইখ্যা গেয়ান হারাইয়া ফালাইছে,ইবা ইয়ান দেহি বিয়ুশ অই গেইয়্যুয়,হেয় এইডা দেইক্ষা জ্ঞান হারায়া ফালাইসে,হেতন এটা দেই অজ্ঞান হই গেছে,তাইন অখটা দেখিয়া গিয়ান আরাই লাইছইন
এক কথায় অনেক সুন্দর লাগছে আপনাকে,এক কথায় ম্যালা সুন্দর লাগতেয়াছে আমনেরে,এক হতায় বউত সুন্দর লাগের অনেরে,এক কথায় মেলা সুন্দর লাগতাসে আফনেরে,এককতাত আন্নেরে অনেক সুন্দর লাগের,এক খতায় আফনারে বাক্কা সুন্দর লাগের
আপনার ছবির চেয়ে আপনি বাস্তবে বেশি সুন্দর,আমনের ছবির চাইতে আমনে বাস্তবে বেমালা সুন্দর,অনর চবিরতুন বেরা অনে বাস্তবে বেশি সুন্দর,আফনের ছবিরতন আফনে বাস্তবে বেশি সুন্দর,আন্নের ছবির তুন বাস্তবে আন্নে বেশি সুন্দর,আফনার ছবি থাকি আফনে বাস্তবে অনেখ বেশি সুন্দর
আপনার হাশির কাছে সব কিছু হার মেনে যায়,আমনের হাসির সামনে বেবাক কিছু হার মাইন্না যায়,অনর আশির হাচে বেজ্ঞিন আর মানি যাইগই,আফনের হাসির কাসে বেক কিসু হার মানে,আন্নের হাসির কাছে বেক কিছু হার মানি যায়,আফনার হাসির কাছে সব কিছু হার মানি যায়
আপনার চোখ অনেক সুন্দর,আমনের চউখ বেমালা সুন্দর,অনর চোক বউত সুন্দর,আফনের চোখ মেলা সুন্দর,আন্নের চোকগুন অনেক সোন্দর,আফনার চউক অনেখ সুন্দর
আপনার সাথে পরিচিত হয়ে  ভালো লাগলো,আমনের লগে পরিচিত হইয়া ভালো লাগছে,অনর লাই ফরিচয় অই বউত বালা লাইজ্ঞে,আফনের লগে পরিচিত হয়া ভালা লাগলো,আন্নের লগে পরিচয় অই ভালা লাইগছে,আফনার লগেে পরিচিত অইয়া ভালা লাগলো
অনেক সময় পর আপনাকে দেখছি,ম্যালাদিন পর আমনেরে দেখলাম,বউত দিন ফর অন অরে দেহির,মেলা সময় বাদে আফনেরে দেখতাসি,মেলাদিন হরে আন্নেরে দেইকলাম,বাক্কা সময় পর আফনারে দেখলাম
দু ভাইয়ের মধ্যে জায়গা জমি নিয়ে ঝগড়া হয়,দুই ভাইগো মইধ্যে জাগা জমি লইয়া কাইজ্জা হয়,দু বাই অর মাযে জাগা জমি লই হইয্যা অই,দুই ভাইয়ের মধ্যে জায়গা জমি লয়া ঝগড়া হয়,দুই ভাইর ভিত্তে জাগা-জমি লই কাইজ্জা অয়,দুই ভাইর মাঝে জাগা জমিন লইয়া মাইর অয়
পরে এক ভাই কুয়েত চলে যায় আরেক ভাই সুদান চলে যায়,পরে এউক্কা ভাই কুয়েত চইল্যা যায় আর এউক্কা ভাই সুদান চইল্যা যায়,ফরে এক বাই কয়েত গেইয়্যুই আরেক বাই সুদান গেইয়্যুই,বাদে এক ভাই কুয়েত যায়গা আরেক ভাই সুদান যায়গা,হরে এক ভাই কুয়েত চলি গেছে আরেক ভাই সুদান চলি গেছে,বাদে এক ভাই কুয়েত গেছেগি আর আরোখ ভাই সুদান গেছে গি
কিছু দিন পর সুদান ফেরত লোকটি বিয়ে করেন,কয়দিন পরে সুদান দিয়া আসা ব্যাডা বিয়া করেন,হদ্দিন বাদে সুদান অত্তুন আইস্যেদে মানুষ ইবা বিয়া গইরগে,কয়েকদিন বাদে সুদান ফিরত বেডাটা বিয়া করে,কিছুদিন হরে সুদান হেরত বেডাগা বিয়া কইচ্ছে,কয়দিন পর সুদান থাকি আওয়া বেটায় বিয়া করইন
"মোবাইল ছাড়া বাথরুমে গেলে, মনে হয় জরুরি ফাইল ছাড়া অফিসে বসে আছি","মোবাইল থুইয়া বাথরুমে গ্যালে, মনে হয় জরুলি কাগজ থুইয়া অপিসে বইইয়া আছি",মুবাইল চারা বাতরুম অত যাইলে মনো অই যরুরি ফাইল চারা আফিস অত আইস্যি,"মুবাইল ছাড়া লেট্রিনে গেলে, লাগে যে জরুরি ফাইল ছাড়া অফিসে বয়া আসি",ফোন হালাই লেপটিনে গেলে মনে অয় লাজেন জরুরী ফাইল হালাই অফিসে বসি রইছি,"মোবাইল ছাড়া বাথরুমে গেলেগি, মনে অয় দরখারি ফাইল ছাড়া অফিসো বই রইছি"
যাদের গালি দেওয়া হয়ে গেছে তারা দয়া করে লাইন থেকে সরে যান,যাগো খামার দেওয়া হইছে হ্যারা দয়া কইরা লাইন দিয়া সৈররা যান,যারারে গাইল দেয়া অই গেইয়্যুয় তারা দয়া গরি লাইন অত্তুন সরি যন,যারার গালি দেওয়ন হয়া গেসে তারা দয়া কইরা লাইনেরতন সইরা যান,যতাগো গালি দেয়ন ওই গেছে হেতারা দয়াকরি লাইনতুন সড়িদাড়ান,যারার গালি দেওয়া অই গেছে তারা দয়া করি লাইন থাকি হরি যাইন
পেছনে এখনো অনেক মানুষ লাইনে দাঁড়িয়ে আছে,পাছে এহনও বেমালা মানু লাইনে খারাইয়া আছে,ফিচনে আইযো বিউত মানুষ লাইন অত তিয়ায় তাইক্কে,পিছনে এহনো অনেক মানুষ লাইনে খারায়া আসে,হিছনে অনো মেলা  মানুষ লাইনে খাড়াই রইছে,পিছেদি এখনো বাক্কা মানুষ লাইনো উবানিত
তাদেরকে গালি দেওয়ার সুযোগ করে দিন,হ্যাগো খামার দেওয়ার সুযোগ কইরা দ্যান,তারারে গালি দিবর সুযোগ গরি দন,হেরারে গালি দেওনের সুযোগ কইরা দেন,হেতাগোরে  গালি দেওনের লাই সুযোগ করি দেন,তারারে গালি দেওয়ার সুযোগ খরি দেইন
খুব বেশি কিছু বলবো না  কারন আবেগে চোখে পানি চলে আসছে,বেমালা কিছু কমু না কারণ আবেগে চোখে পানি চইল্যা আইছে,বর বেশি কিচু ন হইয়্যুম হারন আবেগে চোক অত ফানি আ গেইয়্যুয়,খুব বেশি কিসু কইতাম না কারন আবেগে চোখে পানি চইলা আইসে,বেশি কিছু কইত্তান না কারন আবেগছ চোখের হানি চলি আইছে,বেশি কুনতা খইতাম নায় কারণ আবেগে চকুত পানি আইচ্চে
তুমি বলছো যে থাকার সে এমনিই থেকে যাবে,তুমি কইছো যে থাহার হ্যায় এমনিতেই থাকবে,তুঁই হদ্দে নে যে তাইবার ইতে এনেই তাকিবো,তুমি কইসো যেয় থাকার হেয় এমনেই থাকব,তুউই কইছো যেতে থাইকবার হেতে এননেই থাকি যাইবো,তুমি কইরায় যে থাকার হে এমনেউ থাকি যাইবো
প্রথমে আপনাকে একটি দোকানে যেতে হবে,পোরথমে আমনেরে এউক্কা দোকানে যাইতে হইবে,ফাস্টে অনত্তুন এক্কান দোয়ান অত যা ফরিবো,প্রথমে আফনারে একটা দোকানে যাইতে হইব,আগেদি আন্নেরে এককান দোয়ানে যাইতে অইবো, পয়লা আফনারে এখটা দুকানো যাওয়া লাগবো
নিজের পছন্দের বিয়েতে বাবা মাকে রাজি করানো হলো,নিজের পছন্দের বিয়ায় বাপ মায়রে রাজি করাইন্না হইছে,নিযর ফচন্দর বিয়াত বাপ মারে রায গরানো অয়্যে,নিজের পছন্দের বিয়াতে বাপ মা রে রাজি করান হইল,নিজের হছন্দের বিয়াত বাফ মারে রাজি করানি অইছে,নিজর পছন্দর বিয়াত বাফ মারে রাজি করানি অইলো
মেয়েটি লাল শাড়ি পড়ে দাড়িয়ে  আছে,মাইয়ডা লাল শাড়ি পইররা খারাইয়া আছে,মাইফোয়া ইবা লাল শারি ফিন্দি তিয়ায় তাইক্কে,ছেড়িডা লাল শাড়ী পইরা খারায়া আসে,মাইয়াগা লাল শাড়ি হরি খাড়াই রইছে, ফুড়িটায় লাল শাড়ি পিন্দিয়া উবানিত
বউয়ের জন্য আর বন্ধুদের মাঝে মুখ দেখানোর উপায় নাই,বউয়ের লইজ্ঞা আর দোস্তোগো মাঝে মুখ দ্যাহাইন্নার উপায় নাই,বউওর লাই বলি বন্দুওক্কলর মাযে আর মুক দেহাইবর উফায় নাই,বইয়ের লাইজ্ঞা আর বন্ধুগর মাঝখানে মুখ দেহানুর উপায় নাই,বউগার লাই বন্দুগোর কাছে আর মুখ দেখাইবার উফায় নাই,বউর লাগি বন্ধুরার সামনে মুখ দেখানির আর উপায় নাই
আমাকে সবার সামনে মারতে মারতে বাসায় নিয়ে আসে,মোরে বেবাকের সামনে মারতে মারতে বাসায় লইয়া আহে,আঁরে বেজ্ঞুনর সাম্মে মারি মারি বারিত লই আইস্যে,আমারে বেকগের সামনে মারতে মারতে বাসায় নিয়া আইসে,আরে বেকের সামনে মাইত্তে মাইত্তে বাসাত লই আইনছে,আমারে সবর সামনে মারতে মারতে বাসাত লইয়া আয়।
আমি জানি এখানে অনেক  মেয়ে কমেন্ট পড়তে আসবে,মুই জানি এইহানে বেমালা মাইয়া কমেন্ট পড়তে আইবে,আঁই যানি এডে বউত মাইফোয়া কমেন্ট ফরিবার লাই আইবো,আমি জানি এইহানে অনেক ছেড়ি কমেন্ট পড়তে আইব,আই জানি ইয়ানে অনেক মাইয়া অগল কমেন্ট হইডতে আইবো,মুই জানি ইকানো অনেক ফুড়িন কমেন্ট ফরার লাগি আইবা
মাঝে মাঝে মনে হয় ঘরবাড়ী সব মশার নামে লিখে দিয়ে আমি জঙ্গলে চলে যাই,মাঝে মইধ্যে মনে কয় বাসাবাড়ি সব মাশার নামে লেইখ্যা দিয়া মুই জঙ্গলে চইল্যা যাই,মাযে মাযে মনো অই বারি গর বেজ্ঞিন মশার নামঅত লেহি দি যঁঅল অত যাইগই,মাঝে মাঝে লাগে ঘরবাড়ী বেক মশার নামে লেইখখা দিয়া আমি জংগলে চইল্লা যাইগা,মাঝে মাঝে মনে অয় ঘরবাড়ি বেক মশার নামি দি হালাই আই জঙ্গলে চলি যাই,মাঝে মাঝে মনে অয় ঘরবাড়ি সব মশার নামে লেকিয়া দিয়া মুই জঙ্গলো যাই গিয়া
"তোমার হয়ে আছি আমি, তোমার হয়ে থাকবো","তোমার হইয়া আছি মুই, তোমার হইয়াই থাকমু",তোঁয়ার অই আচি আঁই তোঁয়ার অই তাইক্কম,"তোমার হয়া আসি আমি, তোমার হয়াই থাকবাম",তোউর অই আছি আই তোউর অই থাকুম,"মুই তুমার অইয়া আছি, তুমার অইয়া থাকমু"
সারা জীবন তোমায় আমি ভালবেসে যাবো,সারা জীবন তোমারে মুই ভালোবাইসা যামু,আযিবন তোঁয়ারে আঁই বালবাসি যাইয়্যুম,সারাজীবন তোমায় আমি ভালোবাইসা যামু,হারা জীবন আই তোয়ারে ভালোবাসি যামু,সারাজীবন তুমারে মুই ভালোবাসিয়া যাইমু
"পাশে থেকো সারা জীবন ,দূরে যেয়ো না","পাশে থাইকো সারা জীবন, দূরে যাইয়ো না",ফাশে তাইক্কো সারাযিবন দুরে ন যাইয়্যু,"পাশে থাইক্কো সারাজীবন, দূরে যাইয়ো না",পাশে থাকিও সারাজীবন দূরে যাইয়ো না,"লগে থাকিও সাড়া জীবন, দূরই যাইয়ো না"
তোমায় ছাড়া একটুও আমার ভালো লাগে না,তোমারে ছাড়া এক্কালেই মোর ভালো লাগে না,তোঁয়ারে চারা আঁর এক্কানাও গম ন লাগে,তোমারে ছাড়া একটুও আমার ভালালাগেনা,তোয়রে ছাড়া আর এক্কানাও ভালা লাগে না,তুমারে ছাড়া আমার একটুও ভালা লাগে না
"কাউকে আবেগের ভালোবাসা দিওনা, মনের ভালোবাসা দিও","কাউরে আবেগের ভালোবাসা দিও না, মনের ভালোবাসা দিও",হনিকারে আবেগের বালবাসা ন দিও মনোর বালবাসা দিও,"কাউরে আবেগের ভালোবাসা দিওনা, মনের ভালোবাসা দিও।",কুনুগারে আবেগের ভালোবাসা দিচ্ছা মনের ভালোবাসা দিচ,"খেউরে আবেগর ভালোবাসা দিও না, মনর ভালোবাসা দিও"
কারন আবেগের ভালোবাসা একদিন বিবেকের কাছে হেরে যাবে,কারন আবেগের ভালোবাসা এউক্কা দিনের বিবেকের ধারে ঠইজ্ঞা যাইবে,হারন আবেগর বালবাসা একদিন বিবেকর হাচে আরি যাইবই,কারন আবেগের ভালোবাসা একদিন বিবেকের কাসে হাইরা যাইব,কিল্লাই আবেগের ভালোবাসা একদিন বিবেকের  কাছে হারি যাইবো,কারন আবেগর ভালোবাসা একদিন বিবেকর কাছে হারি যাইবো
কি করে বুঝাবো তারে আমি কতটা ভালবাসি?,কি কইরা বুঝামু হ্যারে মুই কতডা ভালোবাসি?,কেন গরি বুজাই তারে আঁই হত বালবাসি,কিতা কইরা বুঝামু তারে আমি কতডা ভালোবাসি?,কেন্নে বুঝাইতাম হেতেরে আই কতটা ভালোবাসি,কিলা বুঝাইতাম তারে মুই কতখান ভালাপাই?
অনেক দিন পর তোমাকে দেখলাম,ম্যালাদিন পর তোমারে দেখলাম,বউতদিন ফর তোঁয়ারে দেইলাম,অনেকদিন বাদে তোমারে দেখলাম,মেলা দিন হর তোমার দেয়া হাইলাম,বাক্কাদিন বাদে তুমারে দেখলাম
তোমাকে দেখে থমকে দারিয়ে ছিলাম,তোমারে দেইখ্যা থমকে খারাইয়া আল্লাহম,তোঁয়ারে দেহি দর অই তিয়ায় আচিলাম,তোমারে দেইখখা তাক লাইজ্ঞা খারায়া আসিলাম,তোমারে দেই থমকী খাড়াই গেছি,তুমারে দেকিয়া ভেমটালা লাগিয়া উবাই রইছলাম
আমি খুব কষ্টে নিজেকে সামলে নিলাম,মুই বেমালা কষ্টে মোরে সামলাইয়া নিছি,আঁই বড় হস্টে নিযেরে চঅঁলাই লইয়্যি,আমি মেলা কষ্টে নিজেরে সামলায়া নিলাম,আই খুব কষ্ট নিজেরে সামলাই লইছি,মুই অনেক কষ্টে নিজোরে সামলাইয়া নিছলাম
যখন তুমি আমাকে দেখে না দেখার ভান করলে তখন আমার দারুন লেগেছে,যহন তুমি মোরে দেইখ্যা না দেহার ভান করছো তহন মোর মজা লাগছে,যেত্তে তুঁই আঁরে দেহিয়েরেও না দেহার বান গইরগো এত্তে আত্তুন এন গম লাইজ্ঞে,যখন তুমি আমারে দেইখখা না দেহার ভান করসো তহন আমার দারুন লাগসে,যেত্তে তুই আরে দেখিও না দেইকবার ভান কইচ্ছোত  আর দারুন লাইগছে,যেবলা তুমি আমারে দেকিয়াও না দেখার ভান করলায় হেবলা আমার বেশ লাগছে
তোমাকে সেই অনুভুতির কথা বলে বুঝাতে পারবো না,তোমারে হেই অনুভূতির কথা কইয়া বুঝাইতে পারমু না,তোঁয়ারে অনুবুতি ইয়ান হইয়েরে বুজাইত ন ফাইরগম,তোমারে আমি সেই অনুভুতির কথা কিয়া বুঝাইতে পারতাম না,তোয়ারে হেই অনুভূতির কতা বলি বুঝাইতে হাইরতান্ন,তুমারে হউ অনুভুতির মাত কওয়া বুঝাত ফারতাম নায় 
তোমাকে খুব মনে পড়ছে দিব তোমায় লাল গোলাপ,তোমারে ম্যালা মনে পড়ছে দিমু তোমারে লাল গোলাপ,"তোঁয়ারে কুব মনোত ফরের, দিয়্যুম তোঁয়ারে লাল গোলাপ",তোমাকে মেলা মনে পরতাসে দিমু তোমারে লাল গোলাপ,তোয়ারে খুব মনে হইডতাছে তোয়ারে লাল গোলাপ দিয়ুম,"তুমারে খুব মনো পড়ের, তুমারে লাল গোলাপ দিতাম"
আমার জীবনে কেউ নেই তুমি ছাড়া,মোর জীবনে কেউ নাই তুমি ছাড়া,আঁর জিবনত হনিক্কাই নাই তুঁই চারা,আমার জীবনে কেউ নাই তুমি ছাড়া,আর জীবনে কেউ নাই তুউই ছাড়া,আমার জীবনো তুমি ছাড়া খেউ নাই
আমার জীবনে কোন স্বপ্ন নেই তুমি ছাড়া,মোর জীবনে কোনো স্বপ্ন নাই তুমি ছাড়া,আঁর জিবনত হনো সফ্ন নাই তুঁই চারা,আমার জীবনে কোন স্বপ্ন নাই তুমি ছাড়া,আর জীবনে কোন স্বপ্ন নাই তুউই ছাড়া, আমার জীবনো তুমি ছাড়া কোনো স্বপ্ন নাই
আমার দুচোখ কিছু খোজেনা তোমায় ছাড়া,মোর দুজ্ঞা চোউখ কিছু খোঁজেনা তোমারে ছাড়া,আঁর দুচোক কিচু ন তুয়াই তোয়াঁরে চারা,আমার দুই চোখ কিসু খুজেনা তোমারে ছাড়া,আর দুই চোক কিচ্ছু খোজেনা তোয়ারে ছাড়া,আমাার দুই চউক তুমারে ছাড়া আর কিচ্ছু খুঁজে না
যখন মেয়ে বুঝে তখন ছেলে বুঝেনা,যহন মাইয়া বোঝে তহন পোলা বোঝে না,যেত্তে মাইয়্যা বুযে এত্তে ফোয়া ন বুযে,যখন ছেড়ি বুঝে তখন ছেড়াবুঝেনা !,যেত্তে মাইয়া বুঝে হেত্তে হোলা বুঝে না,যেব্‌লাকু ফুড়ি বুঝে হেব্‌লাকু ফুয়ায় বুঝে না
তুমি শুধু মনে রেখো আমায় সারা বেলা,তুমি খালি মনে রাইখো মোরে হগল সময়,তুঁই শুদু মনে রাইক্কো আঁরে সারা বেলা,তুমি খালি মনে রাইখখো আমারে সারাবেলা,তুউই শুধু মনে রাখিও আরে হারা বেলা,তুমি খালি মোরে মনো রাকিও সারা বেলা
চোখের কান্না মুছে  দেব তোমায় হাসি,চোখের পানি মুইচ্ছা দিমু তোমারে হাসি,চোকর ফানি মুচি দিয়্যুম তোঁয়ারে আসি,চোক্ষের কান্দনে মুইচ্ছা দিমু তোমার হাসি,চোকের হানি মুছি দিয়ুম তোয়ার ঐ হাসি দি,চকুর কান্দা মুছাইয়া দিমু তুমারে হাসি 
তাইতো আমি বন্ধু তোমায় এতো ভালবাসি,হেইতে মুই দোস্তো তোমারে বেমালা ভালোবাসি,এতেল্লাই ত বন্দু তোঁয়ারে এত বালবাসি,তাইতো আমি বন্ধু তোমারে এত ভালবাসি,হেটার লাই তো বন্দু তোমারে এত ভালোবাসি,এরলাগি তো বন্দু তোমারে মুই অতো ভালাপাই
"কত সুন্দর তুমি,প্রেমে পড়েছি আমি","বেমালা সুন্দর তুমি, পেরেমে পড়ছি মুই","হত সুন্দর তুঁই, ফ্রেম অত ফইরগি আঁই","কত্ত সুন্দর তুমি, প্রেমে পড়সি আমি",কত সুন্দর তুমি হেমে হইড়ছি আমি,"খত সুন্দর তুমি, পেরেমো পরছি মুই"
ছেলেরা ভালোবাসার অভিনয় করতে করতে যে কখন সত্যি সত্যি ভালোবেসে ফেলে তারা তা নিজেও জানেনা,পোলারা ভালোবাসার নাটক করতে করতে যে কহন আসলেই ভালোবাইসা হালায় হ্যারা হেইয়া নিজেও জানেনা,ফোয়াওক্কল বালবাসার অবিনয় গইরতে গইরতে হত্তে যে আঁচা আঁচা বালবাসি ফেলাই ইতারা নিজেরাও হইত ন ফারে,ছেড়ারা ভালোবাসার অভিনয় করতে করতে যে কহন সত্যি সত্যি ভালোবাইসা ফালায় তারা তা নিজেও কইতে ফারেনা,হোলারা ভালোবাসার অবিনয় কইত্তে কইত্তে কন যে সত্যি কারের ভালোবাসি হালায় হেটা হিগুন নিজেও জানে না,ফুয়াইন্তে পিরিতর অভিনয় খরতে খরতে কুন সময় হাছা হাছা ভালা পাইলায় ইতা তারা নিজেও জানে না
মেয়েরা সত্যিকার ভালোবাসতে বাসতে যে কখন অভিনয় শুরু করে তারা তা নিজেও জানেনা,মাইয়ারা ভালোবাসতে বাসতে যে কহন আসলেই অভিনয় শুরু করে হ্যারা হেইয়া নিজেও জানেনা,মাইফোয়াওক্কল বালবাইসতে বাইস্তে হত্তে যে অবিনয় শুরু গরে ইতারা নিজেরাও হইত ন ফারে,ছেড়িরা সত্যিকার ভালোবাসতে বাসতে যে কহন অভিনয় শুরু কইরা দেয় হেরা তা নিজেরাও কইতে ফারেনা,মাইয়ারা সত্যিকারের ভালোবাইসতে বাইসতে কঅন যে অবিনয় শুরু করে নিজেও কইতে হারে না,ফুড়িন্তে হাছা হাছির ভালা পাইতে পাইতে কুন সময় যে অভিনয় শুরু লাগায় ইতা তারা নিজেও জানইন না
এই পৃথিবীতে প্রিয় মানুষগুলোকে ছাড়া বেঁচে থাকাটা কষ্টকর কিন্তু অসম্ভব কিছু নয়,এই পিরথিবিতে পছন্দের মানুগুলা থুইয়া বাইচ্চা থাহাডা তয় অসম্ভব কিছুই না,এই ফিতিবিত ফ্রিয় মানুষওন চারা বাচি তাহা হস্টগর কিন্তু অসম্বব নয়,এই দুনিয়াতে প্রিয় মানুষগুলোরে ছাড়া বাইচ্চা থাকাটা কষ্টকর কিন্তু অসম্ভব কিসু না,এই দুনিয়াত প্রিরিয় মানুষগুন ছাড়া বাচন কষ্টকর অইলেও  কিন্ত অসম্ভব ন,অউ দুনিয়াত ভালা লাগার মানুষরারে ছাড়া বাছিয়া থাকা কষ্টর কিন্তুক অসম্ভব কিচ্ছু নায়
কারো জন্য কারো জীবন থেমে থাকে না,কারও লইজ্ঞা কারো জীবন থাইম্মা থাহে না,হনিকার লাই হনিকার জিবন তিয়াই ন তাকে,কারো লাইজ্ঞা কারো জীবন থাইম্মা থাকে না,কারোর লাই করোর জীবন থামি থাকে না,খেউরু লাগি খেউরুর জীবন থামিয়া থাকে না
কাউকে প্রচন্ডভাবে ভালবাসার মধ্যে এক ধরনের দুর্বলতা আছে,কাউরে বেমালা ভালোবাসার মধ্যে এক রহমের দুর্বলতা আছে,হনিকারে প্রচন্ডভাবে বালবাসার মাযে এক দরনঅর দুর্বলতা আচে,কাউরে প্রচন্ডভাবে ভালবাসার মধ্যে এক জাতের দুর্বলতা আছে,কাউরে প্রচুর ভালোবাইসবার মধ্যে দুর্বলতা আছে,খেউররে খুব বেশি ভালাপাওয়ার মাঝে এখ ধরনর দুর্বলতা আছে
"ছেলে এবং মেয়ে বন্ধু হতে পারে, কিন্তু তারা অবশ্যই একে অপরের প্রেমে পড়বে","পোলা আর মাইয়া দোস্তো হইতে পারে, তয় হ্যারা ঠিকই একজন আর একজনের পেরেমে পড়বে",ফোয়া আর মাইফোয়া বন্দু অইত ফারে কিন্তু ইতারা এক সময় অবশ্যই একজন আরেকজন অর ফ্রেমঅত ফরিবো,"ছেড়া আর ছেড়ি বন্ধু হইতে ফারে, কিন্তু তারা অবশ্যই একে অপরের প্রেমে পড়বে",হোলা আর মাইয়া  বন্দু অইতো হারে কিন্ত তারা অবশ্যই হেমে হড়ে,"ফুয়া আর ফুড়ি বন্দু অইতে পারইন, কিন্তু তারা ঠিকউ এখজন আরোখ জনর পেরেমো ফরবা"
ছেলেদের জন্য পৃথিবীতে সব চাইতে মূল্যবান হল মেয়েদের হাসি,পোলাগো লইজ্ঞা পিরথিবিতে সব চাইতে দামী হইলো মাইয়াগো হাসি,ফোয়াওক্কল অর লাই ফিতিবিত বেজ্ঞুনরতুন বেরা মুল্যবান অইলদি মাইফোয়াঅক্কলর আসি,ছেড়ারার লাইজ্ঞা দুনিয়াতে সবচে দামি হইল ছেড়িরার হাসি,হোলা গোর লাই সব চাইতে প্রিয় হইলো মাইয়াগো হাসি,ফুয়াইন্তর লাগি দুনিয়াত সব চাইতে দামী অইলো ফুড়িন্তর হাসি
তোমাকে দুচোখ ভরে দেখা এখনও বাকি,তোমারে দুই চোখ ভইরা দ্যাহা এহনও বাকি,তোঁয়ারে দুইচোক বরি দেহা আইযো বাকি,তোমারে দুইচোখ ভইর দেহা এখহনো বাকি,তোমারে দু চোখে এখন ও দেখা বাকী,তুমারে  দুই চউক ভরিয়া দেখা এখনো বাকি
তোমাকে  কাছে এসে জড়িয়ে ধরা বাকি,তোমার কাছে যাইয়া জাবরাইয়া ধরা বাকি,তোঁয়ারে হাঁচে আই বেরাই দরা আইযো বাকি,তোমারে কাসে আইসা জড়ায়া ধরা বাকি,তোমারে কাছে আই জড়াই ধরন বাকি,তুমারে কান্দাত আইয়া জড়াইয়া ধরা বাকি
আমার অনেক ঠাণ্ডা লাগছে,মোর অনেক শিত লাগতেয়াছে,আঁর বউত টান্ডা লাগের,আমার মেলা ঠাণ্ডা লাগতাসে,আর মেলা ঠাণ্ডা লাগের,মোর যে ঠান্ডা লাগের
আমার মন খারাপ,মোর মন খারাপ,আঁর মন হারাফ,আমার মন খারাপ,আর মন মেলা খারাপ,মোর মন খারাফ
আপনার কি মন খারাপ ?,আমনের কি মন খারাপ?,অনর কি মন হারাফ নে,আফনের কিতা মন খারাপ?,আন্নের কি মন খারাপ নি,আফনার কিতা মন খারাফ নি?
তোমার  কি মন খারাপ ?,তোমার কি মন খারাপ?,তোঁয়ার কি মন হারাফ নে,তোমার কিতা মন খারাপ?,তোমার কি মন খারাপ নি,তুমার  কিতা মন খারাফ নি?
আব্বু আমার জন্য লাল জামা কিনে এনেছে,আব্বা মোর লইজ্ঞা লাল জামা কিন্যা আনছে,আব্বু আঁর লাই লাল হঅর কিনি আইন্নে,আব্বা আমার লাইজ্ঞা লাল জামা কিন্না আনসে,আব্বা আর লাই লাল জামা লই আছে,আব্বায় মোর লাগি লাল জামা কিনিয়া আনছইন
আমার বন্ধু আমাকে লাল শাড়ি কিনে দিয়েছে,মোর দোস্তো মোরে লাল শাড়ি কিন্যা দেছে,আঁর বন্দু আঁরে এক্কান লাল শারি কিনি দিয়্যে,আমার বন্ধু আমারে লাল শাড়ি কিন্না দিসে,আর বন্ধু আর লাই লাল শাড়ি আইনসে,মোর বন্দু মোর লাগি লাল শাড়ি কিনিয়া দিছে
আমার বন্ধু আমাকে একটি লাল গোলাপ কিনে দিয়েছে,মোর দোস্তো মোরে একডা লাল গোলাপ কিনে দেছে,আঁর বন্দু আঁরে ওজ্ঞা লাল গোলাপ কিনি দিয়্যে,আমার বন্ধু আমারে একটা লাল গোলাপ কিন্না দিসে,আর বন্ধু আর লাই লাল গোলাপ কিনি আন্সে,মোর বন্দু মোর লাগি এখটা লাল গোলাপ কিনিয়া দিছে
আমার আম্মু আমাকে নিয়ে পার্কে ঘুরতে যাবে,মোর মা মোরে লইয়া পার্কে ঘোরতে যাইবে,আঁর আম্মু আঁরে লই ফার্ক অত বেরাইতো যাইবো,আমার আম্মা আমারে নিয়া পার্কে ঘুরতে যাইব,আর আম্মা আমারে নিয়ে পার্কে ঘুরতে গেছে,মোর আম্মায় মোরে লইয়া পার্কো গুরাত যাইবা
"যে ভালবাসা যত গোপন, সেই ভালবাসা তত গভীর","যেই ভালোবাসা যতো গোপন, হেই ভালোবাসা হ্যাতো গভীর",বালবাসা যিয়ান যত গোফন অই বালাবাসা ইয়ান তত গবীর,"যে ভালবাসা যত গোপন, হেই ভালবাসা তত গভীর","যেই ভালোবাসা যত বিতরে,সেই ভালোবাসা  তত বেশি",যে পিরিত যত গুফন হউ পিরিত তত গভীর
ভালোবাসা পাওয়ার চাইতে ভালোবাসা দেওয়াতেই বেশি আনন্দ,ভালোবাসা পাওয়ার চাইয়া ভালোবাসা দেওয়াতেই বেমালা সুখ,বালবাসা ফাইবারতুন বরা বালবাসা দিয়ায় বেশি আনন্দ,ভালোবাসা পাওনের চাইতে ভালোবাসা দেওয়াতেই বেশি আনন্দ,ভালোবাসা পানের চাইতে দেয়ায় বেশি খুশি লাগে,ভালোবাসা ফাওয়ার চাইতে ভালোবাসা দেওয়াত অউ বেশি আনন্দ
"তুমি যদি কাউকে ভালোবাসো,তবে তাকে ছেড়ে দাও","তুমি যদি কাউরে ভালোবাসো,হ্যালে হ্যারে ছাইড়া দেও",তুঁই যদি হনিকারে বালবাসো তইলে ইতারে চারি দ,"তুমি যদি কাউরে ভালোবাসো,তবে তাকে ছাইড়া দেও",যোদি করে ভালা বাস তারে ছাড়ি দে,"তুমি যদি খেউরে ভালোবাসো,তাইলে তারে ছাড়ি দেও"
"যদি সে তোমার কাছে ফিরে আসে,তবে সে তোমারই ছিল","যদি হ্যায় তোমার ধারে ফিররা আহে, হ্যালে হ্যায় তোমারি আল্লেহ",যদি ইতে তোঁয়ার হাচে ফিরি আয়্যিয়ে তইলে ইতে তোঁয়ারই আচিল,"যদি হেয় তোমার কাছে ফিরা আসে,তবে হেয় তোমারই আসিল",যদি হেতে তোর কাছে চলি আইয়ে তাইলে বুঝব ভালোবাসে,"যদি হে তুমার কাছে ফিরিয়া  আয়, তে হে তুমার অউ আছিল"
"আর যদি ফিরে না আসে,তবে সে কখনই তোমার ছিল না","আর হ্যায় যদি ফিররা না আহে, হ্যালে হ্যায় কহনোই তোমার আআল্লেহ না",আর যদি ফিরি ন আইয়্যে তইলে ইতে হন অত্তে তোঁয়ার ন আচিল,"আর যদি ফিরা না আসে,তবে সে কখনই তোমার ছিল না",আর যদি না আইয়ে তাইলে হেতে আন্নের আছিলই না কোনসময়,"আর যদি ফিরিয়া না  আয় , তে হে  কুনোদিন অউ তুমার  আছিল না"
"যখন কোন পুরুষ কোন নারীকে ভালবাসে,তখন সে তার জন্য সব কিছু করতে পারে","যহন কোনো ব্যাডা কোনো বেডিরে ভালবাসে, তহন হ্যায় হ্যার লইজ্ঞা বেবাক কিছু করতে পারে",যেত্তে হনো ফুরুষ হনো নারিরে বালবাসে এত্তে ইতে ইবার লাই বেজ্ঞিন গরিত ফারে,"যখন কোন বেডা কোন বেডিরে ভালবাসে,তহন হেয় তার জন্য সব কিসুই করতে পারে",যেসময় কোনো বেডা কোনো বেডি রে ভালা বাসে হেত হেতির লাই বেগিন করতে হারে,যেসময় কুনো বেটা কুনো বেটিরে ভালাপায় হেসময় তাইর লাগি হখলতা খরতো পারে
মুখে মুখে সবসময় ভালোবাসি ভালোবাসি বলার চেয়ে আমার মনে হয় ভালোবাসার মানুষটাকে বুঝতে পারা অনেক বড় ব্যাপার,মোহে মোহে বেবাক সময় ভালোবাসি ভালবাসি কওয়ার চাইয়া মোর মনে হয় ভালোবাসার মানুডারে জানতে পারা বেমালা বড় বিষয়,মুকে মুকে এগাযা বালবাসি বালবাসি হওয়ারতুন বেরা আঁর মনো অয় বালবাসার মানুষ্যারে বুজিত ফারা আন বউত বর বেফার,মুহে মুহে বেগসময় ভালোবাসি ভালোবাসি কওয়ার চেয়ে আমার মনে হয় ভালোবাসার মানুষটারে বুঝতে পারা অনেক বড় ব্যাপার,খালি মুখ দি ভালাবাসি ভালোবাসি কনের চাইতে মনের ভিতর তুন ভালাবাসা মেলা কঠিন,মুকুত হখল সময় ভালাপাই ভালাপাই কওয়ার থাকি মোর মনো অয় ভালাপাওয়া মানুষটারে বুঝাটা অনেখ বড় ব্যাপার
ভালোবাসা মানে পরস্পরকে বুঝতে পারা,ভালোবাসা মানে নিজেগো জানতে পারে,বালবাসা মানে একজন আরেকজন অরে বুজিত ফারা,ভালোবাসা মানে একজন আরেকজনরে বুঝতে পারা,ভালাভাসি বলতে এজ্ঞা আরেজ্ঞা রে বুজন,ভালা পাওয়া মানে এখজন আরোখ জনরে বুঝতে পারা
আমি যে মানুষটিকে ভালোবাসব তাকে যদি না বুঝতে পারি তাহলে এই প্রেমের কোনো অর্থ আছে বলে মনে হয় না,মুই যে মানুডারে ভালবাসমু হ্যারে যদি না বোঝতে পারি হ্যালে হেই পেরেমের কোনো মানে আছে বইলা মনে হয় না,আঁই যে মানুষ্যারে বালবাইসসম ইতারে যদি বুজিত ন ফারি তইলে এই ফ্রেমর হনো অর্ত আচে বলি মনে ন অয়,আমি যেই মানুষটারে ভালোবাসমু তারে যদি না বুঝতে পারি তাইলে এই প্রেমের কোনো অর্থ আছে বইলা মনে হয় না,আই যে মানুষ গারে ভালবাসাম হেতে যদি না বুঝবার না পারে তাইলে এই প্রেম করবার কোনো লাভ  আছে কই মনে হয় না,মুই  যে মানুষটারে ভালাপাইমু তারে যদি বুঝতাম না পারি তাইলে অউ পিরিতর কুনো অর্থ আছে খরি মনে অয় না
নিজে অসুখী হয়ে অন্যকে ভালোবেসে সুখী করা যায়না,নিজে অসুখী হইয়া অন্যরে ভালোবাইসা সুখী করা যায়না,নিজে অসুকি অয় অন্যরে বালবাসি সুকি গরা ন যায়,নিজে অসুখী হইয়া অন্যরে ভালোবাইসা সুখী করান যায়না,নিজে অশুকি থাই আরেজ্ঞারে ভালা ভাশন যায় না,নিজে অসুখী অইয়া অইন্যরে ভালোবাসিয়া সুখী খরা যায়না
কেউ আপনার জীবনে সুখ এনে দেবে ভেবে কারো সাথে প্রেমে জড়াবেন না,কেউ আমনের জীবনে সুখ আইনা দেবে ভাইবা কারো লগে পেরেমে জরাইবেন না,হনিকাই অনর জিবন অত সুক আনি দিবো বাবি হনিকার লই ফ্রেমত ন জরাইবান,কেউ আফনের জীবনে সুখ আইন্না দিব ভাইব্বা কারো সাথে প্রেমে জড়াইয়েন না,কনুগা আন্নের জীবনে সুখ আনি দিবো এইডা ভাবি কারো লগে প্রেম এ জরাইয়েন না,খেউ আফনার জীবনো সুখ আনিয়া দিবো ভাবিয়া কারো লগে পেরেমো জড়াইবা না
আপনি কারো জীবনে সুখ এনে দেবেন ভেবে প্রেম করুন,আমনে কারো জীবনে সুখ আইনা দেবেন ভাইবা পেরেম করেন,অনে হনিজার জিবন অত সুক আনি দিবান বাবি ফ্রেম গরন,আফনে কারো জীবনে সুখ আইন্না দিবেন ভাইব্বা প্রেম করেন,আননে কারো জীবনে ভালোবাসা আনি দিবেন এই চিন্তা করে পীড়িত করেন,আফনে কারুর জীবনো সুখ আনিয়া দিবা ভাবিয়া পেরেম করইন
"সত্যিকারের ভালোবাসা শুধু ভালোবাসার মানুষটিকে সুখী করতে চায়, তার থেকে কোনো প্রতিদান আশা করে না","সত্য ভালোবাসা খালি ভালোবাসার মানুডারে সুখী করতে চায়, হ্যার থাইকা কোনো কিছু আশা করে না",সত্যিকারওর বালবাসা শুদু বালবাসার মানুষ্যারে সুকি গইরতো চায় তাত্তুন হনো ফ্রতিফান আশা ন গরে,"সত্যিকারের ভালোবাসা খালি ভালোবাসার মানুষটারে সুখী করতে চায়, হের থাইক্কা কোনো প্রতিদান আশা করে না",সত্যিকারের ভালোবাসা শুধু ভালোবাসার মানুষরে সুখি কইরতো চায় তার থেকে কোন কিছু পতিদান চায় না,"সত্তিকারর ভালোবাসা খালি ভালাপাওয়া মানুষটারে সুখী করতো চায়, তার থাকি কুনো প্রতিদান আশা করে না"
ভালবাসা মানে কাউকে জয় করা নয় বরং নিজেই কারো জন্য হেরে যাওয়া,ভালোবাসা মানে কাউরে জেতা না উলডা নিজেই কারো লইজ্ঞা ঠইগা যাওয়া,বালবাসা মানি হনিকারে জয় গরা নয় বরং নিজেই হনিকার লাই আরি জন,ভালবাসা মানে কাউরে জয় করা না বরং নিজেই কারো লাইজ্ঞা হাইরা যাওয়া,ভালোবাসা মানে কারো পাইজান নো বলতে পারো নিজেই কারো জন্যে হেরে যাওয়া,পিরিতর  মানে খেউরে জিতি লাওয়া নায় বরঞ্চ নিজেউ কারো লাগি হারি যাওয়া
আপনি কখনই পারবেন না অন্য কারও ভালোবাসাকে ছিনিয়ে নিতে কিংবা জোর করে অন্যের ভালো লাগার মানুষ হতে,আমনে কহনোই পারবেন না অন্য কারোর ভালোবাসারে ছিনাইয়া লইতে বা জোর কইরা আর একজনের ভালো লাগার মানু হইতে,অনে হনোঅত্তে ন ফারিবান অন্য হনিকার বালবাসারে চিনায় লইত কিনবা জোর গরি অন্যর বাল লাগার মানুষ অইত,আফনে কহনোই ফারবেন না অন্য কারও ভালোবাসারে ছিনায়া নিতে কিংবা জোর কইরা অন্যের ভালো লাগার মানুষ হইতে,আন্ন কোনোদিন হার্তেন নো কারো ভালোবাসা লই যাইতে কিংবা অন্যের ভালা লাগার মানুষ হইতে,আফনে কুনোদিন অউ ফারতা না  অইন্য কারোর ভালোবাসারে ছিনাইয়া নিতা বা জুর খরি অইন্যর ভালা লাগার মানুষ অইতা
চোখের সামনে যাদেরকে দেখছেন তাদেরকে আগামিকাল সকালবেলা আর দেখতে পাবেন কিনা তার কোনও নিশ্চয়তা নেই,চোখের সামনে যাগো দেখছেন হ্যাগো কাইলগো বেইননাকালে আর দ্যাখতে পাইবেন নিহি হ্যার কোনো ঠিক নাই,চোকর চাম্মে যারারে দেহন তারারে আগামি হালিয়া দেহিবান কিনা তারও হনো নিচ্চয়তা নেই,চোক্ষের সামনে যারারে দেখছেন তারারে কালকে সকালে আর দেখতে ফাইবেন কিনা তার কোনও নিশ্চয়তা নাই,চোখের সামনে যাদেরকে দেখসেন তাদেরকে কাইলগা যে দেখবেন হেডার কোনো নিচয়টা নাইয়েরর,চউকর সামনে যারারে দেখিয়ার তারারে আগামী কালকে সখালে আর দেখতাম পারমু কিনা এর কুনো নিশ্চয়তা নাই
ভালো লাগে তোমার ওই কাজল কালো চোখ,ভালো লাগে তোমার হেই কাজল কালো চোউখ,গম লাগে তোঁয়ার অই হাজল হালো চোক,ভালা লাগে তোমার ওই কাজল কালা চোখ,ভালা লাগে তোর ওই কাজল কালা চোক,ভালা লাগে তুমার অউ কাজলর লাখান কালা চউক
তোমার মনের কথা আজ আমাকে খুলে বলো,তোমার মনের কথা আইজ মোরে খুইল্লা কও,তোঁয়ার মনোর হতা আযিয়া আঁরে কুল হ,তোমার মনের কথা আইজ আমারে খুইল্লা কও,তোর মনের কথা আজ আমাকে খুলে বল,তুমার মনর কথা আইজ মোরে খুলিয়া কউ
"আমার হাতটা ধরে সামনের পথে এগিয়ে চলো , পেছন ফিরে আর আমরা দেখবো না","মোর হাতটা ধইরা সামনের দিক আউজ্ঞাইয়া লও, পিছে ঘুইররা আর মোরা দেখমু না","আঁর আত্তান দরি সাম্ম্র ফতঅত আগায় চলো, ফিচন ফিরি আর আঁরা ন চাইয়্যুম","আমার হাতটা ধরে সামনের পথে এগিয়ে চলো , পেছন ফিরে আর আমরা দেখবো না","আমার হাত ধরে চলার শুরু কর,পিছনে ফিরণ লাগবো না","মোর হাত খান ধরিয়া সামনে আওগাইয়া যাও, আমরা আর পিছেদি ফিরিয়া দেখতাম নায়"
গোলাপ ফুল দিবো আমি তোমার হাতে,গোলাপ ফুল দিমু মুই তোমার হাতে,গোলাপ ফুল দিয়্যুম আঁই তোয়াঁর আতত,গোলাপ ফুল দিয়াম আমি তোমার হাতে,গোলাপ ফুল দিয়ুম আই তোমার হাতে,গোলাপ ফুল দিমু আমি তুমার হাতো
এই মন আজ তোমায় দিলাম,এই মন আইজ তোমারে দিলাম,এই মন আজিয়া আঁই তোয়াঁরে দিলাম,এই মন আইজ তোমারে দিলাম,এই মন দা তোরে দি দিলাম,অউ মন আজকে তুমারে দিলাম
তোমার ওই মন আমি নিয়ে নিলাম,তোমার হেই মোন মুই নিয়া নিলাম,তোঁয়ার অই মন আঁই লই লইলাম,তোমার হেই মন আমি নিয়া নিলাম,তোর এই মন আমি নিয়ে নিলাম,তুমার অউ মন মুই নিলাম
হাজার কথার মাঝে একটা মনের কথা লুকিয়ে থাকে,হাজার কথার মইধ্যে এউক্কা মনের কথা পলাইয়া থাহে,আযার হতার মাযে এক্কান মন অর হতা লুকায় তাকে,হাজার কথার মাঝে একটা মনের কথা লুকায়া থাকে,হাজার কথার মাঝে এককান মনে কথা লুকাই আছে,হাজার মাতর মাঝে এখটা মাত লুকাইল থাকে
সব কথা মুখে বলে দেওয়া যায়না,বেবাক কথা মোহে কইয়া দেওয়া যায়না,বেজ্ঞিন হতা মুকে হওয়া ন যাই,সব কথা মুহে কয়া দেওয়া যায়না,বেগীন মুখে কোন যায় না,সব মাত মুক দি কওয়া যায় না
হাজার কথার মাঝে ওই একটা কথা বুঝে নিতে হয়,হাজার কথার মইধ্যে হেই এউক্কা কথা বুইঝ্যা লইতে হয়,আযার হতার মাযে অই এক্কান হতা বুযি ল ফরে,হাজার কথার মাঝে ওই একটা কথা বুইজ্ঝা লইতে হয়,হাজার কথার মাঝে ওই এক্কান কথা বুঝি নেন লাগে,হাজার মাতর মাঝে হউ এখটা মাত বুঝিয়া নেওয়া লাগে
যতদিন বেঁছে থাকি তোমায় মনে রাখবো,যতদিন বাইচ্চা থাহি তোমারে মনে রাখমু,যতদিন বাচি তাইক্কম তোঁয়ারে মনত রাইক্কম,যতদিন বাইচ্চা থাকি তোমারে মনে রাখবাম,যতদিন বাচি আছি ততদিন তোর কথা রাখুম,যতদিন বাছিয়া থাখমু তুমারে মনো রাখমু
"যত কষ্ট হোক সব মেনে নেবো,তবুও চিরদিন তোমাকেই ভালোবাসবো","যত কষ্ট হোউক বেবাক মাইনা নিমু, হেইরপরেও হারাজীবন তোমারেই ভালোবাসমু",যত হস্ট ওক মানি লইয়্যুম তারফরও আযিবন তোঁয়ারেই বালবাইসসম,"যত কষ্ট হোক বেগতা মাইন্না নিয়াম,তাও চিরদিন তোমারেই ভালাবাসবাম",যত কষ্ট অক সব মানি লমু হিয়ার হরেও তোমারেই ভালোবাসুম,"যতউ কষ্ট অউক সব মানিয়া নিমু,তবুও আজীবন তুমারেও ভালোবাসমু"
"দেখো ,কি সুন্দর মিষ্টি চাঁদের মিষ্টি আলো","দ্যাহো, কত সুন্দর মিষ্টি চাঁন্দের মিষ্টি আলো","চ, কি সুন্দর মিস্টি চাঁদর মিস্টি আলো","দেহো ,কত্ত সুন্দর মিষ্টি চাঁন্দের মিষ্টি আলো",দেখো কি সুন্দর মিষ্টি চান্দের মিষ্টি হাসি,দেখো ছাইন খতো সুন্দর মিষ্টি চান্দর আলো
"ফুলে ফুলে সাজিয়ে রেখেছি আমার এই মন, তুমি আসলে দুজন মিলে সাজাবো জীবন","ফুলে ফুলে সাজাইয়া রাখছি মোর এই মোন, তুমি আইলে দুইজন মিল্লা সাজামু জীবন",ফুলে ফুলে সাযাই রাইক্কি আঁর এ মন তুঁতুঁই আইলে দুইযন মিলি সাজাইয়্যুম এ জিবন,"ফুলে ফুলে সাজায়া রাখছি আমার এই মন, তুমি আসলে দুইজন মিল্লা সাজায়াম জীবন",হুলে হুলে সাজাই রাইখছি আর এ মন তুমি আইলে দুইজন মিলি সাজাইয়ুম জীবন,"ফুল দিয়া সাজাইয়া রাখছি আমার অউ মন, তুমি আইলে দুইজন মিলিয়া সাজাইমু জীবন"
পড়াশোনা করে  কি হবে যদি তোমাকেই  না পাওয়া যায়,পড়াল্যাহা কইররা কি হইবে যদি তোমারেই না পাই,ফরাশোনা গরি কি অইব্যদি তোঁয়ারেই ফা ন যাই,পড়াশোনা কইরা কিতা হইব যদি তোমারেই না পাওয়ন যায়,হরাশোনা করি কি অইব যদি তোয়ারে না পাওয়া যায়,পড়াশোনা খরিয়া কিতা অইতো যদি তুমারে না পাওয়া যায়
মেয়েদের পোস্ট হচ্ছে মাছের বাজার সবাই এসে ভিড় জমায়,"মাইয়াগো পোস্ট হইতেয়াছে মাছের বাজার , হগলডি আইয়া ভীর করে","মাইফোয়া অক্কলর ফোস্ট অইলদি মাচর বাযারর নান, বেজ্ঞুন আই বির যমায়",ছেড়িরার পোস্ট হইতাসে মাছের বাজার বেজ্ঞে আইয়া ভিড় জমায়,মাইয়াগো পোস্ট অইতাছে মাছের বাজার বেকে আই ভিড় জমায়,ফুড়িন্তর পোস্ট অইলো মাছোর বাজার সব আইয়া ভিড় জমাইন
ছেলেদের পোস্ট হচ্ছে সোনার দোকান তাই খুব কম লোকই এখানে আসে,পোলাগো পোস্ট হইতেয়াছে সোনার দোকান হেইহার লইজ্ঞা কম লোকই এহানে আহে,"ফোয়া অক্কলর ফোস্ট অইলদি সোমার দোয়ান ওর নান,বর হম মানুষই আইয়্যে",ছেড়ারার পোস্ট হইতাসে সোনার দোকান তাই খুব কম মানুষই এহানে আহে,হোলাগো পোস্ট অইছে সোনার দোয়ান হেটার লাই কম লোক  ইয়ানে আইয়ে,ফুয়াইন্তর পোস্ট অইলো সোনার দুকান এর লাগি খুব কম মাইনষে অনো আইন
"প্রতিদিন ঘুমিয়ে পড়ার আগে ভাবি যাই হোক, বিয়ে করার আরেকটা দিন এগিয়েছে",পেরতেক দিন ঘুমাইয়া পড়ার আগে ভাবি যাই হউক বিয়া করার আর এউক্কা দিন আগাই আইছে,"ফত্তিন গুম যাইবর আগে চিন্তা গরি, যাইওক বিয়া গরিবার আরেক্কান দিন আগাইয়্যে","প্রতিদিন ঘুমায়া পড়ার আগে ভাবি যাই হোক, বিয়া করার আরেকটা দিন আগাইয়া গেসে",ইইত্তিদিন ঘুমাইবার আগে মনে মনে ভাবি যাই হোক বিয়া কইরবার আরুগ্গা দিন  আগাই আইছে,ফত্তেকদিন ঘুমাই যাওয়ার আগে ভাবি যাই অউক বিয়া খরার আরোখটা দিন আওগাইছে
"বিয়েতে ছেলে পক্ষ দাবি করেছিল দুটি সোনার জিনিস চাই, মেয়ে পক্ষ তাতেই রাজি হয়ে গেল","বিয়াতে পোলাগো পক্ষ দাবি করছেলে দুজ্ঞা সোনার জিনিস চাই , মাইয়া পক্ষ হেইয়াতেই রাজি হইয়া গ্যালো","বিয়াত মাযে ফোয়ার ফক্কত্তুন দাবি গইরগে দুইয়্যান সোনার জিনিস চাই, মাইফোয়া ফক্ক ইয়ানতই রাজি অ গেয়্যুই","বিয়াতে ছেড়া পক্ষ দাবি করছিল দুইটা সোনার জিনিস চাই, ছেড়ি পক্ষ তাতেই রাজি হইয়া গেল",বিয়াত হোলাহক্ক দাবি কইচ্ছে দুগা স্বর্নের জিনিস মাইয় হক্ক রাজি অই গেছে,"বিয়াত দামান পক্ষ দাবি করছিলা দুইটা সুনার জিনিস চাইন তারা , কইন্যা পক্ষ তাতেউ রাজি অই গেলা"
বর্তমানে প্রেম হীন মানুষ খুঁজে পাওয়াটা কষ্টকর,এই সময়ে পেরেম ছাড়া মানু খুঁইজ্জা পাওয়াটা অসম্ভব,বর্তমান অত ফ্রেমহীন মানুষ তোয়াই ফঅন হস্টগর,বর্তমানে প্রেম হীন মানুষ খুঁইজ্জা পাওয়াডা কষ্টকর,এ সময়ে প্রেমহীন মানুষ খুজি হাওআ কইষ্ট কর,এখনকু পেরেম ছাড়া মানুষ খুজিয়া পাওয়া মুশকিল
মিষ্টি হেসে কথা বলে পাগল করে দিলে,মিষ্টি হাসি দিয়া কথা কইয়া পাগল কইরা দেলে,মিডা আসি হতা হয় ফঅল গরি দিয়্যে,মিষ্টি হাইসসা কথা কইয়া পাগল কইরা দিসে,মিষ্টি হাসি দি কতা কই হাগল করি দিলা,মিষ্টি মিষ্টি হাসিয়া মাতিয়া পাগল খরি দিলায় 
তোমায় নিয়ে হারিয়ে যাবো আকাশের নীলে,তোমারে লইয়া হারাইয়া যামু আকাশের নীলে,তোঁয়ারে লই আঁযি যায়্যুম আসসান অর নিল অত,তোমায় লইয়া হারায়া যায়াম আকাশের নীলে,তোয়ারে লই আরাই যাইয়ুম আকাশোর নিলে,তুমারে লইয়া হারাই যাইতাম আখাশর নীলো
চলোনা কিছু না মেনে ভালোবাসি,লও কিছু না মাইনা ভালোবাসি,আডো না কিচু ন মানি বালবাসি,চলোনা কিচ্ছু না মাইন্না ভালোবাসি,চলোনা কিছু না মানি ভালোবাসি,চলোনা কিচ্ছু না মানিয়া পিরিত খরি
চলো দুজনে মিলে সুখের  পৃথিবী সাজাই,লও দুইজন মিল্লা সুখের পীরথিবী সাজাই,আডো দুইযনে মিলি সুকর ফিতিবি সাযাই,চলো দুইজনে মিল্লা সুখের দুনিয়া সাজাই,চলো দুইজন মিলি সুখের পৃথিবীর সাজাই,চলো দুইজনে মিলিয়া সুখর পৃথিবী সাজাই
তোমাকে নিয়ে আমার সব কল্পনা,তোমারে লইয়া মোর হগল ভাবনা,তোঁয়ারে লই আঁর বেজ্ঞিন কল্ফনা,তোমারে নিয়া আমার সব কল্পনা,তোয়ারে লই আর সব কল্পনা,তুমারে লইয়া মোর হখল কল্পনা
তোমায় হৃদয়ে রাখবো  সারাক্ষণ,তোমারে মোনে রাখমু বেবাক সময়,তোঁয়ারে রিদয় অত রাইক্কম সারাক্ষণ,তোমারে হৃদয়ে রাখবাম সারাক্ষণ,তোয়ারে রিদয়ে রাখুম সারাজীবন,তুমারে  খইলজাত রাখমু হারা সময়
তুমি যদি চাও বৃষ্টি হবে আজ,তুমি যদি চাও বইশ্যা হইবে আইজগো,তুঁই যদি চ যর ফরিবো আযিয়া,তুমি যদি চাও বৃষ্টি হইব আইজ,তুউই যদি কই বৃষ্টি অইয়ুম আইজ,তুমি যদি চাও তে মেগ অইবো আইজ
চল দুজনে হাত ধরে হারাবো,লও দুইজন হাত ধইরা হারামু,আডো দুইজনে আত দরি আঁযি যাই,চল দুইজনে হাত ধইরা হারায়াম,চলো দুইজন মিলি আত ধরি আরাই,চল দুইজনে হাতো ধরিয়া হারাই যাই
তোমাকে ছুয়ে দিতে চাই অনুমতি,তোমারে ছুইয়া দেতে চাই অনুমতি,তোঁয়ারে চুইবর লাই চাই অনুমতি,তোমারে ছুয়া দিতে চাই অনুমতি,তোয়ারে ছুই দিবার লাই চাই অনুমুতি,তুমারে ছুয়ার লাগি চাই অনুমতি
এই ছবির প্রতিটি গান অনেক অনেক প্রিয় ছিল এবং এখনো আছে,এই ছবির বেবাক গান বেমালা পছন্দ আল্লেহ আর এহনো আছে,এই চবির বেজ্ঞিন গান আঁর ফ্রিয় আচিল এবং আইযো আচে,এই ছবির প্রত্যেকটা গান অনেক অনেক প্রিয় আসিল আর এহনো আছে,এ ছবির বেগগুন গান মেলা প্রিয় আছিলো অনো আছে,ওউ ছবির ফত্তেকটা গান বাক্কা ভালা লাগতো আর এখনো লাগে
"সত্যের ভালবাসা হারে না ,মিথ্যা ভালবাসা হেরে যায়","সত্যের ভালবাসা হারে না, মিছা ভালোবাসা ঠইগা যায়",আচা বালবাসা ন আরে মিচা বালবাসা আরি যা গই,"সত্যের ভালবাসা হারে না ,মিথ্যা ভালবাসা হাইরা যায়",সইত্য ভালোবাসা হারেনা মিথ্যাআন হারি যায়,"হাছাহাছির ভালোবাসা হারে না , মিছামিছিরটা হারি যায় "
এই সেই সোনালী যুগের সেই প্রাচীন গান যে গান শুনলে বুকটা ভরে যায়,এই হেই সোনালী যুগের হেই পুরান গান যে গান হুনলে বুকটা ভইরা যায়,এই সেই সোনালি যুগ অর সেই ফ্রাচিন গান যে গান ফুইনলে বুক্কান বরি যা গই,এই হেই সোনালী যুগের হেই প্রাচীন গান যেই গান হুনলে বুকটা ভইরা যায়,এয়ান হেই সোনালী যুগের প্রাচীন গান যে গান হুইনলে বুকআন ভরি যায়,অউ অইলো সোনালী যুগর হউ পুরানা গানটা যে গান হুনলে বুক ভরি যায়
"যতবার দেখি ততবার ভালো লাগে, মৌসুমিকে গানটাতে অসম্ভব সুন্দর লাগছে","যতবার দেহি ততোবার ভালো লাগে, মৌসুমীরে গানডায় বেমালা সুন্দর লাগতেয়াছে","যতবার দেহি ততবার গম লাগে, মৌসুমিরে গান্নানঅত অসম্বব সুন্দর লাগের","যতবার দেহি ততবার ভালা লাগে, মৌসুমিরে গানডাতে অসম্ভব সুন্দর লাগতাসে",যতবার দেই ততবার ভালা লাগে মৌসুমিরে এই গানে ভালা লাগের,"যতবার দেখি ততবার ভালা লাগে, মৌসুমীরে গান ইগুত সেই সুন্দর লাগছে"
এখনো ভালো লাগে গানটা,এহনও ভালো লাগে গানডা,আইযো গম লাগে গানইবা,এহনো ভালা লাগে গানডা,অনো ভালা লাগে গান আন,এখন পর্যন্ত ভালা লাগে গানটা
কালো আর লাল শাড়িতে মৌসুমী আপু কে অসম্ভব সুন্দরী লাগে,কালা আর লাল শাড়িতে মৌসুমী আফা রে বেমালা সুন্দর লাগে,হালা আর লাল শারিত মৌসুমি আফারে অসম্বব সুন্দরি লাগে,কালা আর লাল শাড়িতে মৌসুমী আপু রে অসম্ভব সুন্দরী লাগে,কালা আর লাল শাড়িতে মৌসুমীকে অসম্ভব সুন্দর লাগে,কালা আর লাল শাড়ীত মৌসুমী আফারে সেই সুন্দরী লাগে
মনে পড়ে যায় আমার ভালোবাসার মানুষটার কথা,মনে পইড়া যায় মোর ভালোবাসার মানুডার কথা,মনঅত ফরি যা গই আঁর বালবাসার মানুষসার হতা,মনে পইড়া যায় আমার ভালোবাসার মানুষটার কথা,মনে হড়ি যায় আর ভালোবাসার মানুষ আনের কতা,আমার ভালোবাসার মানুষটার কথা মনো পড়ি যায়
গানটা শুনলেই পুরাতন ইতিহাস মনে পড়ে,গানডা হুনলেই পুরান কথা মনে পড়ে,গানইবা ফুনিলেই ফুরান ইতিহাস মনঅত ফরে,গানডা হুনলেই পুরান ইতিহাস মনে ফড়ে,গান আন হুইনলেই পুরান ইতিহাস এর কতা মনে হড়ে,গান গুতা হুনলেউ পুরানা ইতিহাস মনো পড়ি যায়
এই ছবির  সব গানগুলো অনেক সুন্দর,এই ছবির বেবাক গানগুলা বেমালা সুন্দর,এই চবির বেজ্ঞুন গান বউত সুন্দর,এই ছবির বেগ গানগুলাই মেলা সুন্দর,এই ছবির বেক গানগুন মেলা সুন্দর,ওউ ছবির হখলটি গান খুব সুন্দর
সব সময়ে গান গুলো বেশ সুন্দর ভালো লাগে শুনতে,হগোল সময় গানগুলা বেমালা ভালো লাগে হোনতে,এগাযা গানওন বর সুন্দর ফুইন্তো গম লাগে,বেগ সময় গান গুলা বেশ সুন্দর ভালা লাগে হুনতে,বেক সময় গান গুলো হুন তে ভালা লাগে,হখল সময় অউ গান গুইন সুন্দর আর হুনতে ভালা লাগে
মৌসুমি আপুকে বলছি এরকম  একটা ছবি আমাদেরকে আবার উপরহার দিন,মৌসুমী আফারে কইছি এইরহম এউক্কা ছবি মোগো আবার উপহার দেন,মৌসুমি আফারে হয়্যি এন্ডিল্লা এক্কান চবি আঁরারে আবার উফার দঅন,মৌসুমি আপুরে কইসি এরকম একটা ছবি আমরারে আবার উপহার দেন।,মৌসুমী আপাকে বলছি এরকম একখান ছবি আমগোরে উপহার দেয়,মৌসুমী আফারে কইছি অলাখান এখটা ছবি আমরারে আবার উপহার দেইন
"মৌসুমী আসলেই খুব সুন্দরী, আমি কাছ থেকে দেখেছি","মৌসুমী আসলেই বেমালা সুন্দরী, মুই ধার দিয়া দেখছি","মৌসুমি আসলেই বর সুন্দরি, আঁই হাচ অত্তুন চাই দেইক্কি","মৌসুমী সত্যিই মেলা সুন্দরী, আমি কাছ থাইক্কা দেখছি","মৌসুমী আসলেই মেলা সুন্দরী ,আই কাছ থেকে দেখি আসছি","মৌসুুমী হাছাউ অনেখ সুন্দরী, আমি কান্দা থাকি দেখছি"
একদিন হয়তো পৃথিবীর মায়া কাটিয়ে চলে যাবো পরপারে,এককালে হয়তো এই পিরথিবির মায়া কাডাইয়া চইলা যামু পরপারে,একদিন ফিতিবার মায়া হাডাই যাইয়্যুম বই ফরফারঅত,একদিন হয়তো দুনিয়ার মায়া কাটিয়ে চইল্লা যামু পরপারে,একদিন দেইয়ের পিতিবির মায়া ছাড়ি চলি জাইয়ুম পারাপারে,এখদিন কিবা দুনিয়ার মায়া কাটাইয়া যাইমু গিয়া পরপার
"চোখ মেললেই দেখি তোমাকে, চোখ বুজলেই পাই আরো কাছে","চোখ খুললেই দেহি তোমারে, চোখ বোঝলেই পাই আরো ধারে",চোক মেলিলেই দেহি তোঁয়ারে চোক বান্দিলে ফাই আরো হাঁচে,"চোখ মেললেই দেহি তোমারে, চোখ বুজলেই ফাই আরো কাছে",চোক এইগা  মেললেই দেখি তোমারে চোক বুঝলেই পাই আরো কাছে,"চউক মেললেউ দেখি তুমারে, চউক মুজলে পাইলাই আরো কান্দাত "
আরও  বেশি ভালবাসা আমি দিতে চাই,আরো বেমালা ভালবাসা মুই দেতে চাই,আরোও বালভাসা আঁই দিতা চাই,আরও বেশি ভালবাসা আমি দিতাম চাই,আরো বেশি ভালো বাসা দিতে চাই,আরো বেশি ভালোবাসা মুই দিতাম চাই
এই  গান আমার এত প্রিয় এখনো শুনি অনেক সুন্দর একটা অনুভুতী কাজ করে,এই গান মোর বেমালা পছন্দ এহনও হুনি ম্যালা সুন্দর এউক্কা অনুভূতি কাম করে,এই গান আঁর এত ফ্রিয় আইযো ফুনি বউত সুন্দর এক্কান অনূবুতি হাজ গরে,এই গান আমার এত প্রিয় এহনো হুনি অনেক সুন্দর একটা অনুভুতী কাম করে,এই গান এত প্রিয় এখনও শুনি মেলা সুন্দর একখান অনুভুতি কাম করে,ওউ গানটা আমার অতো প্রিয় এখনো হুনি বাক্কা সুন্দর এখটা অনুভূতি কাম করে
"যৌবন আসার আগেই তাকে ভালো বেসেছিলাম, আবার যৌবন শেষ হবার পরেও তাকেই ভালো বাসবো",যৌবন আওয়ার আগেই হ্যারে ভালো বাসছিলাম আবার যৌবন ফুরাইয়া যাওয়ার পরেও হ্যারেই ভালবাসমু,যৌবন আইবর আগে তারে বলবাইসসিলাম আবার যৌবন শেষ অইবর ফরও তারেই বালবাইসসম,"যৌবন আওনের আগেই তারে ভালো বাইসা ফালাইছিলাম, আবার যৌবন শেষ হওনের ফরেও তারেই ভালো বাসমু","যৌবনে আসার আগেই তাকে বালা বাসছিলাম,আবার যৌবনে শেষ হবার পরেও তাকেই ভালো বাসবো","যৌবন আওয়ার আগেউ তারে ভালাপাইছলাম, আরখবার যৌবন হেষ অওয়ার বাদেও তারেউ ভালাপাইমু"
সাত বছর পর খুজে পেয়েছি আমার প্রিয় গানটা,সাত বছর পর খুইজা পাইছি মোর পছন্দের গানডা,সাত বচর ফর তোয়াই পায়্যি আঁর ফ্রিয় গানইবা,সাত বছর বাদে খুইজ্জা পাইসি আমার প্রিয় গানডা,সাত বছর পর খুঁজি পাইসি আমার প্রিয় গান অন,সাত বত্‌সর বাদে আমার ফছন্দর গানটা খুজিয়া ফাইলাম
জীবনে  অনেক  গান শুনি তারপরেও  কেন জানি না এই গান গুলোর মত এত ভালো লাগে না,জীবনে বেমালা গান হুনি হেরপরেও কির লইজ্ঞা জানি না এই গানগুলার নাহান এত ভালো লাগে না,জিবন অত বউত গান ফুইন্নি তারফরো কেন যানি গান এগুনর নান এত গম ন লাগে,জীবনে অনেক গান হুনি তারফরেও কিল্লেগা জানি না এই গান গুলার মত এত ভালা লাগে না,জীবনে অনেক গান হুনি তারপর ও কেন জানি না এই গুলার মত আর ভালা লাগে না,জীবনে বহুত গান হুনি এরবাদেও খেনে জানি না অউ গান গুইন্তর মতো অতো ভালা লাগে না
"যখন গানটা নতুন বের হয়েছিলো, তখন অনেক শুনেছি",যহন গানডা নতুন বাইর হইল্লে তহন বেমালা হুনছি,যেত্তে গানইবা নতুন বাইর অয়্যিল এত্তে বউত ফুইন্নি,"যখন গানডা নয়া বাইর হইসিন, তহন অনেক হুনছি",জেইসময় নতুন গান বাইর হয় তখন তুন হুনিয়ের,যেসময় গান গুতা নয়া বারইছিল হেসময় বাক্কা হুনছি
এই গানটা যে কতো বার যে শুনেছি তার কোনো হিসেব নেই,এই গানডা যে কয়বার হুনছি হ্যার কোনো হিসাব নাই,এই গানইবাযে হতবার ফুইন্নি তার ইসাব নেই,এই গানডা যে কতো বার যে হুনছি তার কোনো হিসেব নাই,এই গান অন যে কত বড় হুনছি তার কোনো হিসাব নাইয়ের,ওউ গানটা যে খতবার হুনছি তার কুনো হিসাব নাই
ছোটবেলার স্মৃতিগুলো মনে পরে যায়,গেদাকালের সৃতি মনে পইড়া যায়,গুরাহাল অর সৃতি মনোত ফরি যা গই,ছোটবেলার স্মৃতিগুলো মনে পইরা যায়,ছোটবেলার কথা মনে পড়ে যার,হুরুকালর ঘটনাগুইন মনো পড়ি যায়
মাত্র এক বছর পর গানটার বয়স এক যুগ হবে যাবে,ক্যাবল এউক্কা বছর পর গানডার বয়স এক যুগ হইবে,মাত্র এক বচর ফর গানইবার বয়স এক যুগ অয় যাইবই,মাত্র এক বছর পর গানটার বয়স এক যুগ  হয়ে যাবে,মাত্র এক বছর পর গানটার একযুগ হয় যাইবো,মাত্র এখ বছর বাদে গানগুতার বয়স এখ যুগ অই যাইবো
ভবিষ্যতে আমার ছেলে মেয়ে যখন এসব গান দেখবে তার বাবা কতটা রোমান্টিক ছিল,সামনের দিনে মোর পোলা মাইয়া যহন এইসব গান দ্যাখবে হ্যার আব্বা কতো রোমান্টিক আল্লেহ,ববিষ্যতঅত আঁর ফোয়া-মাইয়্যা যেত্তে গান এগুন দেইবো তার বাফ হতো রোমান্টিক আচিল,ভবিষ্যতে আমার ছেড়া ছেড়ি যহন এসব গান দেখব তার বাপ কতডা রোমান্টিক আসিল,ববিশোতে আর পোলা মাইয়া জোন দেখবো হেগুনের বাপ কথা টা রোমান্টিক আছিলো,পরেদি আমার হুরুতাইন যেব্‌লা অতা গান দেখবা তারার আব্বা কতখান রোমান্টিক আছিল
এই গানটা কতবার শুনিছি আমি নিজেই জানি না,এই গানডা কয়বার হুনছি মুই নিজেই জানি না,এই গানইবা হতোবার ফুইন্নি আঁই নিজেই ন যানি,এই গানটা কতবার হুনছি আমি নিজেই জানি না,এই গান টা যে কতবার হুনছি আই নিজেই জানি না,অউ গানটা খতবার হুনছি মুই নিজেউ জানি না
এভাবে চলে যাবে সময় কিন্তু থেকে যাবে এসব কিছু গান,এইরাম চলে যাবে সময় তয় থাকবে এইসব কিছু গান,এনগরি সময় যাইবই কিন্তু তাকি যাইবই এসব কিচু গান,এভাবে চইলা যাইব সময় কিন্তু থাইক্কা যাইব এসব কিসু গান,এইভাবে চলে যাইবো সময় কিন্তু থাই যাইবো কিছু গান,ওলাউ যাইবো গি সময় কিন্তু থাকি যাইবো অলান কিছু গান
তাদেরকে অনেক ধন্যবাদ যারা গান গুলো উপহার দিয়ে গেছেন,তাগো বেমালা ধন্যবাদ যারা গান গুলা উপহার দিয়া গ্যাছেন,তারারে বউত দইন্যবাদ যারা গান্নুন উফার দি গেয়্যে,হেগোরে মেলা ধন্যবাদ যারা গান গুলা উপহার দিয়া গেসেন,হিগুন রে অনেক ধন্যবাদ জেগুন গান গুন উপহার দি গেছে,তারারে অনেক দইন্যবাদ যারা অউ গান গুইন উপহার দিয়া গেছইন
রুমি ভাইয়া আবার ফিরে আসো সবার মাঝে নতুন গান নিয়ে।,রুমি ভাইয়া আবার ফিররা আহো বেবাকের মইধ্যে নতুন গান লইয়া,রুমি বাইয়্যা আবার ফিরি আয়্যু বেজ্ঞুনর মাযে নতুন গান লয়,রুমি ভাই আবার ফিরা আহো সবার মাঝে নয়া গান লইয়া,রুমি ভাইয়া আবার ফিরে আইয়ছে নতুন গান লই,রুমি ভাইয়া আরখবার ফিরিয়া আও সবর মাঝে নয়া গান লইয়া
পুরনো দিনের কথা মনে পড়ে গেল,পুরান দিনের কথা মনে পইড়া গেলো,ফুরান দিন অর হতা মনোত ফরি গেয়্যুই,পুরনা দিনের কথা মনে পইড়া গেল,পুরনো দিনের কথা মনে পরে গেলো রে,পুরানা দিনর মাত মনো পড়ি গেলো
"হারিয়ে গেছে কতকিছু,  কত আপনজন","হারাইয়া গ্যাছে বেমালা কিছু, ম্যালা কাছের মানু","আঁযি গেইয়্যুই হতকিচু, হতো আফনজনন","হারাইয়া গেছে কতকিসু, কত আপনজন",হারাই যায় কত কিছু আর কত আপনজন," হারাই গেছে গিয়া খতকিছু, খত আফনজন"
শুধু গানটি যেমন ছিলো তেমনেই রয়ে গেছে,শুধু গানডা যেমন আল্লেহো সেরম ই রইয়া গ্যাছে,শুদু গান্নুন যেন আচিল এনই রয় গেয়্যুই,শুধু গানডা যেমন অসিলো তেমনই রইয়া গেসে,হুদা গানআন যেমন আছিলো তেমনি রই গেছ,খালি গানটা যেমলা আছলি হেমলা অউ রই গেলো
এই গান গুলো নিয়ে অনেক আবেগ আছে,হেই গান গুলা লইয়া ম্যালা আবেগ আছে,এই গান্নুন লয় বউত আবেগ আচে,এই গান গুলা নিয়া মেলা আবেগ আসে,এই গান গুন লই মেলা আবেগ আছে,ওউ গান গুইন লইয়া অনেখ আবেগ আছে
এ গান টা শুনে চোখে পানি চলে আসলো,এই গানডা হুইননা চোখে পানি চইলা আইছে,এই গানইবা ফুনি চোকঅত ফানি আ গেয়্যুই,এ গানডা হুইন্না চোহে পানি চইল্লা আইলো,এ গান আন হুনি আর চোকে হানি চলি আইছে,অউ  গানটা হুনিয়া চকুত পানি আইচ্চে
এসব গান ছোটবেলা থেকে শুনে বড় হয়েছি,এইসব গান গেদাকাল গোনে হুইননা বড় হইছি,এইসব গান গুরাহাল অত্তুন ফনি ডর অয়্যি,এইতা গান ছোটবেলা থাইক্কা হুইন্না বড় হইছি,এগিন গান ছোড বেলারতুন হুনি বড় অইছি, অতা গান হুরু থাকি হুনিয়া বড় অইছি
এই গানটা শুনে মনে হল আমি বাংলাদেশ থেকে ঘুরে এলাম,এই গানডা হুইননা মনে হইলো মুই বাংলাদেশ গোনে ঘুইরা আইছি,এই গানইবা ফুনি মনো অইল আঁই বাংলাদেশ অত্তুন গুরি আইস্যি,এই গানটা হুইন্না মনে হইল আমি বাংলাদেশ থাইক্কা ঘুইরা আইলাম,এই গান আন হুনি মনে অইছে আই বাংলাদেশ এর তুন গুরি আইছি, অউ গানটা হুনিয়া মনো অইলো আমি বাংলাদেশ থাকি গুরিয়া আইলাম
এই ছবিটা দেখলে বোঝা যায় আমাদের দেশের জন্য কতো কষ্ট করেছে মুক্তিযোদ্ধা ভাইয়েরা,এই ছবিডা দেখলে বোঝা যায় মোগো দেশের লইজ্ঞা বেমালা কষ্ট করছে মুক্তিযোদ্ধা ভাইগুলা,এই চবিয়ান দেইলে বোযা যায় আঁরার দেশর লাই হতো হস্ট গইরগে মুক্তিযুদ্দা বাইওক্কল,এই ছবিডা দেখলে বুঝান যায় আমরার দেশের লাইজ্ঞা কতো কষ্ট করসে মুক্তিযোদ্ধা ভাইয়েরা,এই ছবি টা দেখলে বুঝা যায়  আমগো দেশের লাই কত কষ্ট করছে মুক্তিযুদ্ধ ভাইরা,উউ ছবিখান দেখলে বুজা যায় আমরার দেশর লাগি খতো খষ্ট করছইন মুক্তিযুদ্ধা ভাইসাবরা 
আমরা জীবনে ভুলতে পারব না,মোরা জীবনে ভুলতে পারমু না,আঁরা জিবন অত ন বুইল্লম,আমরা জীবনে ভুলতে পারতাম না,আমরা কোনো দিন ভুলতে পারতাম না,আমরা জীবনেও ভুলতাম ফারতাম নায়
যতদিন পৃথিবীর বুকে বাংলাদেশ নামটি থাকবে ততদিন পর্যন্ত এই গানটি চলতে থাকবে,যতদিন পিরথিবির বুকে বাংলাদেশ নামডা থাকবে হেইদিন পর্যন্ত এই গানডা চলতে থাকবে,যতদিন ফিতিবির বুক অত বাংলাদেশ অর নাম আন তাইবো ততদিন এই গানইবা চলাত তাইবো,যতদিন পৃথিবীর বুকে বাংলাদেশ নামডা থাকব ততদিন পর্যন্ত এই গানডা চলতে থাকব,যতদিন পৃথিবীর বুকে বাংলাদেশ নামটি থাকবে ততদিন পর্যন্ত এই গান আন চলতে থাকবো,যতদিন দুনিয়ার বুকুত বাংলাদেশ নাম অগু থাখবো ততদিন পর্যন্ত অউ গান অগু চলতো থাখবো
মুক্তিযুদ্ধের ভাইয়েরা আমাদের জন্য কত কষ্ট করেছে,মুক্তিযুদ্ধের ভাইগুলা মোগো লইজ্ঞা বেমালা কষ্ট করছে,মুক্তিযুদ্ধর বাইওক্কল আঁরার লাই হতো হস্ট গইরগে,মুক্তিযুদ্ধা ভাইয়েরা আমারার লাইজ্ঞা কত কষ্ট করছে,মুক্তিযুদ্ধের ভাইয়েরা আমদের জন্য অনেক কষ্ট করেছে, মুক্তিযুদ্ধর ভাইরা আমরার লাগি খতো খষ্ট করছইন
গানটি শুনে আমার অনেক ভালো লেগেছে,গানডা হুইননা মোর বেমালা ভালো লাগছে,গানইবা ফুনি আঁর বউত বালা লাইজ্ঞে,গানডা হুইন্না আমার অনেক ভালা লাগসে,গানটা শুনে আমার অনেক ভালা লাগছে, গানটা হুনিয়া মোর অনেখ বালা লাগছে
গানটা শুনে  চোখে পানি চলে আসলো সত্যি খুব ভালো লাগলো,গানডা শুইন্যা চোখে পানি চইল্যা আইছে হাছাইও ম্যালা ভালো লাগলো,গানইবা ফুনি চোকঅত ফানি আ গেয়্যুই সত্যি কুব গম লাইজ্ঞে,গানটা হুইন্না চোক্ষে পানি চইল্লা আইলো সত্যি খুব ভালা লাগসে,গানটা শুনে চোকের পানি পরই যায় সত্যি ভালা লাগলো,গানটা হুনিয়া চকুত পানি আইচ্চে হাছাউ বাক্কা ভালা লাগছে
ভারতীয় হয়েও যেন কোথাও আমি বাংলাদেশি অনুভব করছি,ভারতীয় হইয়াও যেন কোম্মে মুই বাংলাদেশি অনুভব করতেয়াছি,বারতিয় অইয়েরেও হডে যানি আঁই বাংলাদেশি অনুবব গরির,ভারতীয় হইয়াও যেন কোনোখানে আমি বাংলাদেশি অনুভব করতাসি,ভারতীয় হয়েও যেন কোথাও বাংলাদেশী অনুভব করি,ভারতীয় অইয়াও আমি কানো জানু বাংলাদেশি অনুভব খরিয়ার
আজকের এই দিনে বাংলাদেশকে খুব মনে পড়ে,আইজগো এই দিনে বাংলাদেশরে বেমালা মনে পরে,আযিয়ার এই দিন অত বাংলাদেশঅরে কুব মনোত ফরের,আইজকের এই দিনে বাংলাদেশরে মেলা মনে পড়তাসে,আজকের এই দিন এ বাংলাদেশ রে মেলা মনে পরে,আইজকুর অউ দিনে বাংলাদেশরে খুব মনো পড়ের
সেই ছোটবেলার কথা মনে পড়ে যায় যতবার গানটা শুনি অতীতে ফিরে যাই,হেই ল্যাদাকালের কথা মনে পইড়া যায় যতবার গানডা হুনি আগেরকালে ফিররা যাই,সেই গুরাহাল অর হতা মনোত ফরি যা গই যতবার ফুনি অতিত অত ফিরি যাই গই,হেই ছোডবেলার কথা মনে পইড়া যায় যতবার গানডা হুনি অতীতে ফিইরা যাই,সেই ছোটবেলার কথা মনে পড়ে যতবার গান এইয়ান হুনী অতীতে ফিরে যাই খালি,হুরুকালর খতা মনো পড়ি যায় যতবার গানটা হুনি অতীত জীবনো ফিরিয়া যাই
এই ছোট ছেলেটি একটি বল  দিয়ে খেলছে,এই ল্যাদা পোলাডা এউক্কা বল দিয়া খেলতেয়াছে,এই গুরা ফোয়াওয়া ওজ্ঞা বল লই কেলা হার,এই ছোড ছেড়াডা একটা বল দিয়া খেলতাসে,এই ছোট পোলাগো একটা বল লই খেলার, অউ ছুটো ফুয়া ইগু বল দিয়া খেলার
লোকটি ফোনে কথা বলছে,বেডাডা ফোনে কথা কইতেয়াছে,মানুষইবা ফোন অত হতা হর,বেডাডা ফোনে কথা কইতাসে,লোকটি ফোন কথা কইতেছে,বেটা ইগুয়ে ফোনে মাতের
বাইরে বেশ কিছু মানুষ ঘুরে বেড়াচ্ছে,বাইরের গোডা চাইরে মানু ঘুইরা বেরাইতাছে,বাআরে বেশ কিচু মানুষ গুরি বেরার,বাইরে বেশ কিছু মানুষ ঘুইরা বেড়াইতাসে,ভাইরে মেলা মানুষ গুরে বেরার্,বারে বাক্কা কয়জন মানুষ ঘুরিয়া বেড়ার
রাতে একদল লোক একসাথে বাইরে বসে থাকে,রাইতে একদল মানু একলগে বাইরে বইয়া থাহে,রাতিয়া একদল মানুষ এক্কোফোয়ারে বাইরে বই তাকে,রাতে একদল বেডা একলগে বাইরে বয়া থাকে,রাতে একদল লোক একসাথে ভাইরে বইই থায়,রাইতকু এখ গাট্টি বেটাইন এখলগে বই রয়
তুমিহীন সময়টা  নিজেদের মতো করে গুছিয়ে নেওয়ার চেষ্টা করছি,তুমি ছাড়া সময়ডা মোর নাহান কইরা গুছাইয়া লওয়ার চেষ্টা করছি,তুঁই হিন সময়্যান নিজরার মতো গরি গুচাই লইবর চেস্টা গরির,তুমিহীন সময়ডা নিজেরার মতো কইরা গুছায়া নেওয়ার চেষ্টা করতাসি,জায়গায় হিন সময় এ নিজদের মত করি গুচাই নেয়ার চেষ্টা করিয়ের,তুমি ছাড়া সময়টারে নিজরার মতো খরিয়া গুছাইয়া লউয়ার  চেষ্টা খরিয়ার
আজ তোমার কন্যাকে নিয়ে সারা বই মেলা ঘুরেছি কিন্তু কোনো আনন্দ পায়নি,আইজ তোমার মাইয়া লইয়া হারা বইমেলা ঘুরছি তয় কোনো সুখ পাই নাই,"আযিয়া তোঁয়ার মাইয়্যারে লই আরা বইমেলা গুইরগি ,কিন্তু হনো আনন্দ ন ফাই",আজ তোমার মাইয়ারে নিয়া সারা বই মেলা ঘুরসি কিন্তু কোনো আনন্দ পায়নাই,আজ তোর মাইয়া রে লই মেলা ঘুরছি কিন্তু কোনো আনন্দ পাই নো,আইজকুু তুমার ফুড়িরে লইয়া হারা বই মেলা পাখাইছি কিন্তু কুনো মজা ফাইছি না
তোমার পছন্দের বেশ কয়েকটি  বই কিনেছি,তোমার পছন্দের কতডি বই কিনছি,তোঁয়ার ফচন্দর বেশ কিচু বই কিন্নি,তোমার পসন্দের বেশ কয়েকটা বই কিনসি,তোমার পচ্ছন্দর বই কিনছি,তুমার ফচন্দর বাক্কা কয়টা বই কিনছি
সব কিছু কেমন শান্ত আর ফাঁকা লেগেছে,হগল কিছু কিরহম ঠাণ্ডা আর খালি লাগতেয়াছে,বেজ্ঞিন কেন নিযাম আর ফাকা লাহের,বেগ কিসু কেমন শান্ত আর ফাঁকা লাগতাসে,বেক কিচু কিরকম  জানি শান্ত আর ফাঁকা লাগতেসে,সবতা কিলা নিরাই আর ফাখা লাগছিল
আমি জানি আমাদের আর কোন দিন এপারে একসাথে বই পড়া হবেনা,মুই জানি মোগো আর কহনো এইপারে একলগে বই পড়া হইবে না,আঁই যানি আঁরার হনোদিন এফারে এক্কোফোয়ারে বই ফরা ন অইবো,আমি জানি আমরার আর কোন দিন এপারে একলগে বই পড়া হইতনা,আই জানি আর আমগো মধ্যে কোনো দিন ও এই পারে বই পড়া হবে না,মুই জানি আমরার আর কুনোদিন অউ পারে একলগে বই পড়া অইতো নায়
তুমি নেই এই কঠিন সত্যিটা আমি আজও বিশ্বাস করতে পারছি না,তুমি নাই এই কঠিন সত্যডা মুই আইজও বিশ্বাস করতে পারতেয়াছি না,তুঁই নেই এই কটিন সইত্যইয়ান আঁই আইযো বিশ্বাস গরিত ন ফারির,তুমি নাই এই কঠিন সত্যিডা আমি আইজও বিশ্বাস করতে পারতাসি না,তুমি যে নেই এই সত্যি এইন আই বিশ্বাস করতে পারতেছি না,তুমি নাই অউ কঠিন সত্তিটা মুই এবোধরি বিশ্বাস খরতাম ফারিয়ার না
কেনো জানি মনে হয় বেলা শেষে তুমি ঘরে ফিরবে,কির লইজ্ঞা জানি মনে হয় দিন গ্যালে তুমি বাড়ি ফেরবা,কেন যানি মনো অয়্যে বেলা শেষে তুঁই গর অত ফিরিবা,কেন জানি লাগে বেলা বাদে তুমি ঘরে ফিরবা,কেন জানি মনে ওই বেলা শেষ হই তুই ঠিক এই ঘরে আসবে,খেনে জানি মনে অয় বেলা শেষে তুমি ঘরো ফিরবায়
আমি এক সন্ধ্যায়  অফিস থেকে বাসায় ফিরে দেখবো তুমি আছো সত্যিই তুমি আছো,মুই এউক্কা সন্ধ্যায় অপিস গোনে বাড়ি ফিররা দেখমু তুমি আছো হাছাইও তুমি আছো,আঁই এক আযিন্না আফিসত্তুন বাসাত ফিরি দেইক্কম তুঁই আচো সত্যিই তুঁই আচো,আমি এক সন্ধ্যায় অফিস থাইক্কা বাসায় ফিরা দেখবাম তুমি আসো সত্যিই তুমি আসো,আই এক সন্ধার অফিস থেকে বাসায় ফিরে দেইয়ুম তুই আছো সত্যি তুই আছো,মুই এখ সইন্দাকালো অফিস থাকি বাসাত আইয়া দেখমু তুমি আছো হাছাউ তুমি আছো
তুমি তোমার কন্যাকে নিয়ে ব্যস্ত সময় পার করছ,তুমি মোর মাইয়ারে নিয়া ব্যস্ত সময় পার করতেয়াছো,তুঁই তোঁয়ার যের ফোয়ারে লই বেস্তো সময় হাডোর,তুমি তোমার মাইয়ারে নিয়া ব্যস্ত সময় পার করতাসো,তুমি তোমার মাইয়া রে লই মেলা বেস্ত দেখা যায়,তুমি তুমার ফুড়িরে লইয়া ব্যস্ত সময় পার কররায়
আমি কোনদিন চিন্তাও করিনি আমার মেয়ে তার মার আদর ভালোবাসা ছাড়া বড় হবে বাসার কাজের মানুষের কাছে,মুই কোনোদিন ভাবিও নাই মোর মাইয়া হ্যার মার আদর ভালোবাসা থুইয়া বড় হইবে বাড়ির কামের মানুর ধারে।,আঁই হনোদিনও চিন্তা ন গরি আঁর মাইয়্যা তার মার আদর বালবাসা চারা ডঅর অইব হাজর মানুষর হাচে,আমি কোনদিন চিন্তাও করি নাই আমার মাইয়া তার মায়ের আদর ভালোবাসা ছাড়া বড় হইব বাসার কামের মানুষের কাছে,আই কোন দিন চিন্তা করি হারি নো আর মাইয়াগা হেইগার মা রে ছাড়া বড় হইবো আদর ভালোবাসা ছাড়া কাজের লোকের লগে,মুই জিন্দেগিত ইকান ভাবছিও না যে আমার ফুড়ি তাইর মার আদর ভালোবাসা ছাড়া বড় অইবো বাসার কামর মানুষর টাইন
দম বন্ধ হয়ে আসে চিৎকার করে কাঁদতে ইচ্ছে করে,দম বন্ধ হইয়া আহে চিক্কর দিয়া কানতে মন চায়,নিয়াস বন্দ অই আয়্যে গুযোরি হাইন্তো মনে হয়,দম বন্ধ হইয়া আয় চিৎকার কইরা কাঁনতে ইচ্ছা করে,ধম ভন্দ হই আসতেছে চিৎকার করে কাদতে ইচ্ছা করে,দম বন অইয়া আয় চিক্কার মারিয়া কান্দার ইচ্ছা খরে
তুমি জানো সত্যিই খুব কঠিন বাবা হয়ে মায়ের দায়িত্ব পালন করা,তুমি জানো হাছাইও বেমালা কঠিন বাপ হইয়া মায়ের দায়িত্ত্ব পালন করা,তুঁই যানো সত্যিই কুব কটিন হাম বাফ অই মার দ্যিত্ত ফালন গরা,তুমি জানো সত্যিই মেলা কঠিন বাপ হইয়া মায়ের দায়িত্ব পালন করা,তুমি জানো নি সত্যিই মেলা কঠিন বাপ হই মার বরণ পোষণ নেন,তুমি জানোনি হাছাউ বাফ অইয়া মার দায়িত্ব ফালন খরা খুব কঠিন
সন্তানকে একমাত্র তার মায়ের কোলেই মানায়,গেদুরে খালি হ্যার মার কোলেই মানায়,ফোয়াওক্কলেরে একমাত্র তার মার কোলঅতই মানায়,সন্তানরে খালি হের মায়ের কোলেই মানায়,সন্তানের একমাত্র তার মায়ের কোলে মানায়,হুরুতারে এখমাত্র তারার মার কুলেউ মানায়
তোমার কন্যা আমার কোলে এসে শুধু তোমাকে খোঁজে মনে হয়,তোমার মাইয়া মোর কোলে আইয়া খালি তোমারে খোঁজে মনে হয়,তোঁয়ার মাইয়্যা আঁর কোল অত আই শুদু তোঁয়ারে তোয়াই ফঁল্লাই,তোমার মাইয়া আমার কোলে আয়া খালি তোমারে খুজে মনে হয়,তোমার মাইয়া আমার কোলে আই সুদু তোমারে খুঁজে মনে হয়,তুমার ফুড়ি মোর কুলো আইয়া খালি তুমারে খুঁজে মনে অয়
তুমি চলে যাওয়ার পর তোমার মেয়ে কেমন যেন শান্ত হয়ে গেছে,তুমি চইল্যা যাওয়ার পর তোমার মাইয়া কিরহম যানি ঠাণ্ডা হইয়া গ্যাছে,তুঁই যাইবর ফর তোঁয়ার মাইয়্যা কেন যানি আন্ত অয় গেইয়্যুয়,তুমি চইলা যাওয়ার পরে তোমার মাইয়া কেমন যেন শান্ত হইয়া গেসে,তুমি চলে যাওয়ার পর তোর মেয়ে কেমন চুপ চাপ হয়ে গেছে,তুমি যাওয়ার পর থাকি তুমার ফুড়ি কিলান জানি নিরাই অই গেছে
এটা হয়তো কেউ বুঝতে পারছে না আমি ছাড়া,এইডা হয়তো কেউ বোঝতে পারতেয়াছে না মুই বাদে,ইয়ান আঁই চারা হনিকাই ন বুযের ফঁল্লাই,এটা মনে হয় কেউ বুঝতে পারতাসেনা আমি ছাড়া,এই হয়তো কেউ বুঝে না আই ছাড়া,ইখটা হয়তো কেউ বুজতো ফারের না মুই ছাড়া
আমি যে বাবা আমি আমার কন্যার মুখের দিকে তাকিয়ে অনেক কিছু বুঝতে পারি,মুই যে বাপ মোর মাইয়ার মুখের দিকে চাইয়া বেমালা কিছু বোঝতে পারি,আঁই ত বাফ আঁই আঁর মাইয়্যার মুকর ইক্কা চায় বউত কিচু বুজিত ফারি,আমি যে বাবা আমি আমার মাইয়ার মুহের দিকে তাকাইয়া অনেক কিছু বুঝতে পারি,আই যে বাপ আমি তার কন্যার মুখে দিকে তাকাই থাই অনেক কিছু বুঝতাম পারি,"মুই তো বাফ , মুই মোর ফুড়ির মুকর দিকে চাইয়া বহুত্তা বুজতাম ফারি"
এই রকম  মানুষেরা কখনো ঠিক হয় না,এরম মানু কহনো ঠিক হয় না।,এন্ডিল্লা মানুষ হন অত্তে টিক ন মই,এই রকম মানুষরা কহনো ঠিক হয় না,এইক্কান মানুষেরা কঅনো ঠিক অয়না,ইলান মানুষ কুনোদিন ঠিক অইন না
তাদের দুজনের বিয়ে হওয়ার কথা ছিল,হ্যাগো দুজ্ঞার বিয়া হওয়ার কথা আল্লেহ,তারার দুইজন অর বিয়া অইবর হতা আচিল,তাদের দুইজনের বিয়া হওয়ার কথা আসিল,হেতাগো দুইজনের বিয়া অইবার কতা আছিলো,তারার দুইজনর বিয়া অউয়ার কথা আছিল
কিন্তু ছেলে হঠাৎ করে তরুণীকে না জানিয়ে দেশের বাইরে চলে যায়,তয় পোলাডা হঠাৎ কইরা মাইয়াডারে না কইয়া দেশের বাইরে চইল্যা যায়,কিন্তু ফোয়া অটাথ গরি মাইফোয়ারে ন জানাই বিদেশ গেয়্যুয়,কিন্তু ছেড়া হঠাৎ কইরা ছেড়িরে না জানায়া দেশের বাইরে চইলা যায়,কিন্তু ফোলা হঠাৎ করি মাইয়ারে না জানাই বাইরে চলি গেছে, কিন্তুক ফুয়া আখতা ফুড়িরে কুনতা না জানাইয়া দেশর বাইরে গেছে গি
এর মাঝে মেয়েটি  তার পরিবারের পছন্দে বিয়ে করে,হ্যার মইধ্যে মাইয়াডা হ্যার পরিবারের পছন্দে বিয়া করে,ইন অর মাযোদ্দি মাইয়্যা ইবা তার ফরিবারর ফচন্দে বিয়া গরে,এর মধ্যে ছেড়িডা তার পরিবারের পসন্দে বিয়া করে,এয়ার মইধ্যে মাইয়া পরিবারের পছন্দে বিয়া কইচ্ছে,এর মাঝে ফুড়ি ইগু তাইর পরিবারর পছন্দে বিয়া খরি লাইছে
সে মেয়েটির  সাথে যোগাযোগ করে,হ্যায় মাইয়াডার লগে যোগাযোগ করে,ইতে মাইফোয়াইবার ফোয়ারে যোগাযোগ গরে,হেয় ছেড়িডার সাথে যোগাযোগ করে,হেতে মাইয়াগার লগে যোগাযোগ কইচ্ছে,হে ফুড়ি ইগুর লগে যুগাযুগ খরে
মেয়েটি  কাউকে বিয়ে করতে রাজি হয় না,মাইয়াডা কাউরে বিয়া করতে রাজি হয় না,মাইফোইবা হনিকারে বিয়া গইরতো রাযি ন মই,ছেড়িডা কাউরে বিয়া করতে রাজি হয় না,মাইয়াগা কাউরে বিয়া কইত্তো রাজি অয় না,ফুড়ি ইগু খেউরে বিয়া করাত রাজি অয় না
ওই ছেলে কোন কিছুই শুনতে চায় না তার সাথে দেখা করতে চায়,ওই পোলা কোনো কিছুই হোনতে চায়না হ্যার লগে দেহা করতে চায়,অই ফোয়া হনো কিচু ফুইন্তো ন চায় তার ফোয়ারে দেহা গইরতো চাই,ওই ছেড়ার কোন কিছুই হুনতে চায় না হের সাথে দেহা করতে চায়,হেই হোলা কোন কিছুই হুইনতাম চায় না দেখা কইরতাম চায়,হউ ফুয়া কুনতা হুনতো চায় না তাইর লগে দেখা করতো চায়
মেয়ে মামলা চায় না কারণ সে বিবাহিত মামলার বিষয়টা জানাজানি হলে সংসার টিকবে না,মাইয়াডা মামলা চায়না কারণ হ্যায় বিয়াইত্তা মামলার বিষয়ডা জানলে সংসার টেকবে না,"মাইয়্যা মামলা ন চায় হারন ইবা বিয়াইত্যা ,মামলার বিষয়্যান জানাজানি অইলে সংসার ন টিকিবো",ছেড়ি মামলা চায় না কারণ হেয় বিবাহিত মামলার বিষয়ডা জানাজানি হলে সংসার টিকব না,মাইয়া মামলা চায় না কারন বিয়ার মামলা জানাজানি হইলে সংসার টিকতো নো,ফুড়ি মামলা চায় না কারণ তাই বিয়াতি মামলার বিষয়টা জানাজানি অইলে সংসার টিকতো নায়
আমার স্বামী বিভিন্ন মেয়ের সাথে সারা রাত জেগে কথা বলে,মোর জামাই ভিন্ন ভিন্ন মাইয়ার লগে হারা রাইত জাইগা কথা কয়,আঁর জামাই বিবিন্ন মাইফোয়ার ফোয়ারে আরা রাইত জাগি হতা হয়,আমার জামাই বিভিন্ন মাইয়ার সাথে সারা রাত জাইজ্ঞা কথা কয়,আর জামাই রাত জাগি বিভিন্ন মাইয়ার লগে কতা কয়,মোর জাামাই বাক্কা ফুড়িন্তর লগে হারা রাইত জাগিয়া মাতে
এখন কথা হলো আমি কাবিনের টাকা দিয়ে দিবো প্রতি মাসে মাসে,এহন কথা হইলো মুই কাবিনের টাহা দিয়া দিমু পেরতেক মাসে মাসে,এহন হতা অইলদি আঁই হাবিনর টিয়া দি দিয়্যুম ফতি মাসে মাসে,এখন কথা হইলো আমি কাবিনের টেহা দিয়া দিমু প্রতি মাসে মাসে,অন কতা অইল আই হত্তি মাসে কাবিনের টেয়া দি দিমু,এখন খতা অইলো মুই কাবিনর টেখা দিলাইমু ফত্তেক মাসে মাসে 
আমি সাত মাস প্রেম করে একজনকে বিয়ে করেছি,মুই সাত মাস পেরেম কইরা একজনরে বিয়া করছি,আঁই সাত মাস ফ্রেম গরি একজনঅরে বিয়া গইরগি,আমি সাত মাস প্রেম কইরা একজনরে বিয়া করসি,আই সাত মাস প্রেম করি একজনরে বিয়া কইচ্ছি,মুই সাত মাস পিরিত খরি এখজনরে বিয়া খরছি
এখন বিয়ের পর জানতে পারি আমার স্বামী আগে দুইটি বিয়ে করেছিল,এহন বিয়ার পর জানতে পারি মোর জামাই আগে দুজ্ঞা বিয়া করছেলে,আঁই বিয়ার ফর জানিত ফারি আঁর জামাইর আগে দুয়্যা বিয়া গইরগিল,এহন বিয়ার পর জানতে পারসি আমার জামাই আগে দুইডা বিয়া করসিল,অন বিয়ার হর জাইনতে হাইচ্ছি আর জামাই দুগা বিয়া কইচ্ছে, এখন বিয়ার পরে জানতাম ফারছি মোর জামাই আগে দুই বিয়া করছইন
আমি মনসিক ভাবে খুব সমস্যার মধ্যে আছি,মুই মনের দিক দিয়া বেমালা সমেস্যার মইধ্যে আছি,আঁই মানুসিক বাবে কুব সমস্যাত আচি,আমি মনসিক ভাবে খুব সমস্যার মধ্যে আসি,আই মানষিকভাবে সমস্যার মধ্যে আছি, মুুই মানসিকভাবে বাক্কা সমস্যার মাঝে আছি
আমার একটাই কথা ছেলে মানুষের কাছে কিসের প্রয়োজন থাকতে পারে,মোর এউক্কাই কথা পোলা মানুর ধারে কির দরকার থাকতে পারে,আঁর এক্কানই হতা ফোয়াওক্কলর হাচে কি অর ফ্রয়োজন তাকিত ফারে,আমার একটাই কথা ছেলে মানুষের কাসে কিসের প্রয়োজন থাকতে ফারে,আর এককান এ কতা হোলা মানুষ এর কাছে কিয়ের দরকার থাইকতাম হারে,মোর খতা এখান অউ ফুয়াইন্তর লগে কিওর দরখার থাকতো পারে। 
ক্লাসের সব মেয়েদের সাথেই মিশতাম,কেলাসের বেবাক মাইয়াগো লগেই মিশতাম,ক্লাস অর বেজ্ঞুন মাইফোয়ার লই মিশিতাম,ক্লাসের সব মাইয়াদের সাথেই মিশতাম,কেলাসের বেক মাইয়ার লগেই মিশতাম,ক্লাসর হখল ফুড়িন্তর লগেউ মিশতাম
আমি ধরে নিলাম আমার অনেক দোষ অনেক ভুল,মুই ধইরা নেলাম মোর ম্যালা দোষ ম্যালা ভুল,আঁই দরি লইলাম আঁর বউত দুষ বউত বুল,আমি ধইরা নিলাম আমার মেলা দোষ মেলা ভুল,আই ধরি লাইছি আর অনেক দোষ অনেক ভুল,মুই ধরিয়া নিলাম মোর বাক্কা দুষ বাক্কা ভুল
কিন্তু আমাদের তিন বছরের বাচ্চা তার কোথায় দোষ?,তয় মোগো তিন বছরের গেদু হ্যার কোম্মে দোষ?,কিন্তু আঁরার তিন বচরর বাইচ্চা ইতার দুষ আন হডে?,কিন্তু আমাদের তিন বছরের বাচ্চা হের কোনখানে দোষ?,কিন্তু আংগো তিন বছরের বাইচ্চা হিগার দোষ কোনাই,কিন্তু আমারার তিন বছর্‌র বাইচ্চা তার দুষ কুন জাগাত?
আমরা বলি একটু সময় নেওয়ার জন্য আর উনার স্ত্রীকে নিয়ে আসার জন্য,মোরা কই এট্টু সময় নেওয়ার লইজ্ঞা আর হ্যার বউরে লইয়া আওয়ার লইজ্ঞা,আঁরা এক্কা সময় লইতো হয়্যি আর ইবার বউওরে লয় আইত,আমরা বলি একটু সময় নেওনের লাইজ্ঞা আর উনার বউরে নিয়া আননের লাইজ্ঞা,আমরা কই এককানা সময় লইবার লাই আর হেতার বউরে লই আইনবার লাই,আমরা কইছলাম এখটু সময় লওয়ার লাগি আর তানর বউরে লইয়া আওয়ার লাগি
তোমাকে যেদিন বলেছিলাম বিয়েটা করে ফেলো,তোমারে যেদিন কইছিলাম বিয়াডা কইরা হালাও,তোঁয়ারে যেদিন বিয়া গরি ফেলাইতো হইলাম,তোমারে যেদিন কইসিলাম বিয়াডা কইরা ফালাও,তোয়ারে যেইদিন কইছিলাম বিয়াগা করি হালাইতো,তুমারে যেদিন কইছলাম বিয়াটা খরি লাও
সেদিন কথাটা বলেছিলাম শুধু তোমার ভালোর জন্য,হেদিন কথাডা কইছিলাম খালি তোমার ভালোর লইজ্ঞা,এদিন হতায়ান হইলাম তোঁয়ার বালার লাই,সেদিন কথাডা কইসিলাম খালি তোমার ভালোর লাইজ্ঞা,সেইদিন কতাগা কইছিলাম তোয়ার ভালার লাই,হেদিন খতা খান কইছলাম খালি তুমার ভালার লাগি 
কিন্তু তুমি এখন এতোই ভালো আছো যে আমি সেটা মানতে পারছি না,তয় তুমি এহন এতই ভালো আছো যে মুই হেইডা মানতে পারতেয়াছি না,কিন্তু তুঁই এহন এতোই বালা আচো ইয়ান আঁই মানি লইত ন ফারির,কিন্তু তুমি এহন এতোই ভালা আসো যে আমি হেইডা মানতে পারতাসি না,কিন্তু তুউই অন এতই ভালা আছো যে আই মাইনতাম হারিয়ের না,কিন্তু তুমি এখন অতউ ভালা আছো যেন আমি মানতাম ফারিয়ার না 
তুমি আর আমার নেই আমি এটা মানতে পারছি না,তুমি আর মোর নাই মুই এইডা মানতেই পারতেয়াছি না,তুতুঁই আর আঁর নাই ইয়ান মানি লত ন ফারির,তুমি আর আমার নাই আমি এইডা মানতে পারতাসি না,তুমি আর আর নাই এটা মাইনতাম হারিয়ের না,তুমি আর মোর নাই ইকান মানিয়া নিতাম ফাররাম না
পছন্দ করেই পরিবারের মাধ্যমে বিয়ে করে এনেছে,পছন্দ কইরাই পরিবারের মাইধ্যমে বিয়া কইররা আনছে,ফচন্দ গরিই ফরবারর মাদ্যমে বিয়া গরি আইন্নে,পসন্দ কইরাই পরিবারের মাধ্যমে বিয়া কইরা আনসে,হছন্দ করিয়ে পরিবারের মাধ্যমে বিয়া করি আইনছে,পছন্দ খরিয়াও পরিবারর মাইধ্যমে বিয়া খরি আনছে 
আমার ভালোবাসার মানুষের সাথে আমার বিয়ে হয়েছে,মোর ভালোবাসার মানুর লগে মোর বিয়া হইছে,আঁর বালবাসার মানুষঅর ফোয়ারে আঁর বিয়া অইয়্যে,আমার ভালবাসার মাইনষের সাথে আমার বিয়া হইসে,আর ভালোবাসার মানুষের লগে আর বিয়া অইছে,মোর ভালাপাওয়া মানুষর লগেউ মোর বিয়া অইছে 
তাকে ছাড়া আমি হয়তো বাচঁতে পারবো না,হ্যারে ছাড়া মুই মনে হয় বাঁচতে পারমু না,তারে চারা আএ বাচিত ন ফাইরগম ফঁল্লাই,তারে ছাড়া আমি হয়তো বাচঁতে পারতাম না,তারে ছাড়া আই হয়ত বাইচতাম হাইরতান্ন,তারে ছাড়া মুই হয়তো বাচতাম ফারতাম নায়
এখন আর মানুষের মধ্যে মায়া বিষয়টা খুব একটা নেই,এহন আর মানের মইধ্যে মায়া ব্যাপারডা হেইরহম নাই,এহন আর মানুষর মইদ্ধে মায়া হদে জিনিসসান কুব এক্কান নাই,এহন আর মাইনষের মধ্যে মায়া বিষয়ডা খুব একটা নাই,অন আর মানুষের ভিত্তে মায়া জিনিষটা নাই,এখন আর মানুষর মাঝে মায়া জিনিসটা খুব এখটা রইছে না
আমি আমার ছোট বাচ্চাকে নিয়ে বাবার বাড়িতে যাই,মুই মোর ছোডো গেদুডারে লইয়া বাপের বাড়ি যাই,আঁই আঁর গুরা ফোয়াওয়ারে লই বাফর বারিত যাইর,আমি আমার ছোডো বাচ্চারে লইয়া বাপের বাড়িত যাই,আই আর ছোট বাচ্চাগারে লই বাবার বাইত যাই,মুই মোর ছুটো বাইচ্চাগুরে লইয়া বাফর বাড়িত যাই
আপনি নিজের পরিবার নিয়ে বসুন,আমনে নিজের পরিবার লইয়া বহেন,অনে নিযর ফরিবার লই বয়্যুন,আফনে নিজের পরিবার নিয়া বসেন,আন্নে নিজের পরিবার লই বইয়েন,আফনে নিজর পরিবার লইয়া বইন 
পরিবারে ছোট খাটো ঝামেলা থাকে,পরিবারে ছোডো খাডো কাইজ্জা থাহে,ফরিবারত চোড হাডো যামিলা তাকে,পরিবারে ছোডো খাডো ঝামেলা থাকে,হরিবারে ছোড খাডো ঝামেলা থায়,পরিবারো ছুটো খাটো ঝামেলা থাখে
আমাকে একটু সাহায্য  করবেন,মোরে এউক্কা সাহাইয্য করবেন,আঁরে এক্কানা সাহায্য গরিবান,আমারে একটু সাহায্য করবাইন,আরে এক্কানা সাহায্য কইরবেন,মোরে এখটু সাহায্য খরইন
দয়া করে নাম পরিচয় গোপন রাখবেন,দয়া কইরা নাম পরিচয় গোপন রাখবেন,দয়া গরি নাম ফরিচয় গোফন রাকিবান,দয়া কইরা নাম পরিচয় গোপন রাখবাইন,দয়া করি নাম পরিচয় গোপন রাখিয়েন,দয়া খরিয়া নাম পরিচয় গুফন রাখবা 
আমি একটি কঠিন সমস্যা নিয়ে হাজির হয়েছি,মুই এউক্কা কঠিন সমস্যা লইয়া হাজির হইছি,আঁই এক্কান কটিন সমস্যা লই আযির অয়্যি,আমি একটা কঠিন সমস্যা নিয়া হাজির হইসি,আই এককান কডিন সমস্যা লই হাজির অইছি,মুই এখান কঠিন সমস্যা লইয়া হাজির হইছি 
একসময় ছেলের মেয়েটাকে ভালো লাগবে,এককালে পোলার মাইয়াডারে ভালো লাগবে,একসময় ফোয়াইবারতুন মাইফোয়া ইবারে গম লাগিতো,একসময় ছেড়ার ছেড়িডারে ভালা লাগব,একসময় হোলার মাইয়াগারে ভালো লাইগব,এখসময় ফুয়া অগুর ফুড়ি অগুরে ভালা লাগবো
তাদের চার বছরের একটি মেয়ে বাচ্চা আছে,হ্যাগো চাইর বচ্ছরের এউক্কা মাইয়া গেদু আছে,তারার চাইর বচরর ওজ্ঞা যের ফোয়া আচে,তারার চাইর বছরের একটা মাইয়া আবু আসে,হেতাগো চাইর বছরের এগগা বাচ্চা আছে,তারার চাইর বছরর এখটা বাইচ্চা ফুড়ি আছে
গত এক মাস আগে স্ত্রীর সাথে ঝগড়া করে স্বামী দেশে চলে আসে,গ্যাছে এক মাস আগে বউর লগে কাইজ্জা কইরা জামাই দেশে চইল্যা আহে,গত এম্মাস আগে বউঅর ফোয়ারে হইয্যা গরি জামাই দেশ অত আ গেইয়্যুয়,গত এক মাস আগে বউয়ের সাথে ঝগড়া কইরা জামাই দেশে চইল্লা আসে,গত এক মাস আগে জামাই বউর লগে কাইজ্জা করি দেশে চলি আইছে,গত এখ মাস আগে বউর লগে ঝগড়া লাগিয়া জামাই দেশো আইচ্চে
ছেলে মেয়ে একজন আরেকজন কে প্রচন্ড ভালোবাসে,পোলা মাইয়া একজন আরেকজনরে বেমালা ভালোবাসে,ফোয়া মাইয়্যা একজন আরেকজন অরে ফ্রচন্ড বালবাসে,ছেড়া ছেড়ি একজন আরেকজন রে প্রচন্ড ভালবাসে,হোলা মাইয়া একজন আরেকজনরে মেলা ভালোবাসে,ফুয়া ফুড়ি এখজন আরোখজনরে খুব ভালা পায়
সে বিয়ে করে সুখী হতে চায়,হ্যায় বিয়া কইরা সুখী হইতে চায়,ইতে বিয়া গরি সুকি অইত চায়,হেয় বিয়া কইরা সুখী হইতে চায়,হেতে বিয়া করি সুখি অইতো চায়,হে বিয়া খরি সুখী অইতো চায়
ছেলে ইউরোপে পড়াশোনা করে,পোলা ইউরোপে পড়াল্যাহা করে,ফোয়াইবা ইঊরোফ ফরাশোনা গইরতো চাই,ছেড়া ইউরোপে পড়াশুনা করে,হোলা ইউরোফ এ হরাশোনা করে,ফুয়া ইউরোপ পড়ালেখা খরে
কিন্তু মেয়ের পরিবার রাজিনা,তয় মাইয়ার পরিবার রাজি না,কিন্তু মাইয়্যার ফরিবার রাযি নই,কিন্তু মাইয়ার পরিবার রাজিনা,কিন্তু মাইয়ার পরিবার রাজি নো,কিন্তু ফুড়ির পরিবার রাজি না
মেয়েকে অন্য ছেলের সাথে বিয়ে দেওয়ার আয়োজন করে,মাইয়ারে অন্য পোলার লগে বিয়া দেওয়ার আয়োজন করে,মাইয়্যারে অইন্য ফোয়ার লই বিয়া দিবর আয়োজন গরে,মাইয়ারে অন্য ছেড়ার লগে বিয়া দেওনের আয়োজন করে,মাইয়ারে অন্য জায়গায় বিয়া দিবার লাই আয়োজন করে,ফুড়িরে আরোখ ফুয়ার লগে বিয়া দেওয়ার আয়োজন করছিল
বাধ্য হয়ে ছেলে মেয়ে নিজেদের ইচ্ছায় বিয়ে করে নেয়।,বাধ্য হইয়া পোলা মাইয়া নিজেগো ইচ্ছায় বিয়া কইরা লয়,বাইদ্য অয় ফোয়া মাইয়্যা নিজরার ইচ্চাত বিয়া গরি ফেলাই,বাধ্য হয়া ছেড়া ছেড়ি নিজেরার ইচ্ছায় বিয়া কইরা নেয়,বাধ্য অই হোলা মাইয়া নিজেগো ভিত্তে বিয়া করি হালায়,বাধ্য অইয়া ফুয়া ফুড়ি নিজর ইচ্ছাত বিয়া খরি লায় 
আজকে দেয়ালে পিঠ থেকে গেছে,আইজগো দেয়ালে পিঠ ঠ্যাকছে,আযিয়া দেয়ালত ফিট টেকি গেয়্যুই,আজকে দেয়ালে পিঠ থেইক্কা গেসে,আইজগা দেয়ালে হিট ঠেকি গেছে,আইজ দেওয়ালো পিঠ ঠেকি গেছে
আজকে প্রায় ৮ দিন পানি নেই,আইজ পেরায় ৮ দিন পানি নাই,ফানি নাই আযিয়া ফ্রায় আস্ট দিন,আজকে প্রায় ৮ দিন পানি নাই,আইজগা প্রায় ৮ দিন হানি নাই, আইজ প্রায় ৮ দিন ধরি পানি নাই
অথচ আসে পাশের সব বাড়ি তেই পানি দিয়ে দিচ্ছে শুধু আমাদের বাড়িতেই পানি দিচ্ছে না,তয় আসে পাশের বেবাক বাড়িতেই পানি দিয়া দেতেয়াছে খালি মোগো বাড়িতেই পানি দেতেয়াছে না,অতচ ফাশর বেজ্ঞিন বারিত ফানি দি ফিলার শুদু আঁরো বারিতই ন ফানি ন দের,অথচ আসে পাশের সব বাড়ি তেই পানি দিয়া দিতাসে খালি আমারার বাড়িতেই পানি দিতাসে না,অথচ আশেহাশে বেক বাড়িত হানি দি যার হুদা আংগোর বাইত দেয়র না,অথচ আশ পাশর হখল বাড়িত পানি দের খালি আমরার বাড়িত দের না
যাদের সাথে ভালো সম্পর্ক রয়েছে শুধু তাদের পানি দিবে আর কাউকে দিবে না,যাগো লগে ভালো সম্পর্ক আছে খালি হ্যাগো পানি দেবে আর কাউরে দেবে না,যারার লয় বালা মিল আইসসে এতারোরে ফানি দিয়ে দে আর কোন্নারে নো দিবো,উনারা উনাদের মত পানি দিব যারার লগে ভালা সম্পর্ক আসে খালি তারারে দিব আর কাউরে দিত না,যেতাগো লগে ভাল সম্পর্ক হুদা হেতাগোরে হানি দিব আর কাউরে দিত নো,যারার লগে ভালা খাতির খালি তারারে পানি দিবা আর খেউরে দিতা না
জানিনা পানি পাবো নাকি পাবো না,জানিনা পানি পামু কি পামু না,হইন্নো ফারি ফানি ফাইয়্যুম নে ন ফাইয়্যুম,জানিনা পানি পায়াম নাকিতা পাইতাম না,কইতাম হারি না হানি হামু কি হামু না,পানি পাইমু কিনা জানিয়ার না
পাশ করা ডাক্তাররা এখন ভালো অবস্থায় নেই,পাশ করা ডাক্তাররা এহন ভালো অবস্থায় নাই,ফাশ গরা ডাক্তর এহন বালা অবস্তাত নেই,পাশ করা ডাক্তাররা এহন ভালো অবস্থায় নাই,হাশরা ডাক্তাররা অন ভালো অবস্থাত নাই,পাশ খরা ডাখতররা এখন ভালা অবস্থাত নাই
কেন এত টাকা ধার করে ডাক্তারি পড়তে হবে,কির লইজ্ঞা এতো টাহা ধার কইরা ডাক্তারি পড়তে হইবে,এত টিয়া দার গরি ডাক্তরি কিল্লাই ফরা ফইরগে দে,কিল্লেগা এত টেহা ধার কইরা ডাক্তারি পড়তে হইব,কিল্লাই এত টেয়া ধার করি ডাক্তারি হইডতে অইব,কিতার লাগি অতো টেখা ধার করাইয়া ডাখতরি পড়তায় অইবো
যেহেতু ভর্তি হয়ে গেছেন পড়াশোনা চালিয়ে যান,যেহেতু ভর্তি হইয়া গ্যাছেন পড়াল্যাহা চালাইয়া যান,যেহেতু বর্তি অই গেয়্যুন গই ফরাশোনা চালাই যন,যেহেতু ভর্তি হইয়া গেসেন পড়াশোনা চালায়া যান,ভর্তি যেহতু অই এ গেছো হড়াশোনা চালাই যাও,ভর্তি অই গেছো যেতুক পড়াশুনা চালাইয়া যাও
স্বামীরে অভিযোগ স্ত্রী তার সংসারের দায়িত্ব পালন করছে না,জামাইর বিচার বউ হ্যার সংসারের দায়িত্ব ঠিকমতো পালন করতেয়াছে না।,জামাইর অবিযোগ বউ টিকমতো তার সংসারঅর দায়িত্ত ফালন ন গরের,স্বামীর অভিযোগ স্ত্রী তার সংসারের দায়িত্ব পালন করতাসে না,জামাইর অভিযোগ স্ত্রী তার দায়িত্ব ঠিকঠাক হালন করের না,জামাইর অভিযোগ বউ তান সংসারর দায়িত্ব পালন কররা না
দুজনেই দুজনকে সন্দেহ করে,দুইজনই দুইজনরে সন্দেহ করে,দুজনেই দুজনরে সন্দেহ গরে,দুইজনেই দুইজনরে সন্দেহ করে,দুইজনেই দুইজনরে সন্দেহ করে,দুয়োগু দুয়োগুরে সন্দেহ করইন
স্ত্রী ধারণা স্বামী পরকীয়ায় আছে,বউর মনে হয় জামাই পরকীয়ায় আছে,বউঅর দারোনা জামাই ফরকিয়া গরের,বউয়ের ধারণা জামাই পরকীয়ায় আসে,বউর ধারনা জামাইর হরকিয়া আছে,বউর ধারনা জামাই পরকীয়া কররা
এই বিষয়টা নিয়ে আর কথা বলতে চাচ্ছি না,এই বিষয়ডা লইয়া আর কথা কইতে চাইতেয়াছি না,এই বিষয়্যান লই আর হতা হইতো ন চাইর,এই বিষয়ডা নিয়া আর কথা কইতে চাইতাসি না,এই বিষয়গা লই আর কতা কইতাম চাইয়ের না, অউ বিষয়ে আর মাততাম চাইয়ার না
আজকাল ছোটরাও পাত্তা দিচ্ছে না,আইজকাল ছোডোরাও পাত্তা দেতেয়াছে না।,আইযহাল গুরাওক্কলও ফাত্তা ন দের,আজকাইল ছোডরাও পাত্তা দিতাসে না,আজকাইল ছোডগুনেও হাত্তা দেয়র না,আইজকাইল হুরু ইতায়ও পাত্তা দিরা না
কেউ আর ভয় পাচ্ছে না,কেউ আর ভয় পাইতেয়াছে না,হনিকাই আর ন ডারার,কেউ আর ভয় পাইতাসে না,কুনুগা আর ভয় হার না,খেউ আর ডরাইরা না
আমার এসব আর একটুও ভালো লাগছে না,মোর এইয়া আর মোডেও ভালো লাগতেয়াছে না,আঁর এগিন এক্কানাও গম ন লাগের,আমার এইসব আর একটুও ভালা লাগতাসে না,আর এগিন আর ভালো লাগের না,মোর ইতা আর থুরাও ভালা লাগের না
যারা ভেবেছিলেন বড় হয়ে গরীবদের সেবা করবেন কিন্তু বড় হয়ে দেখেন নিজেই গরীব,যারা ভাবছেলে বড় হইয়া গরিবগো সেবা করবেন তয় বড় হইয়া দেহেন নিজেই গরীব,যারা বাইবিল ডঅর মানুষ অই গরিবর সেবা গরিবো কিন্তু ড অর মানুষ অই চাআর ইতারাই গরিব,যারা ভাবসিলেন বড় হয়া গরীবরার সেবা করবেন কিন্তু বড় হয়া দেহেন নিজেই গরীব,যেতারা ভাবছেন বড় অই গরিবগোরে সাহায্য কইরব: কিন্তু বড় অই সায় হেতারা নিজেরাই গরিব,যেরা ভাবছিলা বড় অইয়া গরীবর সেবা করতা কিন্তুক বড় অইয়া দেখরা নিজেউ গরীব
মহিলার বয়স হবে ৮০ এর উপরে,বেডির বয়স হইবে ৮০ এর উপ্রে,মহিলা ইবার বয়স আশি বচরর উওরে অইবো,মহিলার বয়স হইব ৮০ এর উফরে,মইলার বয়স অইব ৮০ উফরে, বেটির বয়স অইবো আশির উফরে
"একটাই পৃথিবী, কিন্তু একেক এলাকার মানুষের চিন্তা একেক রকম","এউক্কাই পিরথিবি,তয় একেক এলাকার মানের চিন্তা একেক রহম",ফিতিবি এক্কান কিন্তু এক এক এলাকার মানুষ অর চিন্তা এক এক ডিল্লা,"একটাই পৃথিবী, কিন্তু একেক এলাকার মানুষের চিন্তা একেক রকম",এগগাই হিতিবি কিন্ত একেক,এখটাউ দুনিয়া কিন্তু এখত জাগার মানুষর চিন্তা এখত লাখান
নতুনরা অনেক কিছু শিখতে পারবে  আশা করি,নতুনরা বেমালা কিছু শেখতে পারবে আশা করি,নতুনরা বউত কিচু শিকিত ফারিবো আশা গরি,নতুনরা অনেক কিছু শিখতে ফারব আশা করি,নতুনগুন অনেক কিছু শিখতাম হাইরব আশা করি, নয়া এরা বহুততা হিকতা পারবা আশা খরি
হোকনা ভালো কিছুর শুরুটা এভাবেই,হউক ভালো কিছুর শুরুডা এরহমই,ওকএনা বালা কিচুর শুরু য়ান এনগরি,হোকনা ভাল কিসুর শুরুডা এম্নেই,অকনা ভালা কিছুর শুরুটা এইখানেই, অউক না ভালা কুন্তার শুরু অলাউ
তুমি আমার সাথে আর কথা বলবা না,তুমি মোর লগে আর কথা কবা না,তুঁই আঁর ফোয়ারে আর হিতা ন হইবা,তুমি আমার লগে আর কথা কইবা না,তুউই আমার সাথে আর কথা বলবা না,তুমি মোর লগে আর মাতবায় না
আমরা অনেক বড় হয়ে গেছি মনে হচ্ছে,মোরা বেমালা বড় হইয়া গেছি মনে হইতেয়াছে,আঁরা বউত ড অর অই গেয়্যিগই ফান মনোত অর,আমরা অনেক বড় হয়া গেসি মনে হইতাসে,আমরা অনেক বড় অই গেছি মনে অর,আমরা বাক্কা বড় অই গেছি মনে অর
রাজকুমারির মায়া পৃথিবী যায়নি আজও ভুলে,রাজকুমারীর মায়া পিরথিবি যায়নাই আইজও ভুইল্লা,রাজকুমারির মায়া ফিতিবি আইযো ন বুলে,রাজকুমারির মায়া দুনিয়া যায়নাই আইজও ভুইল্লা,রাজকুমারীর মায়া আইজও যায়নো পিথিবি ভুলি,রাজকুমারির মায়া দুনিয়া আইজো ভুলছে না
জীবন থেকে রঙ হারায় গেছে,জীবন হইতে রং হারাইয়া গ্যাছে,যিবনত্তুন রং আযি গেয়্যুই,জীবন থাইক্কাও রঙ হারায়া গেসে,জীবনের তুন রং আরাই গেছে,জীবনে থাকি রঙ হারাই গেছে গিয়া
একটা রঙিন ছবি তুলতে হবে আমাদের সবার,এউক্কা রংগিন ছবি তোলতে হইবে মোগো বেবাকের,এক্কান কালার চবি তুলা ফরিবো আঁরার বেজ্ঞুনর,একটা রঙিন ছবি তুলতে হইব আমরার বেহের,এগগা রঙিন ছবি তুইলতে অইব আংগো বেকের,এখটা রঙিন ছবি তুলা লাগবো আমরা হখলর
আর কত ছুটি কাটাবো?,আর কত ছুটি কাডামু?,আর হদিন চুটি হাডাইয়্যুম?,আর কত ছুটি কাটায়াম ?,আর কত ছুডি কাডাইয়ুম, আর খত ছুটি কাটাইতাম
পুরোটা দেখার অপেক্ষায় বসে আছি,পুরাডা দ্যাহার অপেক্ষায় বইয়া রইছি,গুডায়ান দেইবার অফেক্কার লাই বই তাইক্কি,পুরাডা দেহার অপেক্ষায় বয়া রইসি,পুরাগা দেইকবার অপেক্ষাত বই রইছি, ফুরাটা দেখার অপেক্ষাত বই রইছি
আপনি বেঁচে আছেন?,আমনে বাইচ্চা আছেন?,অনে বাচি আচন নে?,আফনে বাইচ্চা আসেন?,আন্নে বাচি আছেন?,   আফনে বাঁচিয়া আছইন নি?
আশেপাশে কেউ থাকলে কল দিয়েন,আশেপাশে কেউ থাকলে ফোন দিয়েন,আশেফাশে হনিকাই তাকিলে কল দিয়ন,আশেফাশে কেউ থাকলে কল দিয়েন,আশেহাশে কুনুগা থাইকলে কল দিয়েন, আশেপাশে খেউ থাখলে কল দেইন যেন
দেখা করা যাবে,দ্যাহা করা যাইবে,দেহা গরা যাইবো,দেহা করা যাইব,দেয়া করন যাইবো, দেখা খরা যাইবো 
কিছু পাইতে হলে কিছু ছাড়তে হবে,কিছু পাইতে হইলেই কিছু ছাড়তে হইবে,কিচু ফাইতো অইলে কিচু চাইরতো অই,কিসু পাইতে হইলে কিসু ছাড়তে হইব,কিছু হাইতাম অইলে কিছু ছাইড়তাম অয়,কুনতা পাইতে অইলে  কুনতা ছাড়া লাগবো
বাংলাদেশে আমাকে সবাই আমার ডাক নামে চিনে,বাংলাদেশে মোরে হগলডি মোর ডাক নামে চেনে,বাংলাদেশঅত আঁরে বেজ্ঞুনে আঁর ডাকনামে চিনে,বাংলাদেশে আমারে বেহেই আমার ডাক নামে চিনে,বাংলাদেশ এ আরে সবাই আর ডাক নামে চিনে,বাংলাদেশো মোরে সবে মোর ডাখ নামে চিনইন
দুই ঘন্টা ধরে বিদ্যুৎ যায়নি,দুই ঘণ্টা হইছে কারেন্ট যায় নাই,দুই গন্টা দরি কাআরন ন যায়,দুই ঘন্টা ধইর বিদ্যুৎ যায়নাই,দুই ঘন্টা ধরি কারোন যায়নো,  দুই ঘন্টা ধরি বিদ্যুৎ যার না
বিদ্যুৎ অফিসের লোকটা কি মারা গেলো নাকি?,কারেন্ট অপিসের ব্যাডাডা কি মইরা গ্যালে নিহি?,বিদ্যুত আফিসর মানুষওয়া কি মরি গেইয়্যুই নিকি?,বিদ্যুৎ অফিসের বেডাডা কি মইরা গেল নাকি?,কারেন্টের অফিসের বেডাগা কি মরি গেলো নি,কারেন্টর অফিসর বেটা মরি গেলো নাকিতা?
সেইবার আমি প্রায় ৪ মাস পরে বাসায় গিয়েছি,হেইবার আমি পেরায় ৪ মাস পরে বাসায় গেল্লাম,অইমত্তন আঁই ফ্রায় চাইর মাস ফর বাসাত গেয়্যি,হেইবার আমি প্রায় ৪ মাস ফরে বাসায় গেসি,হেইবার আই লাজেন ৪ মাস হরে বাইত গেছি,হবার মুই বাক্কা ৪ মাস বাদে বাসাত গেছি
বাবার মুখের দিকে তাকিয়ে কেমন জানি একটা শূন্যতা অনুভব করলাম,বাপের মোহের দিকে চাইয়া কেমন জানি এউক্কা ফাঁকা ফাঁকা অনুভব করলাম,আব্বুর মুকর ইক্কা চাই কেন যানি হালি হালি লাগের,আব্বার মুখের দিকে তাকায়া কেমন জানি একটা শূন্যতা অনুভব করলাম,বাবার মুখের দিকে তাকাই কেক্কান শূন্যতা অনুভব কইরলাম, আব্বার মুখর দিকে চাইয়া কিলান এখটা শূন্যতা অনুভব খরলাম
কবে যে আমার স্বপ্নটা পূরণ হবে,কবে যে মোর স্বপ্নডা পুরোন হইবে,হত্তে যে আঁর সফ্ন আন ফুরন অইবো,কবে যে আমার স্বপ্নডা পূরণ হইব,কোনদিন যে আর স্বপ্নগা পূরন অইব,কুনদিন যে আমার স্বপ্নটা পুরণ অইতো
আপনি কি আপনার হাত ধুতে জানেন?,আমনে কি আমনের হাত ধুইতে পারেন?,অনে কি অনর আত দুইতো জানন নে?,আফনে কি আফনের হাত ধুইতে জানেন?,আন্নে কি আন্নের হাত ধুইতাম জানেন, আফনে কিতা আফনার হাত ধুয়া চিনইন নি?
আপনি কি খামারের পশু পছন্দ করেন?,আমনে কি খামারের পশু পছন্দ করেন?,অনে কি হামারর ফশু ফচন্দ গরন নে?,আফনে কি খামারের পশু ফছন্দ করেন?,আন্নে কি খামারের হশু হছন্দ করেন,আফনে  কিতা খামারর পশু পছন্দ করইন নি?
আমি আমার পরিবারের কথা বলতে চাই,মুই মোর পরিবারের লগে কথা কইতে চাই,আঁই আঁর ফরিবারর হতা হইতো চাই,আমি আমার পরিবারের কথা কইতাম চাই,আই আর হরিবারের কথা কইতাম চাই, মুই মোর পরিবারর খতা কইতাম চাই
"আমার পরিবারে আমি  মা, বাবা এবং একটি ছোট্ট বোন","মোর পরিবারে মুই মা, আব্বা আর এউক্কা ছোডো বুইন","আঁর ফরিবারে আঁই, মা, বাবা আর ওজ্ঞা গুরা বইন","আমার পরিবারে আমি আম্মা, আব্বা আর একটা ছোট্ট বইন",আর হরিবারে আই মা আর এগগা ছোড বইন,"মোর পরিবারো মুই আম্মা, আব্বা আর এক হুরু বইন "
আমাদের সবাই একসময়ে একসাথে আছি,মোগো বেবাকডি একসময় একলগে আছি,আঁরার বেজ্ঞুন একসময় এক্কোফোয়ারে আচি,আমাদের বেহেই একসময়ে একসাথে আসি,আংগোর বেকে একসময় একলগে আছি,আমরার হখল এখ সময়ে একলগে আছি
আমরা খুব খুশি,মোরা বেমালা খুশি,আঁরা কুব কুশি,আমরা মেলা খুশি,আমরা মেলা খুশি,আমরা  খুব খুশি
আমাদের পরিবারে আনন্দের বাইরে কোন ঝগড়া নেই,মোগো পরিবারে খুশির বাইরে কোনো কাইজ্জা নাই,আঁরার ফরিবারত আনন্দর বাইরে হনো হইয্যা নাই,আমরার পরিবারে আনন্দের বাইরে কোন ঝগড়া নাই,আংগো হরিবারে আনন্দের বাইরে কোন কাইজ্জা নাই, আমরার পরিবারো আনন্দর বাইরে কুনো লাগালাগি নাই
আমার বন্ধুরা আমার জীবনের অনেক গুরুত্বপূর্ণ অংশ,মোর দোস্তোরা মোর জীবনের বেমালা দরকারি অংশ,আঁর বন্দুওক্কল আঁর জিবনর বউত গুরুত্বপূর্ণ অংশ,আমার বন্ধুরা আমার জীবনের মেলা গুরুত্বপূর্ণ অংশ,আর বন্দুঅগল আর জীবনের অনেক গুরুত্বপূর্ণ অংশ,মোর বন্ধুরা মোর জীবনর খুব গুরুত্বপুর্ণ অংশ
আমি সবসময় আমার গ্রামের মানুষদের পাশে থাকতে চাই,মুই হারা সময় মোর গেরামের মানের পাশে থাকতে চাই,আঁই এগাযা আঁর গেরামর মানুষওক্কলর ফাশে তাইক্তো চাই,আমি বেগসময় আমার গ্রামের মানুষরার পাশে থাকতে চাই,আই সবসময় আর গেরামের মানুষের হাশে থাইকতাম চাই, মুই হখল সময় মোর গাউর মানুষর পাশে থাকতাম চাই
খুব সুন্দর,বেমালা সুন্দর,বর সুন্দর,মেলা সুন্দর,মেলা সুন্দর,  খুব সুন্দর 
আপনার লেখা অসাধারণ,আমনের ল্যাহা অসাধারণ,অনর লেহা অসাদারন,আপনার লেহা অসাধারণ,আন্নের লেয়া অসাধারণ,আফনার লেখা অসাধারণ
আপনার ছবি দেখে খুব ভালো লেগছে,আমনের ছবি দেইক্ষা বেমালা ভালো লাগছে,অনর চবি দেকি কুব গম লাইজ্ঞে,আফনের ছবি দেইক্ষা খুব ভালা লাগসে,আন্নের ছবি দেই মেলা ভাল্লাইগছে,আফনার ছবু দেকিয়া খুব ভালা লাগছে
অসাধারণ করে লিখেছেন,অসাধারণ কইরা ল্যাখছেন,অসাদারন গরি লেইক্কোন,অসাধারণ কইরা লেখসেন,অসাধারণ করি লেইকছেন,অসাধারণ খরি লেখছইন
আমি ভালো লাগলো আপনার কথা পড়ে,মোর ভালো লাগলো আমনের কথা পইড়া,আত্তুন গম লাইজ্ঞে অনর হতা ফরি,আমার ভালা লাগলো আফনের কথা ফইড়া,আর ভাল লাইগলো আন্নের কতা হরি,মোর  ভালা লাগছে আফনার খতা পড়িয়া
আপনার এই পোস্টটি খুব উপকারী,আমনের এই পোস্টটা বেমালা দরকারি,অনর এই ফোস্ট ইয়ান কুব উফকারি,আফনের এই পোস্টটা খুব উফকারী,আন্নের এই পোস্ট আন খুব উফকারী,আফনার অউ পোস্টটা খুবই উফকারী
আপনার সুন্দর সুন্দর ছবিগুলো দেখে আনন্দ পেয়েছি,আমনের সুন্দর সুন্দর ছবিগুলা দেইখা সুখ পাইছি,অনর সুন্দর সুন্দর চবিগিন দেকি আনন্দ পাইয়্যি,আফনের সুন্দর সুন্দর ছবিগুলা দেইক্ষা আনন্দ পাইসি,আন্নের সুন্দর সুন্দর ছবিগুন দেই আনন্দ হাইছি, আফনার সুন্দর সুন্দর ছবিগুইন দেখিয়া মজা পাইছি
আপনি খুব সুন্দরভাবে সমস্যাটি সমাধান করেছেন,আমনে ম্যালা সুন্দর মতো সমেস্যাডা সমাধান করছেন,অনে কুব সুন্দর গরি সমস্যাগান সমাদান গইরগন,আফনে মেলা সুন্দরমতন সমস্যাডা সমাধান করসেন,আন্নে খুব সুন্দর করি সমস্যাগার সমাধান কইচ্ছেন,আফনে খুব সুন্দর খরি সমস্যাটার সমাধান করছইন
আপনার ব্লগটি পড়ে অনেক কিছু শিখতে পেরেছি,আমনের ব্লগডা পইড়া বেমালা কিছু শেখতে পারছি,অনর ব্লগকান ফরি বউত কিচু শিকিত ফাইরগি,আফনের ব্লগডা পইড়া অনেক কিছু শিখতাম ফারসি,আন্নের ব্লগগা পড়ি অনেক কিছু শিখতাম হাইচ্ছি.,আফনার  ব্লগটা পড়িয়া বাক্কা জিনিস শিখতাম ফারছি
আমি আপনার কাজকে  ভালোবাসি,মুই আমনের কামরে ভালোবাসি,আঁই অনর হাযরে বালবাসি,আমি আফনের কামরে ভালবাসি,আই আন্নের কাজরে ভালোবাসি,মুই আফনার কাজরে ভালাপাই
আপনার লেখার ধরণ খুব সুন্দর,আমনের ল্যাহার ধরন ম্যালা সুন্দর,অনর লেহার দরন কুব সুন্দর,আফনের লেহার ধরণ মেলা সুন্দর,আন্নের লেয়ার ধরন খুব সুন্দর, আফনার লেখার ধরন খুবই সুন্দর
আপনার ছবিটি দেখে মন ভরে গেলো,আমনের ছবিডা দেইখ্যা মোন ভইরা গেলো,অনর চবিয়ান দেহি মন বরি গেইয়্যুই,আফনের ছবিডা দেইক্ষা মন ভইরা গেল,আন্নের ছবি আন দেই মন ভরি গেছে, আফনার ছবিটা দেখিয়া মন ভরি গেছে
খুব সুন্দর কথা বলেছেন,ম্যালা সুন্দর কথা কইছেন,কুব সুন্দর হতা হয়্যুন,খুব সুন্দর কথা কইসেন,খুব সুন্দর কতা কইছেন,বাক্কা সুন্দর মাত মাতলা
আপনার মজার মজার কথা শুনলে সারা দিন মন ভালো থাকে,আমনের মজার মজার কথা হুনলে হারা দিন মোন ভালো থাহে,অনর মযার মযার হতা ফুনিলে আরাদিন মন বালা তাকে,আফনের মজার মজার কথা হুনলে সারা দিন মন ভালা থাহে,আন্নের মজার মজার কতা হুইনলে হারাদিন মন ভালা থায়,আফনার মজার মজার মাত হুনলে হারাদিন মন ভালা থাকে
একদিন সুন্দর একটি বাগানে একটি মেয়ে হাঁটছিল,এক দিন সুন্দর এউক্কা বাগানে এউক্কা মাইয়া হাঁটতেয়াছেলে,এদ্দিন সুন্দর এক্কান বাগানত ওজ্ঞা মাইফোয়া আডের,একদিন সুন্দর একটা বাগানে একটা মাইয়া হাঁটতাসিল,একদিন সুন্দর এগগা বাগানে  এগগা মাইয়া হাইডেআছিলো,এখদিন সুন্দর এখটা বাগানো এখটা ফুড়ি হাটের
সে আকাশে উড়ন্ত পাখির গান শোনতেই মন খুশি হয়ে উঠত,হ্যায় আকাশে উড়তে থাহা পাখির গান হোনতেই মন খুশি হইয়া ওঠতে,অই আস্সানর উরন্ত ফেইকঅর গান ফুনিলেই মন কুশি অই যাইতই,হেই আকাশে উড়ন্ত পক্ষির গান হুনতেই মন খুশি হয়া উঠত,হেতে আকাশে উড়ন্ত পাখির গান হুনাইতেই মন খুশি অই গেছে,হউ আখাশর উড়া পাখির হান হুনলেউ মন খুশ অই যাইতো
সে ফুলগুলোর রঙিন মেলা দেখে হৃদয় ভরে যায়,হেই ফুলগুলার রংগিন মেলা দেইখ্যা মোন ভইরা যায়,অই ফুল্লুন অর রঙিন মেলা দেহি রিদয় বরি যা গই,হেই ফুলগুলার রঙিন মেলা দেইক্ষা হৃদয় ভইরা যায়,হেতে ফুলগুনের রঙিন মেলা দেই  হৃদয় ভরি যায়,হউ ফুুল অতার রঙিন মেলা দেখিয়া হারলে মন ভরি যায় 
তার পাশে থাকা পুতুলগুলো সেই মেয়ের সাথে খেলতে আসে,হ্যার লগে থাহা পুতুলগুলা হেই মাইয়ার লগে খেলতে আহে,তাঁর ডাহদ্দি তাকা ফুতুল্লুন অই মাইফোয়ার ফোয়ারে কেলা হাইতো আইয়্যে,তার ফাশে থাকা পুতুলগুলা হেই ছেড়ির সাথে খেলতে আসে,তার পাশে থাকা হুতুলগিন হেই মাইয়গার লগে খেইলতাম আইয়ে,তার লগে থাকা পুতুলগুইন হউ পুরির লগে খেলাত আয়
সে আরও একটি বন্ধু বানাতে চায় যার নাম ছিল রাহাত,হ্যায় আরো এউক্কা দোস্তো বানাইতে চায় যার নাম আল্লেহ রাহাত,ইবা আরও ওজ্ঞা বন্দু বানাইতো চার যার নাম রাহাত,হেয় আরও একটা বন্ধু বানাইতে চায় যার নাম আসিন রাহাত,হেতে আরো এককান বন্দুবানাইতো চায় নাম অআছিলো রাহাত,তাই আরো এখটা বন্ধু বানাইতো চায় যেগুর নাম আছিল রাহাত
তোমার বন্ধুরা সত্যিই ভালো হৃদয়ের মানুষ,তোমার দোস্তোরা আসলেই ভালো মনের মানু,তোঁয়ারা বন্দুওক্কল সত্যিই বালা মনোর মানুষ,তোমার বন্ধুরা আসলেই ভালো মনের মানুষ,তোয়ার বন্দুরা সত্যি খুব ভালা মানুষ, তুমার বন্ধুরা হাছাউ ভালা মনর মানুষ
তোমার বন্ধুরা  সবাই খুব মেধাবী,তোমার দোস্তোরা বেবাকডি বেমালা মেধাবী,তোঁয়ারা বান্দুবিওক্কল বেজ্ঞুন বর মেদাবি,তোমার বন্ধুরা বেহেই মেলা মেধাবী,তোয়ার বন্দুগুন বেকে মেদাবি,তুমার বন্ধুরা হখল অউ খুব মেধাবী
তোমার বন্ধুদের কাছে থাকতে খুব ভালো লাগে,তোমার দোস্তোগো লগে থাকতে বেমালা ভালো লাগে,তোঁয়ার বন্দুওক্কলর হাচে তাইক্তো কুম বালা লাগে,তোমার বন্ধুরার কাসে থাকতে খুব ভালা লাগে,তোয়ার বন্দুগোর লগে থাইকত ভালা লাগে,তুমার বন্ধু্রার কান্দাত থাকতে খুব ভালা লাগে
বিয়ের পর মোটা হবে এমন স্বপ্ন নিয়ে বেঁচে আছে হাজারো পাতলা মেয়ে,বিয়ার পর মোডা হইবে এমন স্বপ্ন লইয়া বাইচ্চা রইছে হাজারো হুগনা মাইয়া,বিয়ার ফর মোটা অইব এন সফ্ন লই বাচি আচে আযারো লেডা মাইফোয়া,বিয়ার পর মোডা হইব এমন স্বপ্ন নিয়া বাইচ্চা আসে হাজারো পাতলা মাইয়া,বিয়ার হর মোডা অইব এই স্বপ্ন লই বাচি রাইছে হাজারো চিঅন মাইয়া..,হেঙ্গার বাদে মুটা অইবা অলা সফনো লইয়া বাঁচিয়া আছইন হাজার হাজার রাগ ফুড়িন
"মেয়েরা যে হারে ভদ্র ছেলে খুঁজছে, ভয় লাগছে কোনো দিন আমি কিডন্যাপ হয়ে না যাই","মাইয়ারা যে হারে ভদ্র পোলা খুঁজতেয়াছে, ভয় লাগতেয়াছে কোন দিন মুইও কিডন্যাপ হইয়া না যাই",মাইফোয়াঅক্কল যে হারে বদ্র ফোয়া তুয়ার ডর লাগের হন্দিন আঁরে কিডনাফ গরি লই যা গই,"মাইয়ারা যে হারে ভদ্র পোলা খুঁজতাসে, ভয় লাগতাসে কোনো দিন আমি কিডন্যাপ হয়া না যাই",মাইয়া অগল যেন্নে ভালা ভদ্র হোলা খুজের ভয় লাগে কোনদিন না জানি আই কিডনাফ অই যাই,"ফুড়িন্তে যে হারে ভদ্র ফুয়াইন খুজরা , ডর লাগের মুই নি কুন দিন কীডনাপ অই যাই"
"খন তোমার একা লাগবে, তুমি চারদিকে কিছুই দেখতে পাবে না","যহন তোমার একলা লাগবে, তুমি হারাদিকে কিছুই দ্যাখতে পাবা না","এহন তোয়াত্তুন গাআগাই লাগিবো , তুঁই চাইরোমিক্কা কিচু ন দেকিবা","খন তোমার একা লাগব, তুমি চারদিকে কিছুই দেখতে পাইবা না",যে সুমে তোমার একলা লাইগব তুউই চাইরোহাশে  কিছুই দেইকতে হাইতা ন,যেব্‌লা তুমার একলা লাগবো তুমি চাইরিদকে কিচ্চু দেখতায় নায়
আজ সিঙ্গেল বলে কারো জন্য হাত কাটতে পারি না,আইজ সিঙ্গেল দেইখ্যা কারো লইজ্ঞা হাত কাটতে পারি না,আয সিঙ্গেল বলি হনিকার লাই আত হডিত ন ফারির,আজ সিঙ্গেল বইল্লা কারো লাইজ্ঞা হাত কাটতে ফারি না,আইজগা সিঙ্গেল দেই কুনুগার লাই হাত কাইটতাম হারি না, আইজ সিংগেল দেকিয়া কারো লাগি হাত কাটতাম ফারি না
সিনেমায় বিয়ের পর গল্প শেষ হয়ে যায়  আর বাস্তব জীবনে বিয়ের পরই সিনেমা শুরু হয়,সিনেমায় বিয়ার পর কেচ্ছা শেষ হইয়া যায় আর বাস্তব জীবনে বিয়ার পরই সিনেমা শুরু হয়,"চিনেমাত বিয়ার ফর গল্ফ শেষ অই য গই, আর বাস্তবত বিয়ার ফর চিনেমা শুরু অই",সিনেমায় বিয়ের পর গল্প শেষ হয়ে যায় আর বাস্তব জীবনে বিয়ের পরই সিনেমা শুরু হয়,ছবির ভিত্তে বিয়ার হর কায়িনি শেষ আর বাস্তব জীবনে বিয়ার হরেই আসল ছবির কাহিনী শুরু,সিনেমাত বিয়ার পর গল্প শেষ অই যায় আর বাস্তব জীবনো বিয়ার পর অউ সিনেমা শুরু অয়
"আজ গরিব বলে পৃথিবীতে থাকি,বড়লোক হলে মঙ্গল গ্রহে থাকতাম","আইজ গরীব দেইখ্যা পিরথিবিতে থাহি, বড়লোক হইলে মঙ্গল গ্রহে থাকতাম","আয গরিব বলি পিতিবিত তাকি , ডরমানুষ অইলে মঙগল গ্রহত তাকিতাম","আজ গরিব বইল্লা পৃথিবীতে থাকি, বড়লোক হইলে মঙ্গল গ্রহে থাকতাম",আইজ গরিব দেই পৃথিবীত থাই বড়লোক অইলে মঙ্গল গ্রহে থাইকতাম," আজকে গরীব দেকিয়া পৃথিবীত থাকিয়ার, ধনী অইলে মঙ্গল গ্রহত থাকতাম"
একমাত্র মেয়েরাই পারে অবলা ছেলেদের সহজ সরল মনটা কে ফুটবল ভেবে খেলা করতে,খালি মাইয়ারাই পারে অবলা পোলাগো সহজ সরল মনডা রে ফুটবল ভাইবা খেলা করতে,একমাত্র মাইফোয়াঅক্কল ফারে সহজ সরলব ফোয়াওক্কলর মন নান এরে ফুটবল টা আরি কেলা হাইতো,একমাত্র মাইয়ারাই ফারে অবলা পোলাদের সহজ সরল মনটা রে ফুটবল ভাইব্বা খেলা করতে,একমাত্র মাইয়ারাই হারে অবলা  হোলাগোর সহজ সরল মনগারে  লই ফুটবল এর মত খেইলতো, খালি ফুড়িন্তেউ পারইন বেচারা ফুয়াইন্তর সরল মনরে ফুটবল ভাবিয়া খেলতা
মাঝে মাঝে মন চায় থেমে থাকা গাড়ির নিচে পরে মরে যাই,মাঝে মইধ্যে মোন চায় থাইম্মা থাহা গাড়ির তলে পইড়া মইরা যাই,মাজে মাজে মন হঅয়তিয়াই তাইক্কেদে ইল্লা গারিত তলে ফরি মরি যাইগোই,মাঝে মাঝে মনডা চায় থাইম্মা থাকা গাড়ির নিচে পইরা মইরা যাই,মাঝে মাইধ্যে মন চায় থামি থাকা গাড়ির নিচে পড়ি মরি যাই,মাঝে মাঝে মনে কয় থামিয়া থাকা গাড়ির চাক্কার তলে পড়িয়া মরি যাই
"বউকে ভালোবাসতে শিখুন, কিন্তু কার বউ সেটা দেখার বিষয় না","বউরে ভালোবাসতে শেখেন,তয় কার বউ হেইডা দেহার ব্যাপার না","বউ অরে বালবাইসতে শিকঅন ,কিন্তু হার বউ ইয়ান দেহার বিষয় নয়","বউরে ভালোবাসতে শিখেন, কিন্তু কার বউ হেইডা দেহার বিষয় না",বউকে ভালোবাসতে শিখেন কিন্তু কার বউ হেটা দেইকবার বিষয় না,"বউরে ভালোবাসা হিকইন, কিন্তু কার বউ হিকটা দেখার দরকার নায়"
একবার ধরলে হাত ছাড়বেনা কখনো রোগা পাতলা মেয়ে গুলোকে দেখে মনে হয় ভিটামিনের বোতল কিনে দিই,এউক্কা বার ধরলে হাত ছাড়বেননা কহনো রোগা পাতলা মাইয়া গুলারে দেইখা মনে হয় ভিটামিনের বোতল কিন্যা দেই,এব্বার দইরলে আত ন চারিবা হনো সময় লেডা মাইফোয়া ওক্কলেরে দেইলে মনো অয় বিটামিন অর বতল কিনি দি,একবার ধরলে হাত ছাড়বেনা কহনো রোগা পাতলা মাইয়া গুলারে দেইক্ষা মনে হয় ভিটামিনের বোতল কিন্না দেই,একবার ধইল্লে আত ছাইডদোনো কোনসুমে রোগা হাতলা মাইয়া গুন দেইকলে মনে কয় এগগা ভিটামিন এর বতল কিনি দি, এখবার ধরিলাইলে হাত ছাড়তা না কুনোসময় বেমারি হুকনা ফুড়িন্তরে দেকিয়া মনে কয় ভিটামিনর বুতল কিনিয়া দিলাই
স্বপ্ন দেখলাম ক্রাশের সাথে ঘুরতে গেছি তার পর যা হলো সব ইতিহাস,স্বপ্ন দেখলাম কেরাসের লগে ঘোরতে গেছি হেইয়ার পর যা হইলো সব ইতিহাস,সফ্নঅত দেইলাম ক্রাশর ফোয়ারে গুইরত গেয়্যি তারফর যা অয়্যে ইয়ান ইতিহাস,স্বপ্ন দেখলাম ক্রাশের সাথে ঘুরতে গেসি তার পর যা হইলো বেগ ইতিহাস,স্বপ্ন দেইকলাম ক্রাশের লগে ঘুইরতাম গেছি   পরে দি যা অইছে হেটা ইতিহাস, সফনত দেখলাম ক্রাশর লগে পাখানিত গেছি এর বাদে যা অইলো ইতা সব ইতিহাস
"যখন ভাবি তুমি ছাড়া আমার জীবনটা অন্ধকার, ঠিক তখনই কারেন্ট চলে আসে","যহন ভাবি তুমি ছাড়া মোর জীবনডা আন্ধার, ঠিক তহনই কারেন্ট চইলা আহে",যেত্তে বাবি তুঁই চারা আঁর জিবন নান আঁন্দার টিক এ সময় অত কা আরন আ যাগই,"যহন ভাবি তুমি ছাড়া আমার জীবনডা আন্ধার, ঠিক তহনই কারেন্ট চইল্লা আসে",যন ভাবি তুমি ছাড়া আই অন্দকার ঠিক তন এ দেই কারেন্ট চলি আইয়ে,যেব্‌লাকু ভাবি তুমি ছাড়া আমার জিন্দেগি আইন্দাইর ঠিক হ সময় অউ কারেন্ট আই অয়
"বউ হারালে বউ পাওয়া যায়, কিন্তু বন্ধুকে টাকা দিলে সেটা আর ফেরত পাওয়া যায় না","বউ হারাইলে বউ পাওয়া যায়, তয় দোস্তোরে টাহা দেলে হেইডা আর ফেরত পাওয়া যায় না","বউ আঁযিলে বউ ফা যাই, কিন্তু বন্দুরে টিয়া দিলে আর ফেরত ফা ন যাই","বউ হারাইলে বউ পাওয়ন যায়, কিন্তু বন্ধুরে টেহা দিলে হেইডা আর ফেরত পাওয়ন যায় না",বউ আরাইলে বউ হান যায় কিন্তু বন্দুরে টেয়া দিলে হেই টেয়া আর হান যায়না,বউ আরাইলে বউ পাওয়া যায় কিন্তু বন্ধুরে টেখা দিলে ইতা আর ফিরত পাওয়া যায় না 
"চুল পরার সমস্যা  নিয়ে ডাক্তারের কাছে গেছিলাম, গিয়ে দেখি ডাক্তার নিজেই টাক","চুল পড়ার সমেস্যা লইয়া ডাক্তারের ধারে গেল্লাম, যাইয়া দেহি ডাক্তার নিজেই টাকলা","চুল ফরার সমইস্যা লই ডাক্তরর এডে গেইলাম, যাই এরে দেই ডাক্তর নিজেই টাক","চুল পরার সমস্যা লয়া ডাক্তারের কাসে গেছিলাম, গিয়া দেহি ডাক্তার নিজেই টাক",চুল হইড়বার সমস্যা লই ডাক্তারের কাছে গেছিলাম অন যাই দেই হেতে নিজেই টাক,"চুল পরার সমস্যা লইয়া ডাখতরর ধারে গেছলাম, গিয়া দেখি ডাখতর নিজেউ টাখলা"
"ভালো মানুষ নাকি বেশি দিন বাঁচে না, এটা শোনার পর খুব টেনশনে আছি","ভাল মানু বোলে বেশি দিন বাঁচে না, এইডা হোনার পর বেমালা টেনশনে আছি",বালা মানুষ নাকি বেশিদিন ন বাচে ইয়ান ফুনি টেনশন অত আচি,"ভালো মানুষ নাকিতা বেশি দিন বাঁচে না, এটা হুনার পর খুব টেনশনে আছি",ভালা মানুষ বলে বেশিদিন বাঁচে না এটা হুনবার হরেদি টেনশনে আছি,"ভালা মানুষ বুলে বেশিদিন বাছইন না, ইতা হুনার পর খুব টেনশনে আছি"
তোকে ভুলে যাওয়ার জন্য আমি ভালোবাসিনি,তোরে ভুইল্লা যাওয়ার লইজ্ঞা মুই ভালোবাসি নাই,তুরে বুলি যাইবর লাই আঁই বাল ন বাসি,তোরে ভুইল্লা যাওয়ার লাইজ্ঞা আমি ভালোবাসি নাই,তোরে ভুলি যাইবার লাই আই ভালোবাসি নো,তরে ভুলি যাওয়ার লাগি মুই তরে ভালাপাইছলাম না
"নিজেকে কখনো বেকার ভাববেন না, মনে রাখবেন আপনার শরীরের রক্ত দিয়ে হাজারো মশার সংসার চলে","নিজেরে কহনো বেকার ভাববেন না, মনে রাখবেন আমনের শরীলের রক্ত দিয়া হাজারও মশার সংসার চলে",নিযেরে হনিকাই বেকার ন বাইব্বন মন অত রাইবান শরিরর রক্ত দি আযারও মশার সংসার চলে,"নিজেরে কহনো বেকার ভাববেন না, মনে রাখবেন আফনের শরীরের রক্ত দিয়ে হাজারডা মশার সংসার চলে",নিজেরে কোনসুমে বেকার ভাবিয়েন না মনে রাইকবেন আন্নের শরীরের রক্ত দি হাজারো মশার সংসার চলে," নিজোরে কুনোসময় বাওটা ভাববা না, মনো রাখবা আফনার শরীলর রখতো দিয়া হাজার মশার সংসার চলের"
বাবু খেয়েছো বলার মানুষটা নেই বলে আজ আমি এতো রোগা,বাবু খাইছো কওয়ার মানুডা নাই দেইখ্যা আইজও মুই এত হুগনা,বাবু হায়্যুনে হঁ দে মানুষ ইবা নাই দেই আঁই আযিয়া এত লেডা,বাবু খাইছো বলার মানুষটা নাই বইল্লা আইজ আমি এতো রোগা,বাবু খাইছো বলার মানুষ নাই বলি আইজ আমি এত রোগা,বাবু খাইছোনি জিকানির মানুষগুতা নাই করু আমি এখনো এতো হুকনা
"পাশের বাড়ির মেয়েটাকে ভালো লেগেছিল, পরে জানতে পারলাম মেয়েটা ছুটির দিনেও কলেজে যায়","পাশের বাড়ির মাইয়াডারে ভালো লাগছেলে, পরে জানতে পারছি মাইয়াডা ছুটির দিনেও কলেজে যায়",ফাশর বারির মাইফোয়া ইবেরে গম লাইগ্যিল ফরে জানিলাম ইবা চুটির দিনঅত ও কলেজঅত যাই,"পাশের বাড়ির ছেড়িটারে ভালা লাগছিল, পরে জানতে পারলাম ছেড়িডা ছুটির দিনেও কলেজে যায়",পাশের বাড়ির মাইয়াগারে ভালা লাইগছিলো হরেদি হুইনলাম হেতি ছুডির দিনেও কলেজে যায়,"লাগা বাড়ির ফুড়িটারে ভালা লাগছিল, বাদে জানলাম তাই ছুটির দিনও কলেজো যায়"
"আজ আমি রোগা, তাই জন্য মানুষ আমাকে নিয়ে উল্টোপাল্টা সন্দেহ করে","আইজ মুই হুগনা , হেইয়ার লইজ্ঞা মানু মোরে লইয়া উলডা পালডা সন্দেহ করে",আয আঁই লেডা বলি মানুষ আঁরে লই উল্ডা ফাল্ডা সন্দেহ গরে,"আজ আমি রোগা, তাই জন্য মানুষ আমারে নিয়া উল্টোপাল্টা সন্দেহ করে",আইজ আই রোগা হেটার লাই মানুষ আরে লই উল্ডাহাল্ডা সন্দেহ করে,আইজ আমি হুকনা গতিকে মানুষ আমারে লইয়া  উলটাপালটা সন্দেহ করইন
কেউ আমার মাকে বলে দিও আমি বিয়ে করবো,কেউ মোর মায়রে কইয়া দেও মুই বিয়া করমু,হনিকাই আঁর মারে হইদিও আঁই বিয়া গইরগম,কেউ আমার মারে কয়া দিও আমি বিয়া করবাম,কেউ আর মারে কই দিও আই বিয়া করুম,খেউ মোর  আম্মারে কইয়া দিওছাইন মুই বিয়া খরতাম
হাসতে হাসতে সিগারেট খাওয়া ছেলেটা একদিন কাশতে কাশতে মরে যাবে,হাসতে হাসতে সিগারেট খাওয়া পোলাডা এক দিন কাশতে কাশতে মইরা যাইবে,আইশত আইশত সিগারেট হাদে ফোয়াইবা এদ্দিন হাইশতে হাইশতে মরি যাইবই,হাসতে হাসতে সিগারেট খাওয়া ছেড়াডা একদিন কাশতে কাশতে মইরা যাইব,হাইসতে হাইসতে সিগারেট খাওয়া হোলাগা একদিন কাইশতে কাইশতে মরি যাইব,আসতে আসতে সিগারেট খাওয়া ফুয়াটা এখদিন কাশতে কাশতে মরি যাইবো
কোনো এক রাতে তুমি আর আমি পাশাপাশি বসে চাঁদ দেখবো,কোন এউক্কা রাইতে তুমি আর মুই একলগে বইয়া চান দেখমু,কুনো এক রাতিয়ার এক হনগে বইয়েরে পাশাপাশি চাঁদ দেক্কুম,কোন এক রাইতে তুমি আর আমি পাশাপাশি বয়া চাঁদ দেখবাম,কোন এক রাইতে তুই আর আই বসি বসি চান দেখিয়ুম,কুনো এখ রাইতে তুমি আর মুই কান্দাকান্দিত বইয়া ছান দেখমু
আপনাদের কি শুক্রবার সকালে সময় হবে?,আমনেগো কি শুক্কুরবার বেইন্নাকালে সময় হইবে?,অনরার কি শুক্কুরবার বেইন্না সময় অইবো নে?,আফনেরার কি শুক্রবার সকালে সময় হইব?,আন্নেগর কি শুক্কুরবার সকালে সময় অইব, আফনারার কিতা শুক্রবার সখালে সময় অইবো নি? 
যদি আমি ভুল করি তাহলে আমাকে দয়া করে শুধরে দিবেন,যদি মুই ভুল করি তাইলে মোরে দয়া কইরা শুধরাইয়া দেবেন,যদি আঁই বুল গরি তইলে দয়া গরি আঁরে শুদরাই দিয়ন,যদি আমি ভুল করি তাইলে আমারে দয়া কইরা শুধরায়া দিবেন,যদি আই ভুল করি তইলে আর ভুল ধরি দিয়েন দয়া করি,যদি মুই ভুল খরি তাইলে মোরে শুধরাইয়া দিবা
আমি কি শুধু একটা জিনিস বলতে পারি দয়া করে?,মুই কি খালি এউক্কা জিনিস কইতে পারি দয়া কইরা?,আঁই কি দয়া গরি শুদু এক্কান জিনিস হইত ফারি?,আমি কি খালি একটা জিনিস কইতে ফারি দয়া কইরা?,আই কি হুদা এককান জিনিস কইতাম হারি দয়া করি,মুই কিতা খালি এখটা জিনিস খইতাম ফারি নি দয়া খরি? 
আপনার কোনো প্রশ্ন আছে?,আমনের কোনো প্রোশ্নো আছে?,অনর কি হনো ফ্রশ্ন আচে নে,আফনের কুনো প্রশ্ন আসে?,আন্নের কোন প্রশ্ন আছে,আফনার কুনতা জিকানির আছে নি? 
একটা কথাও আর বলবে না,এউক্কা কথাও আর কইয়ো না,আর এক্কান হতাও ন হইবা,একটা কথাও আর কইবা না,আই এককান কতা ও আর কইতান্ন,এখটা মাতও আর মাতবায় না 
আপনারা যারা আমাকে এখনো চিনেন না,আমনেরা যারা মোরে এহনো চেনেন না,অনরা যারা আঁরে এইযো ন চিনন,আফনেরা যারা আমারে এহনো চিনেন না,আন্নেরা যারা অনো আরে চিনেন না,আফনারা যেরা মোরে এখনো চিনইন না 
তিনি আমার সাথে দেখা করলেন,হ্যায় মোর লগে দেহা করছে,ইবা আঁর ফোয়ারে দেহা গইরগে,উনি আমার লগে দেখা করলেন,হেতে আর লগে দেয়া কইচ্ছে,তাইন মোর লগে দেখা করলা 
আমি পাঁচ বছর চাকরি করেছিলাম,মুই পাঁচ বছর চাকরি করছেলাম,আঁই পাঁচ বচর চ অরি গইরগিলাম,আমি পাঁচ বছর চাকরি করসিলাম,আই হাচ বছর চাকরি কইচ্ছিলাম,মুই পাঁচ বত্‌শর চাকরি করছিলাম 
আমার কিন্তু সোভিয়েত দেশ ভালো লাগত,মোর কোলো সোভিয়েত দেশ ভালো লাগতো,আঁর কিন্তু সোবিয়েত দেশ গম লাগিতো,আমার কিন্তু সোভিয়েত দেশ ভালা লাগত,আর কিন্ত সোভায়েত দেশ ভালা লাইগদ,মোর কিন্তুক সোভিয়েত দেশ ভালা লাগতো
অনেকগুলো রাশিয়ান শব্দ শিখেছিলাম,বেমালা গুলা রাশিয়ান শব্দ শেখছিলাম,বউত রাশিয়ান শব্দ শিক্কিলাম,অনেকগুলা রাশিয়ান শব্দ শিখসিলাম,মেলাগুন রাশিয়ান শব্দ হিকছিলাম,বাক্কা রাশিয়ান শব্দ হিকছিলাম
হঠাৎ শীত করে উঠল আমার,আচুক্কা শীত কইরা উঠলো মোর,আতিক্কা আত্তুন শিত গরি উইট্টিল,হঠাৎ শীত কইরা উঠল আমার,হঠাৎ শীত লাগি উইটলো,আখতা শীত লাগিয়া উটলো মোর
বিছানায় শুয়ে টিভি দেখছিলাম,হিতানে হুইয়া টিবি দ্যাখতেয়াছেলাম,বিচানাত লুডি টিবি দেইক্কিলাম,বিসনাত শুয়া টিভি দেখতাসিলাম,বিছনাত হুতি টিভি দেইকতাছিলাম,বিছনাত হুতি টিভি দেখাত আছলাম 
"কিছু মনে করবেন না, আপনাকে একটা কথা বলব ?","কিছু মনে করবেন না, আমনারে এউক্কা কথা কমু?","কিচু মনে ন গইরগন, অনরে এক্কান হতা হয়্যুম নে ?","কিছু মনে কইরেন না, আফনেরে একটা কথা কমু ?",কিছু মনে করিয়েন না আন্নেরে এককান কতা  কইতাম নি,কুচ্চু মনো খরইন না যেন আফনারে এখতা খতা খইতাম? 
আমরাই কিছু বুঝতাম না,মোরা কিচ্ছু বোঝতাম না,আঁরাই কিচু ন বুইজতাম,আমরাই কিসু বুঝতাম না,আমরাই কিছু বাইজদাম না, আমরাউ কুনতা বুঝতাম না
সে রকম বাজে ছেলের পাল্লায় পড়লে সর্বনাশ হয়ে যেত,হেই রহম খারাপ পোলার পাল্লায় পরলে সর্বনাশ হইয়া যাই্তে,ইতার নান বাযে ফোয়ার ফাল্লাত ফইরলে সর্বনাশ অই যাইতো,হেইরম বাজে ছেড়ার পাল্লায় পড়লে সর্বনাশ হয়া যাইত,হেইক্কান বাজে হোলার হাল্লাত হইডলে সর্বনাশ অই যাইত,হিলান বাদুয়া ফুয়ার চক্করো ফরলে সর্বনাশ অই যাইতো 
একটি ছোট্ট গ্রামে একজন মেয়ে ছিল,এউক্কা ছোডো গেরামে এউক্কা মাইয়া আল্লেহ,গুরিচ্চাইন্না এক্কান গেরামত ওজ্ঞা মাইফোয়া আচিল,একটা ছোট্ট গ্রামে একজন মাইয়া আসিল,এককান ছোট্ট গেরামে  এগগা মাইয়া আছিলো,এখটা হুরুমুরু গাউত এখ ফুড়ি আছিল
মেয়েটির একজন ভালো বন্ধু ছিল,মাইয়াডার এউক্কা ভালো দোস্তো আল্লেহ,মাইফোয়া ইবার ওজ্ঞা বালা বন্দু আচিল,ছেড়িডার একটা ভালা বন্ধু আসিল,মাইয়াগার এককান ভালা বন্ধু আছিলো,ফুড়ি ইগুর এখটা ভালা বন্ধু আছিল
তাঁদের প্রতিদিন একসাথে খেলা করতে পছন্দ ছিল,হ্যাগো পেরতেকদিন একলগে খেলা হরতে পছন্দ আল্লেহ,তারার ফত্তিন এক্কোফোয়ারে কেলা হন ফচন্দ আচিল,তারার প্রত্যেকদিন একসাথে খেলা করতে পসন্দ আসিল,হেতাগো হইতৈদিন একলগে  খেইলতো হছন্দ,ইতার ফত্তেকদিন একলগে খেলানি পছন্দ আছিল
আমরা সেখানে অনেক মজা করব,মোরা হেইহানে বেমালা মজা করমু,আঁরা এডে বউত মজা গইরগম,আমরা অইহানে অনেক মজা করবাম,আমরা হিয়ানে অনেক মজা করুম,আমরা হিকানো অনেখ মজা খরমু 
তারা একটি দূর পাহাড়ের দিকে যাবার পথে একটি পুকুর দেখল,হ্যারা এউক্কা দূর পাহাড়ের দিকে যাওয়ার রাস্তায় এউক্কা পুহুইর দেখলো,ইতারা দুরে ওজ্ঞা ফাআরর ইক্কা যাইবার ফতত ওজ্ঞা ফইর দেইক্কে,হেরা একটা দূর পাহাড়ের দিকে যাওনের পথে একটা পুষকুনি দেখল,হেতারা দূরির এগগা  পাহাড়ে যাইবার হতে এককা পুকুর দেইকল,তারা দূরই এখটা পাহাড়র বায় যাওয়ার পতো এখটা পুকোইর দেখলা
পুকুরে খুবই সুন্দর একটি পাখি দেখতে পেলো,পুহুইরে বেমালা সুন্দর এউক্কা পক্ষি দ্যাখতে পাইলো,ফইরত কুব সুন্দর ওজ্ঞা ফাকি দেইক্কে,পুকুরে খুবই সুন্দর একটি পাখি দেখতে পেল,পুকুরে অনেক সুন্দর এককান পাখি  দেখতে হাইছে,পুকইরো বাক্কা সুন্দর এখটা পাখি দেখতো পাইলো 
আমরা তো পাখির মতো উড়তে পারিনা,মোরা তো পক্ষির নাহান ওরতে পারি না,আঁরা ত ফাকির নান উরিত ন ফারি,আমরা তো পাখির মতো উড়তাম পারিনা।,আরা তো হাকির মত উইড়তাম হারি না,আমরা তো পাখির লাখান উড়তাম ফারি না 
আমার দাঁত অনেক ব্যথা  করছে,মোর দাঁতে একছের ব্যতা করতেয়াছে,আঁর দাতে বউত বেতা গরের,আমার দাঁত মেলা ব্যথা করতাসে,আর দাঁতে  বহুত বেদনা করের,আমার দাঁতও বেশেবা বেদনা করের
আমার মাথা অনেক ব্যথা  করছে,মোর মাথায় একছের ব্যতা করতেয়াছে,আঁত্তুন বউত মাতা হরার,আমার মাথা মেলা ব্যথা করতাসে,আর মাতা  বহুত বেদনা করের,আমার মাথাত বেশেবা বেদনা করের
সোহাগ নামক একটি ছেলে ছিল,সোহাগ নামের এউক্কা পোলা আল্লেহ,সোহাগ নামর ওজ্ঞা ফোয়া আচিল,সোহাগ নামের একটা ছেড়া আসিল,সোহাগ নামে ইজ্ঞা হোলা আছিলো,সোহাগ নাম ওর একগু ফুয়া আছিল
হাজারো স্মৃতি জড়িয়ে আছে এই গানের মধ্যে,হাজারো স্মৃতি জড়াইয়া আছে এই গানডার মইধ্যে,আযার সৃতি বেরাই আচে এ গানর মাযে,হাজারটা স্মৃতি জড়ায়া আসে এই গানের মধ্যে,হাজার স্মিতি জোয়াই আছে এ গানের ভিত্ত্বে,হাজারটা স্মৃতি জড়াই রইছে ওউ গান ওর মাঝে
এখন আমি কত বড় হয়ে গেছি,মুই এহন বেমালা বড় হইয়া গেছি,এহন আঁই হত্ত বর অই গেইয়্যি গই,এহন আমি কত বড় হয়া গেসি,অন আই কত্ত বড্ডা হই গ্যেছি,ওখন আমি কত বড় ওই গেছি
এখন আবার একটা মেয়েকে অনেক ভালবাসি,এহন আবার একটা মাইয়ারে বেমালা ভালবাসি,এহম আবার ওজ্ঞা মাইফোয়ারে বউত বালোবাসি,এখন আবার একটা মাইয়ারে অনেক ভালবাসি,অন আবার ইজ্ঞা মাইয়ারে বহুত ভালোবাসি,ওখন আবার একগু ফুরিরে বউত বালা ফাই
কান্না এসে যায় এই গান শুনলে,কান্দন আইয়া পরে এই গানডা হোনলেই,হান্দানি আই যা গই গান ইবা ফুনিলে,কান্দন আইয়া যায় এই গান হুনলে,কান্দন আইয়্যে এ গান হুইনলে,কান্দা আইওয় ওউ গান হুনলে
জীবন থেকে কি করে এত তাড়াতাড়ি দিনগুলো কেঁটে গেল হিসাব মিলাতে পারিনা,জীবন দিয়া ক্যাম্নে এত হওালে দিন গুলান কাইট্টা গ্যালে হিসাব মিলাইত পারিনা,যিবনতত্তুন কেন গরি এত তারাতারি দিন্নুন হাডি গেয়্যুই ইসাব মিলাইত ন ফারির,জীবন থাইক্কা কি কইরা এত তাড়াতাড়ি দিনগুলা কাইটা গেল হিসাব মিলাইতে ফারিনা,জীবন তুন কেন্নে করি এতো ত্যাতাই দিনগুন কাডি গেলো হিসাব মিলাইতাম হারি না,জীবন তনে কিলা ওতো জলদি দিন ওকল কাটি গেলো হিসাব মিলাইতে পারিয়ার না
ভালোবাসা মানে তো মানুষের জীবন,ভালোবাসা মানেই হইলে মানের জীবন,বালবাসা মানে ত মানুষর জিবন,ভালোবাসা মানে তো মানুষের জীবন,ভালোবাসা মানেই তো মাইনস্যের জীবন,ভালোবাসা মানে তো মাইনষের জীবন
এই ভালোবাসা না থাকলে মানুষের জীবনের সুখের আশা করাটাই ভুল,এই ভালোবাসা না থাকলে মানের জীবনে সুখের আশা করাডাই ভুল,এই বালবাসা ন তাহিলে মানুষর জিবনত সুক অর আশা গরা আন ইই বুল,এই ভালবাসা না থাকলে মানুষের জীবনের সুখের আশা করনডাই ভুল,এ ভালোবাসা না থ্যাইকলে মাইনস্যের জীবনের সুখের আশা করাট্যাই ভুল,ওউ ভালোবাসা না থাকলে মাইনষের জীবন ওর সুখ ওর আশা করাউ ভুল
কোন কিছুই খুব সহজে হারিয়ে যায় না,কোন কিছুই এক্কালে সহজে হারাইয়া যায় না,হনোকিচুই সহজে আযি ন যাগই,কোন কিছুই খুব সহজে হারিয়ে যায় না,কোনো কিচ্ছু এতো সহজে আঁজি যায় না,কুন্তাউ ওতো সহজে হারাই যায় না
গল্পের কথা যখনই আসে তখনই আমাদের শিশুদের কথা মনে পড়ে,কেসসা কতা জহনই আয় তহনই মোগো গেদুগো কতা মনে পড়ে,গল্ফর হতা যেত্তে আইয়্যে এত্তেই আঁরার গুরা ফোয়াওক্কল অর হতা মনোত ফরে,গল্পের কথা যহনই আসে তহনই আমরার শিশুরার কথা মনে ফড়ে,গল্পের কতা যেত্ত্বে আইয়্যে হেত্ত্বে আজ্ঞোর ব্যাইচ্চাগোর কতা মনে হড়ে,গফ ওর মাত যখন ওয় আয় তখন ওউ আমরার বাইচ্চাইন্তোর কথা মন-ও পড়ি যায়
শিশুরা প্রধানত গল্প শুনতে খুব ভালোবাসে,গেদুরা আসলে কেসসা হোনতে একছের ভালোবাসে,গুরা ফোয়াওক্কল ফ্রদানত কিচ্চা ফুইন্তো বর বালবাসে,শিশুরা প্রধানত গল্প হুনতে মেলা ভালবাসে,ব্যাইচ্চারা মূলত গল্প হুইনত্ত্বে বহুত ভালোবাসে,বাইচ্চাইন্তে আসলে গফ হুনতে খুব বালা পায়
আমার মনে হয় আমাদের এখানে শেষ করা উচিত,মোর মনে হয় মোগো এইহানে শ্যাষ করা উচিত,আঁর মনো অই আঁরার এডে শেষ গরা উচিত,আমার মনে হয় আমরার এহানে শেষ করন উচিত,আর মনে হয় আজ্ঞোর ইয়ানে শেষ করা উচিত,আমার লাগের আমরার ওনোউ শেষ করা উচিত 
"যদি সময় পাওয়া যায়, আমরা আরো দেখবো","যদি সময় পাওন যায়, মোরা আরো দেহুম",যদি সময় তাকে আঁরা আরো দেইক্কোম,"যদি সময় পাওয়ন যায়, আমরা আরো দেখবাম","যদি সময় হাই , আন্ডা আরো দ্যেইকমু","যদি সময় মিলে, তে আমরা আরো দেখমু নে"
আপনার সাথে দেখা হয়ে আসলেই খুব ভালো লাগলো,আম্নের লগে দেহা হইয়া আসলেই খুব ভাল লাগজে,অনর ফোয়ারে দেহা অই আসলেই কুব গম লাইজ্ঞে,আপনার সাথে দেহা হয়া আসলেই খুব ভালা লাগলো,অন্নের লগে দ্যেয়া অই আসলেই বহুত বালা  লাগছে,আফনার লগে দেখা ওইয়া আসলেউ বাক্কা বালা লাগলো
আমাকে এখন ঘুমাতে দিন,মোরে এহন ঘুমাইতে দ্যান,আঁরে এহন গুম যাইত দন,আমারে এহন ঘুমাইতে দেন,আরে অন ঘুমাইতে দ্যেন,আমারে ওখন ঘুমাইতে দেউকা
আমি আপনার সাথে পরে দেখা করব,মুই আম্মের লগে পরে দেহা করমু,আঁই অনর লই ফরে দেহা গইরগম,আমি আফনের সাথে পরে দেহা করবাম,আই আন্নের লগে হরে দেয়্যা করুম,আমি আফনার লগে বাদে দেখা করিয়ার
চলো পড়াশুনা করি,লও পড়াশুনা করি,চলো ফরাশোনা গরি,চল পড়াশুনা করি,চল হড়ালেয়া করি,চলোউকা পড়ি
চলো একটা বিরতি নেই,লও একখান বিরতি লই,চলো এক্কান বিরতি লই,চল একটা বিরতি নেই,চল ইজ্ঞা বিরতি লই,চলো থুরা থামি
চলো বিশ্রাম নেয়া যাক,লও জিরাইয়া নেওয়া জাউক,চলো বিশ্রাম লই,চল বিশ্রাম নেওয়ন যাক,চল জিরাই লই,চলো বিশ্রাম লই
আমি কি দয়া করে এখানে আসতে পারি?,মুই কি দয়া কইররা এইহানে আইতে পারি?,আঁই কি দয়া গরি এডে আইত ফাইরগম নে?,আমি কি দয়া কইরা এইহানে আইতে পারি?,আই কি দয়া করি ইয়ানে আইতাম হারি?,আমি কিতা দয়া করি ওখন আইতে পারি নি?
"যেহেতু সবাই এখানে আছে, আমাদের শুরু করা উচিত এখন","যেহেতু বেবাক এইহানে আছে, মোগো শুরু করা উচিত এহন",যেহেতু বেজ্ঞুন এডে আচে আঁরার শুরু গরা উচিত,"যেহেতু সবাই এইহানে আসে, আমারার শুরু করা উচিত এহন","যেহেতু বেজ্ঞুনে ইয়ানে আছে, আমগোর শুরু করা উচিন অন","যেহেতু হক্কল ওউ ওনো আছে, আমরার ওখন শুরু করি দেওয়া উচিত"
আমরা এখানে আছি আলোচনা করার জন্য,মোরা এইহানে আছি আলোচনা করার লইজ্ঞা,আঁরা এডে আচি আলোচনা গরিবর লাই,আমরা এইহানে আসি আলোচনা করার লাইজ্ঞা,আন্ডা ইয়ানে আছি আলোচনা করার লাই,আমরা ওনো আছি ওউ আলোচনা করার লাগি
আমরা এখানে আজ উপস্থিত আছি কথা বলার জন্য,মোরা এইহানে আইজ উপস্থিত আছি কতা কওআর লাইজ্ঞা,আঁরা এডে আযিয়া উফস্তিত আচি হতা হইবার লাই,আমরা এইহানে আইজ উপস্থিত আসি কথা বলার লাইজ্ঞা,আন্ডা ইয়াানে আইজ্জা হাজির হইছি কতা কইবের লাই,আমরা ওনো আইজ উপস্থিত আছি মাতার লাগি
আপনি কি বাংলা সিনেমা দেখতে ভালোবাসেন?,আম্নে কি বাংলা সিনেমা দ্যাখতে ভালোবাসেন?,অনে কি বাংলা চিনেমা চাইতো বালবাসন নে?,আফনেরা কি বাংলা সিনেমা দেখতে ভালবাসেন?,আন্নে কি বাংলা সিনেমা দেখতে ভালোবাসেন?,আফনে কিতা বাংলা সিনেমা দেখতে বালা পাইন নি?
আমি আপনাকে ধন্যবাদ জানাতে চাই,মুই আম্নেরে ধইন্যবাদ জানাইতে চাই,আঁই অনরে দইন্যবাদ জানাতাম চাই,আমি আফনেরে ধন্যবাদ জানাইতাম চাই,আই আন্নেরে ধন্যবাদ দিতাম চাই,আমি আফনারে ধন্যবাদ জানাইতে চাই
আপনার জন্মদিন কবে?,আম্নের জন্মদিন কবে?,অনর জন্মদিন হত্তে?,আফনের জন্মদিন কবে?,আন্নের জন্মদিন ক্যত্ত্বে?,আফনার জন্মদিন কবে?
আপনি কি এখানে থাকতে পারেন?,আম্নে কি এইহানে থাকতে পারেন?,অনে কি এডে তাকিত ফারিবান নে?,আফনে কি এইহানে থাকতে ফারেন?,আন্নে কি ইয়ানে থ্যাইকতে হারেন?,আফনে কিতা ওনো থাকতে ফারবা নি?
আপনি কি কথা বলতে পারেন ইংরেজিতে?,আম্নে কি কতা কইতে পারেন ইংলিশে?,অনে কি ইংরেজিত হতা হইত ফারোন নে?,আফনে কি কথা কইতে ফারেন ইংরেজিতে?,আন্নে কি কতা ক্যইতে হারেন ইংলিশে?,আফনে কিতা ইংরেজি মাত্তে ফারোইন নি?
আপনি কি এই প্রশ্নের জবাব দিতে পারবেন?,আম্নে কি এই পরোশনো জবাব দেতে পারবেন?,অনে কি ফ্রশ্ন ইবার জবাব দিত ফারিবান নে?,আফনে কি এই প্রশ্নের জবাব দিতে ফারবাইন?,আন্নে কি এ প্রশ্নের জবাব দিতে হ্যাইরবেন?,আফনে কিতা ওউ প্রশ্ন'র জবাব দিতা ফারবা নি?
আমি আপনার জন্য অপেক্ষা করছি,মুই আম্নের লইজ্ঞা অপেক্ষা করতেয়াছি,আঁই অনর লাই আফেক্কা গরির,আমি আফনের লাইজ্ঞা অপেক্ষা করতাসি,আই আন্নের লাই অপেক্ষা করিয়ের,আমি আফনার লাগি অপেক্ষা করিয়ার
আপনি কি বাংলা নাটক দেখতে পারেন?,আম্নে কি বাংলা নাটক দ্যাখতে পারেন?,অনে কি বাংলা নাটক দেইত ফার অন?,আফনে কি বাংলা নাটক দেখতে পারেন?,আন্নে কি বাংলা নাটক দেকতে হারেন?,আফনে কিতা বাংলা নাটক দেখতে ফারোইন নি?
আপনি কি কোনো কবিতা লিখতে পারেন?,আম্নে কি কোন কবিতা ল্যাখতে পারেন?,অনে কি হনো বাংলা কবিতা লেকিত ফার অন?,আফনে কি কুনো কবিতা লিখতে পারেন?,আন্নে কি কোনো কবিতা ল্যিকতে হারেন?,আফনে কিতা কোন কবিতা লেখতা ফারোইন নি?
আপনি কি এই বইটি পড়তে পারেন?,আম্নে কি এই বইডা পড়তে পারেন?,অনে কি এই বইওয়া ফরিত ফার অন?,আফনে কি এই বইডা পড়তে পারেন?,আন্নে কি এ বইগা হড়তে হারেন?,আফনে কিতা ওউ বইটা পড়তা ফারবা নি?
আপনি কি কোনো গানে নাচতে পারেন?,আম্নে কি কোনো গানে নাচতে পারেন?,অনে কি হনো গান অত নাচিত ফার অন?,আফনে কি কুনো গানে নাচতে পারেন?,আন্নে কি কোনো গানে ন্যাইচতে হারেন?,আফনে কিতা কোন গান-ও নাচতা ফারবা নি?
তুই কি এই বইটি পড়তে পারিস?,তুই কি বইডা পড়তে পারো?,তুই কি এই বইওয়া ফরিত ফার অস নে?,তুইন কিতা এই বইডা পড়তে হারস?,তুই কি এ বইগা হড়তে হারিস?,তুই কিতা ওউ বই ওগু পড়তে ফারোস নি?
তুই আমার সঙ্গে একটি গান গাইতে  পারবি?,তুই মোর লগে এউক্কা গান গাইতে পারবি?,তুই আঁর ফোয়ারে ওজ্ঞা গান গাইত ফারিবি নে?,তুই আমার সাথে একটা গান গাইতে পারবি?,তুই আর লগে এজ্ঞা গান গাইতে হ্যাইরবি?,তুই আমার লগে একটা গান গাইতে ফারবে নি?
তুই আমার পাশে থাকতে চাস ?,তুই মোর লগে থাকতে চাও?,তুই আঁর ডাহদ্দি তাইক্তো চস নেম?,তুই আমার লগে থাকতে চাস ?,তুই আর লগে থাকতে চাস?,তুই কিতা আমার লগে থাকতে চাস?
তুই কি এই সিনেমা দেখতে চাস ?,তুই কি এই সিনেমাডা দ্যাকতে চাও?,তুই কি চিনেমাইবা চাইত চস নে?,তুইন কিতা এই সিনেমা দেখতে চাস ?,তুই কি এ ছিনেমা দ্যেকতে চাস?,তুই কিতা ওউ সিনেমা ওগু দেখতে চাস নি?
তুই আমার জন্য কী ভালোবাসতে পারবি?,তুই মোর লইজ্ঞা কী ভালোবাসতে পারবি?,তুই আঁর লাই কি বালবাসিত ফারিবি নে?,তুইন আমার লাইজ্ঞা কী ভালোবাসতে পারবি?,তুই আর লাই কি ভালোবাসতে হ্যাইরবি?,তুই আমার লাগি কিতা বালা ফাইবে নি?
তুই কি কখনো বাংলাদেশে ঘুরতে গিয়েছিলি?,তুই কি কহনো বাংলাদেশ ঘোরতে গ্যাছো?,তুই কি হনো অত্তে বাংলাদেশ গুইরতো গেইলি নে?,তুইন কিতা কহনো বাংলাদেশে ঘুরতে গেসিলি?,তুই কি কোনো দিন বাংলাদেশে ঘুইরবের লাই গেছেলি?,তুই কিতা কোন সময় বাংলাদেশ ঘুরাত গেছলে নি?
তুই আমার জন্য কোনো সুন্দর উপহার কিনতে পারবি?,তুই মোর লইজ্ঞা কোন সুন্দর উপহার কেনতে পারবি?,তুই আঁর লাই হনো সুন্দর উফার কিনিত ফারিবি নে?,তুইন আমার লাইজ্ঞা কুনো সুন্দর উফহার কিনতা পারবি?,তুই আর লাই কোনো সুন্দর উপহার ক্যিনতে হ্যাইরবি?,তুই আমার লাগি কোন সুন্দর উপহার কিনতে ফারবে নি?
তুই কি এই গানটি শুনতে ভালোবাসবি?,তুই কি এই গানডা হোনতে ভালবাসবি?,তুই কি গান ইবা ফুইন্তে বালবাসিবি?,তুইন কিতা এই গানডা হুনতে ভালবাসবি?,তুই কি এ গানগা হুইনতে ভালোবাসবি?,তুই কিতা ওউ গান হুনতে বালা ফাইবে নি?
তুই কি কখনো কবিতা লিখতে পারিস?,তুই কি কহনো কবিতা ল্যাখতে পারো?,তুই কি হনো অত্তে কবিতা লেকিত ফার অস নে?,তুইন কিতা কহনো কবিতা লিখতে পারিস?,তুই কি কোনদিন কবিতা ল্যিকতে হ্যারবি?,তুই কিতা কোন সময় কবিতা লেখতে ফারবে নি?
তুই আমার সঙ্গে কী ছবি তোলতে পারবি?,তুই মোর লগে কি ছবি তোলতে পারবি?,তুই আঁর ফোয়ারে এক্কান চবি তুলিত ফারিবি নে?,তুইন আমার লগে কী ছবি তুলতে ফারবি?,তুই আর লগে কি ছবি ত্যুইলতে হ্যাইরবি ?,তুই কিতা আমার লগে ছবি তুলতে ফারবে নি?
তুই আমার কাছে এসব কিছু শিখতে চাস ?,তুই মোর ধারে এইয়া কিছু শেখতে চাও?,তুই আঁর হাচে এগিন শিক্ত চস নে?,তুইন আমার কাসে এইতা কিসু শিখতে চাস ?,তুই আর কাছে এসব কিছু শিখতে চাস?,তুই আমার তনে কিতা ওতা হিকতে চাস নিজ
তুই কি আমার জন্য কিছু লিখতে পারবি?,তুই কি মোর লইজ্ঞা কিছু ল্যাখতে পারবি?,তুই কি আঁর লাই কিচু লেকিত ফারিবি নে?,তুইন কিতা আমার লাইজ্ঞা কিসু লিখতে ফারবি?,তুই কি আর লাই কিছু ল্যিকতে হ্যাইরবি?,তুই আমার লাগি কুন্তা লেখতে ফারবে নি?
তুই কি আমার সঙ্গে বাংলায় কথা বলতে পারবি?,তুই কি মোর লগে বাংলায় কথা কইতে পারবি?,তুই কি আঁর ফোয়ারে বাংলাত হতা হইত ফারিবি নে?,তুইন কিতা আমার লগে বাংলায় কথা কইতে ফারবি?,তুই কি আর লগে বাংলায় কতা কইতে হ্যাইরবি ?,তুই কিতা আমার লগে বাংলায় মাত্তে ফারবে নি?
তুই কি এই স্কুলে পড়তে আসতে চাস ?,তুই কি এই ইস্কুলে পড়তে আইতে চাও?,তুই কি স্কুল ইয়ানত ফইরতো আইতো চস নে?,তুইন কিতা এই ইস্কুলে ফড়তে আইতে চাস ?,তুই কি এ ইস্কুলে হড়বের লাই আইতে চাস?,তুই কিতা ওউ স্কুল-ও পড়াত আইতে চাস নি?
রোনালদো ভালোবাসার চেয়েও বেশি কিছু,রোনালদো ভালোবাসার চাইয়াও বেশি কিছু,রোনালদো বালাবাসার চেয়েও বউত বেশি কিচু,রোনালদো ভালবাসার চেয়েও বেশি কিসু,রোনালদো ভালোবাসার তুনও বহুত কিছু,রোনালদো ভালোবাসার তাকিও বউত বেশি কিচ্ছু
আমরা মেসিকে ঘৃণা করি না,মোরা মেসিরে ঘিরনা করিনা,আঁরা মেসিরে গৃনা ন গরি,আমরা মেসিরে ঘৃণা করি না,আন্ডা মেসিরে ঘিণা করি না,আমরা মেসিরে ঘিন্নাই না
আমি ফুটবলের বিশ্বকাপ দেখতে যাচ্ছি,মুই ফুটবল বিশ্বকাপ দ্যাখতে যাইতেয়াছি,আঁই ফুটবল বিশ্বকাফ চাইতো যাইর,আমি ফুটবলের বিশ্বকাপ দেখতাম যাইতাসি,আই ফুটবলের বিশ্বকাপ দেকতাম যাইয়ের,আমি ফুটবল ওর বিশ্বকাপ দেখাত যাইয়ার
ফুটবল আমার প্রিয় খেলা,ফুটবল আমার পিরিও খ্যালা,ফুটবল আঁর ফ্রিয় কেলা,ফুটবল আমার প্রিয় খেলা,ফুটবল আর ফ্রিয় খেলা,ফুটবল আমার প্রিয় খেলা
আমি ফুটবল খেলতে ভালোবাসি,মুই ফুটবল খ্যালতে ভালোবাসি,আঁই ফুটবল কেইলত বালবাসি,আমি ফুটবল খেলতাম ভালবাসি,আই ফুুটবল খেলতে ভালোবাসি,আমি ফুটবল খেলতে বালা ফাই
কলকাতা মোহনবাগানের ফুটবল দল অনেক জনপ্রিয়,কলকাতা মোহনবাগানের ফুটবল দল বেমালা জনপ্রিয়,হলহাতার মোহনবাগানঅর ফুটবল দল বউত যনফ্রিয়,কলকাতার মোহনবাগানের ফুটবল দল মেলা জনপ্রিয়,কলকাতা মোহনবাগানের ফুটবল দল বহুত জনপ্রিয়,কলকাতা মোহনবাগান ওর ফুটবল দল বাক্কা জনপ্রিয় 
আমি ফুটবল খেলতে আমার বন্ধুদের সঙ্গে যাচ্ছি,মুই ফুটবল খ্যালতে মোর দোস্তগো লগে যাইতেয়াছি,আঁই ফুটবল কেইলতো আঁর বন্দুওক্কলর ফোয়ারে যাইর,আমি ফুটবল খেলতাম আমার বন্ধুরার সাথে যাইতাসি,আই ফুটবল খেলতে আর বন্ধুগোর লগে যাইয়ের,আমি ফুটবল খেলাত আমার বন্ধু ওকলতোর লগে যাইয়ার
আমার পছন্দের ফুটবল খেলোয়াড় লিওনেল মেসি,মোর পছন্দের ফুটবল খেলোয়াড় লিওনেল মেসি,আঁর পচন্দর ফুটবল কেলোয়ার লিওনেল মেসি,আমার পসন্দের ফুটবল খেলোয়াড় লিওনেল মেসি,আর ফছন্দের ফুটবল খেলোয়ার লিওনেল মেসি,মেসি ওইলো আমার পছন্দর ফুটবল খেলোয়াড় 
আমার বন্ধুরা সপ্তাহের মধ্যে দুইটি ফুটবল ম্যাচ খেলতে পারে,মোর দোস্ত গুলান সপ্তায় দুইডা ফুটবল ম্যাচ খ্যালতে পারে,আঁর বন্দুওক্কল সপ্তাই দুইয়্যান ফুটবল মেচ কেলিত ফারে,আমার বন্ধুরা সপ্তাহের মাঝে দুইডা ফুটবল ম্যাচ খেলতে পারে,আর বন্ধুরা  সপ্তাহের ভিত্ত্বে দুইগা ফুটবল ম্যাচ খেলতে হারে,আমার বন্ধু ওকলে সাপ্তার মাঝে দুইটা ফুটবল ম্যাচ খেলতো ফারে
আমি ফুটবল খেলার জন্য প্রস্তুত,মুই ফুটবল খ্যালার লইজ্ঞা প্রস্তুত,আঁই ফুটবল কেলার লাই ফ্রস্তুত,আমি ফুটবল খেলার লাইজ্ঞা প্রস্তুত,আই ফুটবল খেলার লাই প্রস্তুত,আমি ফুটবল খেলার লাগি প্রস্তুত
আমার পছন্দের ফুটবল দল আর্জেন্টিনা,মোর পছন্দের ফুটবল দল আর্জেন্টিনা,আঁর পচন্দর ফুটবল দল আর্জেন্টিনা,আমার পসন্দের ফুটবল দল আর্জেন্টিনা,আর ফছন্দের ফুুটবল দল আর্জেন্টিনা,আর্জেন্টিনা ওইলো আমার পছন্দের ফুটবল দল
ফুটবল ম্যাচে বিশ্বকাপ জয় করেছে ফ্রান্স,ফুটবল ম্যাচে বিশ্বকাপ জেতছে ফ্রান্স,ফুটবল মেচঅত বিশ্বকাফ জিয় গইরগে ফ্রান্স,ফুটবল ম্যাচে বিশ্বকাপ জয় করসে ফ্রান্স,ফুুটবল ম্যাচে বিশ্বকাপ জিতছে  ফ্রান্স,ফুটবল ম্যাচও বিশ্বকাপ জিতছে আর্জেন্টিনা
আমি ফুটবলে একটি গোল করেছি,মুই ফুটবলে এউক্কা গোল করছি,আঁই ফুটবলত ওজ্ঞা গোল গইরগি,আমি ফুটবলে একটা গোল করসি,আই ফুটবলে ইজ্ঞা গোল ক্যইচ্ছি,আমি ফুটবলও একগু গোল দিছি
ফুটবল খেলা আমার জীবনের অংশ,ফুটবল খ্যালা মোর জীবনের অংশ,ফুটবল কেলা আঁর যিবনঅর অংশ,ফুটবল খেলা আমার জীবনের অংশ,ফুটবল খেলা আর জীবনের অংশ,ফুটবল খেলা ওইলো আমার জীবন ওর অংশ
আমি প্রতিদিন ফুটবল খেলতে যাই,মুই পেরতেকদিন ফুটবল খ্যালতে যাই,আঁই ফত্তিন ফুটবল কেলা হাইতো যাই,আমি প্রত্যেকদিন ফুটবল খেলতাম যাই,আই হইত্যদিন ফুটবল খেলতাম যাই,আমি প্রতিদিন ফুটবল খেলাত যাই
বার্সেলোনা  ফুটবল ক্লাব খুব জনপ্রিয়,বার্সেলোনা ফুটবল কেলাব খুব জনপ্রিয়,বার্সেলোনা ফুটবল ক্লাব কুব যনফ্রিয়,বার্সেলোনা ফুটবল ক্লাব মেলা জনপ্রিয়,বার্সেলোনা ফুটবল ক্যালাব বহুত জনপ্রিয়,বার্সেলোনা ফুটবল ক্লাব  বাক্কা জনপ্রিয় 
আমি ফুটবল ম্যাচ দেখতে খুব ভালোবাসি,মুই ফুটবল ম্যাচ দ্যাখতে বেমালা ভালোবাসি,আঁই ফুটবল মেচ দেইক্তো কুব বালবাসি,আমি ফুটবল ম্যাচ দেখতাম মেলা ভালবাসি,আই ফুটবল  ম্যাচ দেকতে বহুত ভালোবাসি,আমি ফুটবল ম্যাচ দেখতে খুব বালা ফাই
বাংলাদেশের জনপ্রিয় ফুটবলারগুলি অনেক উচ্চ মানের খেলোয়াড়,বাংলাদেশের জনপ্রিয় ফুটবলারগুলান অনেক উচু মানের খেলোয়াড়,বাংলাদেশঅর যনফ্রিয় ফুটবলার ওক্কল বউত উচ্চমানর কেলোয়ার,বাংলাদেশের জনপ্রিয় ফুটবলারগুলা মেলা উচা মানের খেলোয়াড়,বাংলাদেশের জনপ্রিয় ফুটবলারঅগল বহুত ভালা মানের খেলোয়াড়,বাংলাদেশ ওর জনপ্রিয় ফুটবলার ওকল বাক্কা উচা মান ওর খেলোয়াড় 
ফুটবল খেলার সময় আমি আনন্দ পাই,ফুটবল খ্যালার কালে মুই আনন্দ পাই,ফুটবল কেলারসত আঁই আনন্দ ফাই,ফুটবল খেলার সময় আমি আনন্দ পাই,ফুটবল খেলার সময়  আই আনন্দ হাই,ফুটবল খেলার সময় আমি বাক্কা আনন্দ ফাই
আমি ফুটবল ম্যাচগুলি দেখতে ভালোবাসি,মুই ফুটবল ম্যাচগুলান দ্যাখতে ভালোবাসি,আঁই ফুটবল মেচ্চিন দেইক্তো বালবাসি,আমি ফুটবল ম্যাচগুলা দেখতাম ভালবাসি,আই ফুটবল ম্যাচগুন দেকতে ভালোবাসি,আমি ফুটবল ম্যাচ ওকল দেখতে বালা ফাই
আমি ফুটবল ম্যাচে উপস্থিত হতে চাই,মুই ফুটবল ম্যাচে উপস্থিত হইতে চাই,আঁই ফুটবল মেচত উফস্তিত অইত চাই,আমি ফুটবল ম্যাচে উপস্থিত হইতাম চাই,আই ফুটবল ম্যাচে থ্যাইকতাম চাই,আমি ফুটবল ম্যাচ-ও থাকতাম চাই
ব্রাজিল ফুটবল দল বিশ্বসেরা,ব্রাজিল ফুটবল দল বিশ্বসেরা,ব্রাজিল ফুটবল দল বিশ্ব সেরা,ব্রাজিল ফুটবল দল বিশ্বসেরা,ব্রাজিল ফুটবল দল বিশ্বসেরা,ব্রাজিল ওর ফুটবল দল ওগু বিশ্বসেরা 
আমি ব্রাজিল ফুটবল দলকে সমর্থন করি,মুই ব্রাজিল ফুটবল দলেরে সমর্থন করি,আঁই ব্রাজিল ফুটবল দলরে সমর্তন গরি,আমি ব্রাজিল ফুটবল দলরে সমর্থন করি,আই ব্রাজিল ফুটবল দলরে সমর্থন করি,আমি ব্রাজিল ফুটবল দলরে সমর্থন করি
ব্রাজিল ফুটবল দল একটি শক্তিশালী দল,ব্রাজিল ফুটবল দল এউক্কা শক্তিশালী দল,ব্রাজিল ফুটবলত একজ্ঞো শক্তিশালী দল,ব্রাজিল ফুটবল দল একটা শক্তিশালী দল,ব্রাজিল ফুটবল দল ইজ্ঞা শক্তিশালী দল,ব্রাজিল ওর ফুটবল দল একটা শক্তিশালী দল
ব্রাজিল ফুটবল দল বিশ্বকাপ চ্যাম্পিয়ন,ব্রাজিল ফুটবল দল হইলে বিশ্বকাপ চ্যাম্পিওন,ব্রাজিল ফুটবল দল বিশ্বকাফ চ্যাম্পিয়ন,ব্রাজিল ফুটবল দল বিশ্বকাপ চ্যাম্পিয়ন,ব্রাজিল ফুটবল দল বিশ্বকাপ স্যাম্পিয়ন,ব্রাজিল ওর ফুটবল দল বিশ্বকাপ চ্যাম্পিয়ন 
আমি আর্জেন্টিনা ফুটবল দলকে সমর্থন করি,মুই আর্জেন্টিনা ফুটবল দলেরে সমর্থন করি,আঁই আর্জেন্টিনা ফুটবল দলরে সমর্তন গরি,আমি আর্জেন্টিনা ফুটবল দলরে সমর্থন করি,আই আর্জেন্টিনা ফুটবল দলরে সমর্থন করি,আমি আর্জেন্টিনার ফুটবল দলরে সমর্থন করি
আমি বাংলাদেশ ক্রিকেট দলকে সমর্থন করি,মুই বাংলাদেশ কিরকেট দলেরে সমর্থন করি,আঁই বাংলাদেশ ক্রিকেট দলরে সমর্তন গরি,আমি বাংলাদেশ ক্রিকেট দলরে সমর্থন করি,আই বাংলাদেশ ক্রিকেট দলরে সমর্থন করি,আমি বাংলাদেশ ওর ক্রিকেট দলরে সমর্থন করি
বাংলাদেশ ক্রিকেট দল শক্তিশালী দলের মধ্যে একটি,বাংলাদেশ ক্রিকেট দল শক্তিশালী দল গুলানের মইধ্যে এউক্কা,বাংলাদেশ ক্রিকেট দল শক্তিশালি দল্লিনঅর মদ্ধে এক্কান,বাংলাদেশ ক্রিকেট দল শক্তিশালী দলের মধ্যে একটা,বাংলাদেশ ক্রিকেট দল শক্তিশালী দলের ভিত্ত্বে ইজ্ঞা,বাংলাদেশ ওর ক্রিকেট দল শক্তিশালী দল ওকলতোর মাঝে একটা
মেঘনা নদী বাংলাদেশের একটি প্রধান নদী,মেঘনা নদী বাংলাদেশের এউক্কা পোরধান নদী,মেগনা বাংলাদেশঅর এক্কান ফ্রদান নদি,মেঘনা নদী বাংলাদেশের একটা প্রধান নদী,মেঘনা নদী বাংলাদেশের ইজ্ঞা ফদান নদী,মেঘনা ওইলো বাংলাদেশ ওর একটা প্রধান নদী 
নীল নদী আফ্রিকার প্রধান নদীর একটি,নীল নদী আফ্রিকার পোরধান নদীর এউক্কা,নিল নদ আফ্রিকার ফ্রদান নদির এক্কান,নীল নদী আফ্রিকার প্রধান নদীর একটা,নীল নদী আফ্রিকার ফদান নদীর ইজ্ঞা,নীল নদী ওইলো আফ্রিকার প্রধান নদীর মাঝে একটা
নীল আকাশের নিচে তোমার হাত ধরে হেঁটে যেতে  চাই,নীল আকাশের তলে তোমার হাত ধইররা হাইট্টা যাইতে চাই,নিল আসসান অর নিচে তোঁয়ার আত দরি আইটত চায়,নীল আকাশের নিচে তোমার হাত ধরে হাইটটা যাইতাম চাই,নীল আকাশের তলে দি তোয়ার আত ধরি আডি যাইতাম চাই,নীল আকাশ ওর নিচে তুমিতাইন ওর হাত ধরিয়া হাটিয়া যাইতাম চাই
তোমার সাথে নীল আকাশের নিচে বসে গল্প করতে চাই,তোমার লগে নীল আকাশের তলে বইয়া গল্প করতে চাই,তোঁয়ার ফোয়ারে নিল আসসান অর নিচে বই গল্ফ গইরতো চায়,তোমার সাথে নীল আকাশের নিচে বয়া গল্প করতাম চাই,তোয়ার লগে নীল আকাশের তলে ব্যই গল্প ক্যইরতাম চাই,তুমিতাইন ওর লগে নীল আকাশ ওর নিচে বইয়া গফ করতাম চাই
আমাজন নদী দুনিয়ার সবচেয়ে বড় নদী হিসাবে পরিচিত,আমাজন নদী দুনিয়ার সবচাইয়া বড় নদী হিসাবে পরিচিত,আমাযন নদি দুনিয়ার বেজ্ঞুনরতুন বরা ডর নদি,আমাজন নদী দুনিয়ার সবচেয়ে বড় নদী হিসাবে পরিচিত,আমাজন নদী দুন্নার  সবচাইতে বড্ডা নদী হিসাবে হরিচিত,আমাজন নদী দুনিয়ার সব তাকি বড় নদী হিসাবে পরিচিত 
আকাশের নীল রঙটি অসাধারণ,আকাশের নীল রংডা অসাধারন,আস্সান অর নিল রং ইবা অসাদারন,আকাশের নীল রঙডা অসাধারণ,আকাশের নীল রঙগা অসাধারণ,আকাশ ওর নীল রঙটা অসাধারণ 
আকাশে তারাগুলি আমাদেরকে আশা দেয়,আকাশের তারাগুলান মোগোড়ে আশা  দ্যায়,আস্সান অর তারাগুন আঁরারে আশা দে,আকাশে তারাগুলা আমারারে আশা দেয়,আকাশে তারাগুন আঙ্গোরে আশা দ্যেয়,আকাশ ওর তারা ওগুন্তে আমরারে আশা দেয়
আকাশে মেঘের কারণে বৃষ্টি পড়ে,আকাশে মেঘের লইজ্ঞা বিরিষ্টি পরে,আসসানে মিয়ালার লাই যর ফরের,আকাশে মেঘের কারণে বৃষ্টি ফড়ে,আকাশে মেঘের কারণে বৃষ্টি হরে,আকাশ ওর মেঘ ওর লাগি বৃষ্টি পড়ে
মাছগুলি পানির মধ্যে সুন্দর,মাছ গুলান পানির মইধ্যে সুন্দর,মাচ্চুন ফানির মাযে সুন্দর,মাছগুলা ফানির মধ্যে সুন্দর,মাছগুন হানির ভিত্ত্বে সুন্দর,মাছ ওগুন পানির মাঝে সুন্দর
তুমি এখানে থাকলে আমি খুশি,তুমি এইহানে থাকলে মুই খুশি,তুঁই এডে তাকিলে আঁই কুশি,তুমি এইহানে থাকলে আমি খুশি,তুওই ইয়ানে থ্যাইকলে আই খুশি,তুমি ওনো থাকলে আমি খুশি
আমি সকালে ঘুমিয়ে উঠি,মুই বেইন্না কালে ঘুমেগোনে উডি,আঁই বেইন্না গুম যাই উডি,আমি সকালে ঘুমায়া উঠি,আই সকালে ঘুমের তুন উডি,আমি সকাইলকু ঘুমাইয়া উঠি
আমার লাল রঙের গাড়িটি গতকাল চুরি হয়ে গেছে,মোর লাল রঙের গাড়িডা গতকাইল চুরি হইয়া গ্যাছে,আঁর লাল রং অর গারিয়ান গত হালিয়া চুরি অইয়্যে,আমার লাল রংগের গাড়িডা গতকালকে চুরি হয়া গেসে,আর লাল রঙ্গের গায়ইগা গতকাইল্লা চুরি হই গেছে,আমার লাল রঙ ওর গাড়ি ওগু গতকাইল চুরি ওই গেছে
আমার বাসায়  গতকাল রাতে চুরি হয়েছে,মোর বাসায় গতকাইল রাইতে চুরি হইছে,আঁর গর অত গতহালিয়া রাইত অত চুরি অইয়্যে,আমার বাসায় গতকালকে রাইতে চুরি হইসে,আর বাসাত গতকাইল্লা রাইতে চুরি হইছে,আমার বাসাত গতকাইল চুরি ওইছে
আমার গাড়ির রঙ হলো লাল,মোর গাড়ির রং হইলে লাল,আঁর গারির রং হালা,আমার গাড়ির রঙ হইলো লাল,আর গায়ইয়ের রঙ্গ হইলো লাল,আমার গাড়ি ওগুর রঙ ওইলো লাল
সহজ ভাষায় কথা বলা উচিত,সহজ ভাষায় কতা কওয়া উচিত,সহয বাসাত হতা হওয়া উচিত,সহজ ভাষায় কথা কওন উচিত,সোজা ভাষায় কতা  কন উচিত,সহজ ভাষায় মাতা উচিত
আমি আপনার সঙ্গে আছি,মুই আম্নের লগে আছি,আঁই অনর ফোয়ারে আচু,আমি আফনের লগে আসি,আই আন্নের লগে আছি,আমি আফনার লগে আছি
আমার আব্বু বিদেশে থাকে,মোর আব্বায় বিদেশ থাহে,আঁর আব্বু বিদেশ তাকে,আমার আব্বা বিদেশে থাহে,আর আব্বা বিদ্যেসে থ্যায়,আমার আব্বা বিদেশ থাকোইন
আমার ছোটো ভাই দুই মাস পর বিদেশে পড়ালেখা করতে যাবে,মোর ছোডো ভাই দুই মাস পর বিদেশ পরালেহা করতে যাইবে,আঁর চোড ভাই দুইমাস ফর বিদেশত ফরালেহা গইরতো যাইবো,আমার ছোডো ভাই দুই মাস বাদে বিদেশে পড়ালেহা করতে যাইব,আর ছোডো ভাই দুই মাস হরে বিদ্যেসে হড়ালেয়া কইরতো যাইবো,আমার ছোট ভাউ দুই মাস বাদে বিদেশ পড়ার লাগি যাইরো গি
আমার বড় বোন আমাকে অনেক ভালবাসে,মোর বড় বুইন মোরে অনেক ভালবাসে,আঁর বরবইন আঁরে বউত বালবাসে,আমার বড় বইন আমারে মেলা ভালবাসে,আর বড্ডা বইন আরে বহুত ভালোবাসে,আমার বড় বইনে আমারে খুব বালা ফায়
আমার বড় বোনকে আমি অনেক ভালবাসি,মোর বড় বুইন রে মুই অনেক ভালবাসি,আঁর বর বইনকে আই বউত বালবাসি,আমার বড় বোইনরে আমি অনেক ভালবাসি,আর বড্ডা বইনরে আই বহুত ভালোবাসি,আমার বড় বইনরে আমি খুব বালা ফাই
আপনার বড় বোনের কি বিয়ে হয়ে গেছে ?,আম্নের বড় বুইনের কি বিয়া হইয়া গ্যাছে ?,অনর বর বইনর কি বিয়া অই গেইয়্যুয় নে?,আপনার বড় বোইনের কিতা বিয়া হয়া গেসে ?,আন্নের বড্ডা বইনের কি বিয়া ঐ গেছে?,আফনার বড় বইন ওর কিতা বিয়া ওই গেছে নি?
তোর বড় ভাইয়ের নাম কি ?,তোর বড় ভাইয়ের নাম কি ?,তোর বর বাইয়ের নাম কি,তর বড় ভাইয়ের নাম কি ?,তোর বড্ডা ভাইয়ের নাম কিয়া?,তোর বড় ভাই ওর নাম কিতা?
তোর বড় ভাইয়ের সাথে আমার বিয়ে হওয়ার  কথা চলতাসে,তোর বড় ভাইয়ে্র লগে মোর বিয়া হওয়ার কতা চলতেয়াছে,তোর বর বাইয়ের ফোয়ারে আঁর বিয়ার হতা চলের,তর বড় ভাইয়ের লগে আমার বিয়া হওনের কথা চলতাসে,তোর বড্ডা ভাইয়ের লগে আর বিয়া ঐবের কতা চলের,তোর বড় ভাই ওর লগে  আমার বিয়া ওয়ার মাত চলের
বিদেশে ঘুরতে যাওয়া আমার স্বপ্ন,বিদেশ ঘোরতে যাওয়া মোর স্বপ্ন,বিদেশ অত গুইরতো যাওয়া আঁর সপ্ন,বিদেশে ঘুরতে যাওয়ন আমার স্বপ্ন,বিদ্যেসে ঘ্যুইরতে যাইবের আর স্বপ্ন,বিদেশ ঘুরাত যাওয়া আমার স্বপ্ন
আমি কখনই তোমাকে ভুলবো না,মুই কহনই তোমারে ভুল্মু না,আঁই হন অত্তে তোঁয়ারে ন বুইল্লম,আমি কহনই তোমারে ভুলতাম না,আই কোনোদিন তোওয়ারে ভ্যুইলতাম ন,আমি কোন সময় ওউ তোমারে ভুলতাম নায়
তুমি আমার জীবনের আলো,তুমি মোর জীবনের আলো,তুঁই আঁর যিবনর আলো,তুমি আমার জীবনের আলো,তুওই আর জীবনের আলো,তুমিতাইন ওইলায় আমার জীবন ওর আলো
সকালে পড়াশোনা করা ভালো উপায়,সকালে পরালেহা করা ভালো উপায়,বেইন্না ফরাশুনা গরা বালা,সকালে পড়াশুনা করা ভালা উপায়,বেয়ানে হড়ালেয়া করা বালা উপায়,সকাইলকু পড়ালেখা করা বালা উপায়
পরীক্ষার জন্য সকালে পড়াশোনা করা ভালো হয়,পরীক্ষার লইজ্ঞা সকালে পরালেহা করা ভালো,ফরিক্কার লাই বেইন্না ফরাশোনা গরা বালো,পরীক্ষার লাইজ্ঞা সহালে পড়াশুনা করা ভালা হয়,হরীক্ষার লাই বেয়ানে হড়ালেয়া করা বালা হয়,পরীক্ষার লাগি সকাইলকু পড়লে বালা ওয়
সকালে পড়াশোনা করে প্রতিদিন শুরু করা ভালো হয়,সকালে পরালেহা কইররা পেরত্তেকদিন শুরু করা ভালো হয়,বেইন্না ফরাশুনা গরি ফত্তিন শুরু গরা গম,সহালে পড়াশোনা কইরা প্রত্যেকদিন শুরু করা ভালা হয়,বায়ানে হড়ালেয়া করি হত্যদিন শুরু করা ভালা অয়,সকাইলকু পড়িয়া প্রতিদিন শুরু করলে বালা
সকালে পড়াশোনা করে আমি আরামে মনোযোগ দিতে পারি,সকালে পরালেহা কইররা মুই আরামে মনোযোগ দেতে পারি,বেইন্না ফরাশুনা গরি আঁই আরাম গরি মনোযোগ দিত ফারি,সকালে পড়াশুনা কইরা আমি আরামে মনোযোগ দিতাম ফারি,বেয়ানে হড়ালেয়া  করি আই আরামে মনোযোগ দিতাম হারি,সকাইলকু পড়লে আমি আরামে মনোযোগ দিতাম ফারি
সকালের শুরুতেই পড়াশোনা শুরু করা ভালো,সকালের শুরুতেই পরালেহা শুরু করা ভালো,বেইন্না ফ-য-রত ফরাশোনা শুরা গরা বালো,সকালের শুরুতেই পড়াশোনা শুরু করা ভালা,বেয়ানের শুরুতে হড়ালেয়া শুরু করা বালা,সকাইলকুর শুরু তাকি পড়ালেখা করা বালা
অনেকদিন আগে এক গ্রামে এক টুপি বিক্রেতা ছিলেন,অনেকদিন আগে এক গেরামে এক টুপি বিক্রেতা আল্লে,বউদ্দিন আগে এক গেরামঅত এক টুফিওয়ালা আচিল,মেলাদিন আগে এক গেরামে এক টুপি বিক্রেতা আসিন,বহুত দিন আগে এক গ্যেরামে এক টুপি ব্যেচইয়া আছিল,বাক্কা দিন আগে এক গ্রামও এক টুপিআলা আছলা
তিনি একদিন পাশের গ্রামে গিয়ে টুপি বিক্রি করছিলেন,হ্যায় একদিন পাশের গেরামে যাইয়া টুপি বেছতেয়াছেলে,ইবা একদিন পাশর গেরাম অত যাই টুফি বেচের,হেয় একদিন পাশের গেরামে গিয়া টুপি বিক্রি করতাসিল,হেতেন একদিন লগের গ্যেরামে যাই টুপি ব্যচতেছিলেন,তাইন একদিন লগ ওর গ্রাম-ও টুপি বেচছিলা
তিনি রাস্তা দিয়ে তার গ্রামের দিকে ফিরছিলেন,হ্যায় রাস্তা দিয়া হ্যার গেরামের দিক যাইতেয়াছেলে,ইবা রাস্তা দি তার গেরাম অর ইক্কা ফিরের,হেয় রাস্তা দিয়া হের গেরামের দিকে ফিরতাসিন,হেতেন হ্যতে দি হেতেনের গ্যেরামের মুই হিরের,তাইন রাস্তা দিয়া তান গ্রাম ওর দিকে ফিরছিলা
সেই সময় পাশ দিয়ে এক শিয়াল যাচ্ছিল,হ্যাই কালে লগে দিয়া এউক্কা হিয়াল যাইতেয়াছেলে,এত্তে ডাহদ্দি ওজ্ঞা ইয়াল যার,হেই সময় পাশ দিয়া একটা শিয়াল যাইতাসিল,হে সময় লগে দি এক শিয়াল যার,হউ সময় কান্দা দিয়া একগু শিয়াল যাইতো আছিল
আমাকে সেখানে নিয়ে চলো,মোরে হেইহানে লইয়া লও,আঁরে এডে লই য,আমারে ওইহানে নিয়া চল,আরে হিয়ানে লোই চল,আমারে ওনো লইয়া চলো
এরপর থেকে তারা দুজনই সবজি বাগানে গিয়ে পেট ভরে খাবার খেতো,হেইয়ার পর থেইক্কা হ্যারা দুইজন সবজি বাগানে যাইয়া প্যাট ভইররা খাওন খাইতে,এরফর অইতে ইতারা দুইজন সব্জি বাগানত যায় এরে ফেট বরি হানা হাইতো,এরপর থাইক্কা হেরা দুইজনই সবজি বাগানে গিয়া পেট ভইরা খাওন খাইত,এরহর তুন হেতেরা দোনোগা সবজি বাগানে যাই হেড ভৌরি খানা খাইতো,এর বাদে তাকি তারা দুইজন ওউ সবজি বাগান-ও গিয়া পেট ভরিয়া খাইতো
এখন তুমি গান গাইতে পারবে না,এহন তুমি গান গাইতে পারবা না,এহন তুঁই গান গাইত ন ফারিবা,এহন তুমি গান গাইতে পারতা না,অন তুই গান গাইতে হ্যাইত্যি ন,ওখন তুমিতাইন গান গাইতে ফারতায় নায়
আমি গান গাইতে চাই,মুই গান গাইতে চাই,আঁই গান গাইতো চাই,আমি গান গাইতাম চাই,আই গান গাইতাম চাই,আমি গান গাইতাম চাইয়ার
এখন যদি তুমি গান গাও তবে চাষী শুনতে পাবে,এহন যদি তুমি গান গাও তয় চাষায় হোনবে,এহন যদি তুঁই গান গ তইলে চাষি ফুনিবো,এহন যদি তুমি গান গাও তাইলে চাষী হুনতে পাইব,অন যদি তুুই গান গাস চাইলে চাইষ্যা হুনত্বে হাইর বো,ওখন যদি তুমিতাইন গান গাও তে চাষিয়ে হুনতে ফারবো
একদিন নদীর ধারে একটি গাছে কাঠ কাটার সময় তার কুড়ালটি নদীর জলের মধ্যে পড়ে যায়,একদিন নদীর ধারে এউক্কা গাছে কাঠ কাডার কালে হ্যার কুড়ালডা নদীর পানতের মইধ্যে পইররা যায়,এদ্দিন নদীর দারোত ওজ্ঞা গাচঅত দারগোয়া হাডিবার সময় তার কুরইল্লান নদির ফানির মাযে ফইরগই,একদিন নদীর ধারে একটা গাসে কাঠ কাটনের সময় হের কুড়ালডা নদীর ফানির মধ্যে ফইড়া যায়,একদিন নদীর ধারে ইজ্ঞা গাছে কাঠ কাডার সময় হেতের কুড়ালগা নদীর হানির ত্ত্বে হডি যায়,একদিন নদীর কান্দাত একগু গাছ-ও কাঠ কাটার সময় তার কুড়াল ওগু নদীর পানিত পড়ি গেছিল
আমার নীল আকাশ দেখতে অনেক ভালো লাগে,মোর নীল আকাশ দ্যাখতে ম্যালা ভাল্লাগে,আঁত্তুন নিল আসসান চাইতো গম লাগে,আমার নীল আকাশ দেখতে অনেক ভালা লাগে,আর নীল আকাশ দেকতে বহুত বালা লাগে,আমার নীল আকাশ দেখতে বাক্কা বালাউ লাগে
তোমার কি নীল আকাশ দেখতে ভালো লাগে ?,তোমার কি নীল আকাশ দ্যাখতে ভাল্লাগে?,তোঁয়ার কি নিল আসসান চাইতো গম লাগে নে?,তোমার কিতা নীল আকাশ দেখতে ভালা লাগে ?,তোইয়ার কি নীল আকাশ দেকতে বালা লাগে?,তুমিতাইন ওর কিতা নীল আকাশ দেখতে বালা লাগে না নি?
আমার পরীক্ষা দিতে একদমই ভালো  লাগে না,মোর পরীক্ষা দেতে মোডেও ভাল্লাগেনা,আঁত্তুন ফরিক্কা দিতো এব্বেরেও গম ন লাগে,আমার পরীক্ষা দিতে একদমই ভালা লাগে না,আর হরিক্ষা দিতে এক্কেরে বালা লাগে না,আমার পরীক্ষা দিতে একবারেউ বালা লাগে না
আপনার কি পরীক্ষা দিতে ভালো  লাগে ?,আম্নের কি পরীক্ষা দেতে ভাল্লাগে?,অনরতুন কি ফরিক্কা দিতে গম লাগে নে,আফনের কি পরীক্ষা দিতে ভালা লাগে ?,আন্নের কি হরিক্ষা দিতে বালা লাগে ?,আফনার কিতা পরীক্ষা দিতে বালা লাগে নি?
আপনি কেমন আছেন?,আম্নে কেমন আছেন?,অনে কেন আচন,আফনে কেমত আসেন?,আন্নে ক্যেচ্চা আছেন?,আফনে কিলা আছোইন?
আমি ভালো আছি,মুই ভালো আছি,আঁই গম আচি,আমি ভালা আছি,আই ভালা আছি,আমি বালা আছি
কী করছেন আপনি এখন?,করতেয়াছেন কি আম্নে এহন?,কি গরন দে অনে এহন,কিতা করতাসুইন আফনে এহন?,কিয়া করেন আন্নে অন?,কিতা কররা আফনে ওখন?
আমি একটি বই পড়ছি,মুই একটা বই পড়তেয়াছি,আঁই ওজ্ঞা বই ফরির,আমি একটা বই পড়তাসি,আই ইজ্ঞা বই হরিয়ের,আমি একগু বই পড়ছি
আপনি কী অন্যান্য বই পড়েছেন?,আম্নে কি অন্য বই পড়ছেন?,অনে কি অন্যান্য বই ফরন নে,আফনে কিতা অন্যান্য বই পড়তাসেন?,আন্নে কি অন্যকোনো বই হড়েছেন?,আফনে কিতা অন্যান্য বই পড়ছোইন নি?
তুমি কি সরকারি চাকরি করছো?,তুমি কি সরকারি চাকরি করতেয়াছো?,তুঁই কি সরকারি চঅরি গরর দে নে,তুমি কিতা সরকারি চাকরি করতাসো?,তুওই কি সরকারি চ্যওরি কৌইচ্চ?,তুমিতাইন কিতা সরকারি চাকরি করছো নি?
আমি একজন সরকারি কর্মকর্তা,মুই একজন সরকারি কর্মকর্তা,আঁই একযন সরকারি কর্মকর্তা,আমি একজন সরকারি কর্মকর্তা,আই একজন সরকারি কর্মকর্তা,আমি একজন সরকারি কর্মকর্তা
তুমি কি চাকরি করছো?,তুমি কি চাকরি করতেয়াছো?,তুঁই কি চ অরি গরর দে নে,তুমি কিতা চাকরি করসো?,তুউই কি চাকরি করোয়ের,তুমিতাইন কিতা চাকরি করছো নি?
আমি একজন প্রফেশনাল ব্লগার হয়ে কাজ করছি,মুই এউক্কা প্রফেশনাল ব্লোগার হইয়া কাম করতেয়াছি,আঁই একযন ফ্রফেশনাল ব্লগার হিসাবে হায গরির,আমি একজন প্রফেশনাল ব্লগার হয়া কাম করতাসি,আই একজন প্রফেশনাল ব্লগার অই কাজ করিয়ের,আমি একজন প্রফেশনাল ব্লগার ওইয়া কাম করিয়ার
তুমি কোথায় চাকরি করছো?,তুমি কোম্মে চাকরি করতেয়াছো?,তুঁই হডে চ অরি গরর দে,তুমি কুনহানে চাকরি করতাসো?,তূউই কোনাই চাকরি করোএর,তুমিতাইন কুয়াই চাকরি কররায়?
দূরে কোথাও যেখানে কেউ নেই,দূরে যেইহানে কেউ নাই,দুরে হনোমিক্কা যেডে হনকিয়াই নেই,দূরে কুনোখানে যেইহানে কেউ নাই,দূরে কোনআনে যিয়ানে কেউ নাই,দূর ওই কোন কান-ও যিনো কেউ নায়
আমি কেন সবসময় কষ্ট পাই?,মুই কির লইজ্ঞা হক্কলকালে কষ্ট পাই?,আঁই কা এগাযা হস্ট ফাই?,আমি কেরে বেগসময় কষ্ট পাই?,আই কিল্লাই সবসময় কষ্ট হাই,আমি ওউ হকল সময় কষ্ট পাই কিওর লাগি?
আমার ভালোবাসায় কম কি ছিলো ?,মোর ভালোবাসায় কম কি আল্লেহ?,আঁর বালোবাসায় হম কি আচিল,আমার ভালোবাসায় কম কিতা আসিন?,আর ভালোবাসাত কম কিয়া আছিলো,আমার ভালোবাসাত কিতার কমতি আছিল?
তারা তিন ভাই ছিল কিন্তু তাদের মদ্ধে মিল ছিলো না,হ্যারা তিন ভাই আল্লেহ তয় হ্যাগো মইধ্যে মিল আল্লেহ না,ইতারা তিন বাই আচিল কিন্তু তারার মাযে মিল ন আচিল,হেরা তিন ভাই আসিন কিন্তু তারার মদ্ধে মিল আসিন না,হেতারা তিন ভাই আছিলো কিন্তু হেতাগো মইধ্যে মিল আছিলো না,তারা তিনগু ভাই আছিল কিন্তু হেরার মাঝে মিল আছিল না
আপনি আমার সাথে এভাবে কথা বলতে পারেন না,আম্নে মোর লগে এমনে কতা কইতে পারেন না,অনে আঁর লই এন গরি হতা হইত ন ফারঅন,আফনে আমার সাথে এম্নে কথা কইতে ফারেন না,আন্নে আর লগে এইক্কান করি কতা কইতে হারেন না,আফনে আমার লগে ওলা মাত্তা ফারোইন না
আপনি  অনেক ভালো মানুষ,আম্নে ম্যালা ভাল মানু,অনে বউত বালা মানুষ,আফনে মেলা ভালা মানুষ,আন্নে অনেক ভালা মানুষ,আফনে বউত বালা মানুষ
আমরা ঢাকায় থাকি,মোরা ঢাকায় থাহি,আঁরা ডাহা তাকি,আমরা ঢাকায় থাহি,আমরা ঢাকাত থাই,আমরা ঢাকাত থাকি
আমি ঢাকার মিরপুরে  থাকি,মুই ঢাকার মিরপুরে থাহি,আঁই ডাহার মিরফুর তাকি,আমি ঢাকার মিরপুরে থাহি,আই ঢাকার মিরফুরে থাই,আমি ঢাকার মিরপুর-ও থাকি
আমি তার চোথের মায়ায় পড়েছি,মুই হ্যার চোহের মায়ায় পরছি,আঁই ইবার চকোর মায়াত ফইরগি,আমি হের চোক্ষের মায়ায় পড়সি,আই হেতির চোখের মায়ায় হড়ছি,আমি তাইর চউখ ওর মায়াত পড়ছি
তার হাসি অনেক সুন্দর,হ্যার হাসি বেমালা সুন্দর,ইবার আসি বউত সুন্দর,হের হাসি মেলা সুন্দর,হেতির হাসি মেলা সুন্দর,হের হাসি যে সুন্দর 
সে তার পরিবারকে ভালবাসে,হ্যায় হ্যার পরিবাররে ভালোবাসে,ইবা ইবার ফরিবার অরে বালবাসে,হেয় হের পরিবাররে ভালবাসে,হেতি তার পরিবার রে ভালোবাসে,হে তার পরিবাররে যে বালা ফায়
তার জন্য আমি সব কিছু করতে পারি,হ্যার লইজ্ঞা মুই সবকিছু করতে পারি,এবার লাই আঁই বেজ্ঞিন গরিত ফারি,হের লাইজ্ঞা আমি বেগ কিসু করতাম ফারি,তাই জইন্য আর বেক কিছু কইরতাম হারি,তার লাগি আমি হকলতা করতাম ফারি
আমি তাকে ভালবাসি,মুই হ্যারে ভালোবাসি,আঁই ইবারে বালবাসি,আমি হেরে ভালবাসি,আই হেতিরে ভালোবাসি,আমি তারে বালা ফাই
তার চুলগুলি অনেক লম্বা,হ্যার চুল গুলান একছের লোমবা,ইবার চুল্লিন বউত লম্বা,হের চুলগুলা মেলা লম্বা,হেতির চুলগুন মেলা লম্ফা,তার চুলগুন যে লাম্বা
তাকে কাজল দিলে অনেক ভালো লাগে,হ্যারে কাজল দেলে ম্যালা ভালো লাগে,ইবারে হাযল দিলে বউত বালা লাগে,তারে কাজল দিলে মেলা ভালা লাগে,হেতিরে কাজল দিলে মেলা ভাল্লাগে,তারে কাজল দিলে বাক্কা বালা লাগে
তুমি কি আমায় ভালোবাসো না?,তুমি কি মোরে ভালোবাসো না?,তুঁই কি আঁরে বালা ন বাসো?,তুমি কিতা আমারে ভালোবাস না?,তুউই কি আরে ভালোবাসো না,তুমিতাইন কিতা আমারে বালা ফাও না নি?
তুমি বুঝো না কেন ?,তুমি বোঝো না ক্যা?,তুঁই ন কা বুযো,তুমি বুঝো না কেরে ?,তুউই বুজো না কিল্লাই,তুমিতাইন বুঝিরায় না কিতার লাগি?
সে গান গাইতে পছন্দ করে,হ্যায় গান গাইতে পছন্দ করে,ইবা গান গাইতো ফচন্দ গরে,হেয় গান গাইতে পসন্দ করে,হেতে গান গাইতাম হছন্দ করে,হে গান গাইতো বালা ফায়
সে যেই মেয়েটিকে ভালবাসে ওই মেয়েটি ঢাকায় থাকে,হ্যায় যেই মাইয়াউজ্ঞা ভালোবাসে হ্যাই মাইয়াডা ঢাকায় থাহে,ইতে যে মাইফোয়া ওয়ারে বালাবাসে মাইফোয়া এবা ডাহা তাকে,হেয় যেই মাইয়াডারে ভালবাসে হেই মাইয়াডা ঢাকায় থাহে,হেতে যেই মাইয়ারে ভালোবাসে হেই মাইয়া ঢাকয় থায়,হে যে ফুরিরে বালা ফাও হউ ফুরি ওগু ঢাকাত থাকে
আপনি যেই ছেলেকে ভালবাসেন সেই ছেলেটি কি আপনাকে ভালবাসে ?,আম্নে যেই পোলারে ভালোবাসেন হ্যায় কি আম্নেরে ভালোবাসে?,অনে যে ফোয়ারে বালবাসোন ফোয়াইবা কি অনোরে বালবাসেনে?,আফনে যেই ছেড়াডারে ভালবাসেন সেই ছেড়াডা কি আফনেরে ভালবাসে ?,আন্নে যেই হোলারে ভালোবাসেন হেই হোলা .ও কি আন্নেরে ভালোবাসে,আফনে যে ফুয়ারে বালা ফাইন ওউ ফুয়া ওগুয়ে কিতা আফনারে বালা ফায় নি?
সে একটি গাড়ি চুরি করেছে,হ্যায় এউক্কা গাড়ি চুরি করছে,ইতে এক্কান গারি চুরি গইরগে,হেয় একটা গাড়ি চুরি করসে,হেতে এককান গারি ছুরি কইচ্ছে,হে একগু গাড়ি চুরি করিলাইছে
আমি তোমার সাথে পৃথিবী ঘুরে আসতে চাই,মুই তোমার লগে পিরথিবি ঘুইররা আইতে চাই,আঁই তোয়াঁর ফোয়ারে পিতিবি গুরি আইতো চাই,আমি তোমার লগে দুনিয়াডা ঘুইরা আসতাম চাই,আই তোয়ার লগে পিথিবি ঘুইরতাম চাই,আমি তুমিতাইন ওর লগে পৃথিবী ঘুরতাম চাই
কিন্তু আমিতো তোমার সাথে যাবো না,তয় মুই তো তোমার লগে যামু না,কিন্তু আঁই ত তোঁয়ার ফোয়ারে ন যাইয়্যুম,কিন্তু আমিতো তোমার লগে যাইতাম না,কিন্তু আই তোয়ার লগে যাইত্তান্ন,কিন্তু আমিতো তুমিতাইন ওর লগে যাইতাম নায়
তোমার কথা শুনে খুব ভালো লাগলো,তোমার কতা হুইন্না ম্যালা ভালো লাগজে,তোঁয়ার হতা ফুনি কুব গম লাইজ্ঞে,তোমার কথা হুইন্না মেলা ভালা লাগল,তোয়ার কতা হুনি ভালা লাইগল,তুমিতাইন ওর মাত হুনিয়া বাক্কা বালা লাগলো
তোমার ভালো না লাগলে কিছু করার নাই,তোমার ভাল না লাগলে কিছুই করার নাই,তোঁয়াত্তুন গম ন লাগিলে কিচু গরার নাই,তোমার ভালা না লাগলে কিসু করনের নাই,তোয়ার ভালা না লাইগলে কিছু কইরবার নাই,তুমিতাইন ওর বালা না লাগলে কুন্তা করার নাই
ছবি তোলার পর আমাকে কেমন লাগে?,ছবি তোলার পর মোরে ক্যামন লাগে?,চবি তোলার ফর আঁরে কেন লাগে,ছবি তুলনের পর আমারে কেমত লাগে?,ছবি তুইলবার হর আরে কেইক্কান লাগে,ছবি তোলার বাদে আমারে কিলা লাগে?
আমি আজকে অনেকদিন পর তার সাথে কথা বলেছি,মুই আইজ ম্যালা দিন পর হ্যার লগে কতা কইছি,আঁই আযিয়া বউদ্দিন ফর ইবার লই হতা হইয়্যি,আমি আজকে অনেকদিন পর হের সাথে কথা কইসি,আই আজগা মেলা দিন হর হেতের লগে কতা কইয়ের,আমি আইজ বাক্কাদিন বাদে তার লগে মাতছি
সে দেখতে অনেক সুন্দর,হ্যায় দ্যাখতে ম্যালা সুন্দর,ইবা দেইক্তে বউত সুন্দর,হেয় দেখতে মেলা সুন্দর,হেতি দেইখতে মেলা সুন্দর,হে দেখতে যে সুন্দর
কিন্তু সৌন্দর্যই সবকিছু না,তয় সৌন্দর্যই হক্কল কিছু না,কিন্তু সুন্দইর্যই বেজ্ঞিন নই,কিন্তু সৌন্দর্যই বেগকিনু না,কিন্তু সৌন্দর্যই বেক কিছু না,কিন্তু সুন্দর ওইলেউ তো সবতা নায়
তার চোখ হরিণের মতো,হ্যার চোখ হরিণের নাহান,ইবার চোক অরিনর নান,হের চোখ হরিণের লাহান,হিগার চোক হরিনের লায়ান,তার চউখ হরিণ ওর লাকান
একটা মেয়ে আর একটা ছেলে একসাথে খেলছে,এউক্কা মাইয়া আর এউক্কা পোলা একলগে খেলতেয়াছে,ওজ্ঞা মাইয়্যা আর ওজ্ঞা ফোয়া এক্কোফোয়ারে কেলা হার,একটা ছেড়ি আর একটা ছেড়া একসাথে খেলতাসে,এগগা মাইয়া আর এগগা হোলা একলগে খেলেয়র,একগু ফুরি আর একগু ফুয়ায় একলগে খেলছে
কালো কুকুরটা ঘাসের মধ্যে দিয়ে ছুটছে,কালা কুত্তাডা ঘাসের মইধ্যে গোনে ছোটতেয়াছে,হালা কুত্তাইবা কেরঅর মাযে দুরের,কালা কুত্তাডা ঘাসের মধ্যে দিয়া ছুটতাসে,কালা কুত্তাগা ঘাসের ভিত্তে দি ছুডেয়ের,কালা কুত্তা একগু ঘাস ওর মাঝে দিয়া চলের
একটা কালো কুকুর ঘাসের মধ্যে দৌড়াচ্ছে,এউক্কা কালা কুত্তা ঘাসের মইধ্যে গোনে দৌড়াইতেয়াছে,ওজ্ঞা হালা কুত্তা কের অর মাযে দুরের,একটা কালা কুত্তা ঘাসের মধ্যে দৌড়াইতাসে,এগগা কালা কুইত্তা দৌড়ায়ায়,কালা কুত্তা একগু ঘাস ওর মাঝে দিয়া দৌড়াইরো
একটি ছোট কালো কুকুর ঘাসে মধ্যে শুয়ে আছে,এউক্কা ছোডো কালা কুত্তা ঘাসের মইধ্যে হুইয়া রইছে,ওজ্ঞা গুরা কালা কুত্তা কের অর মযে লুডি তাইক্কে,একটা ছোড কালা কুত্তা ঘাসের মধ্যে শুয়া আসে,এগগা ছোড কালা কুইত্তা ঘাসের ভিত্তে হুতি রইছে,কালা কুত্তা একগু ঘাস ওর মাঝে হুতি রইছে
একদল মহিলা রাস্তায় হাঁটছে,একদল মাতারি রাস্তায় হাঁটতেয়াছে,একগাট্টি বেডিওক্কল রাস্তাত আডের,একদল বেডি রাস্তায় হাঁটতাসে,একদল ময়িলা রাস্তাত আডের,একপাল বেটিন রাস্তাত হাঁটের
দরজার কাছে দুইজন বসে গিটার বাজাচ্ছে,দুয়ারের ধারে দুইজন বইয়া গিটার বাজাইতেয়াছে,দর্জার হাচে বই দুইজন গিটার বাজার,দরজার কাসে দুইজন বয়া গিটার বাজাইতাসে,দরজার কাছেদি দুইজন বসি গিটার বাজার,দরজার কান্দাত দুইজন বইয়া গিটার বাজাইরো
ফুটপাতে একসঙ্গে হাঁটছেন তিন মহিলা,ফুটপাতে একলগে হাঁটতেয়াছে তিনজন মাতারি,ফুটফাতোত এক্কোফোয়ারে তিনযন বেডি আডের,ফুটপাতে একসাথে হাঁটতাসেন তিন বেডি,হুডহাতে একত্তরে আডের তিন মইলা,ফুটপাত দিয়া একলগে হাটরা তিনজন বেটিন
আম্মুর জন্য বেশি খারাপ লাগছে,আম্মার লইজ্ঞা বেশি খারাপ লাগতেয়াছে,আম্মুর লাই বেশি ফেট ফূরের,আম্মার লাইজ্ঞা বেশি খারাপ লাগতাসে,মার লাই বেশি খারাপ লাগের,আম্মার লাগি বেশি খারাপ লাগছে
আমাদের পরিবারে  আম্মুর অবদানই বেশি বলে আমি মনে করি,মোগো পরিবারে আম্মার অবদানই বেশি বইল্লা মুই মনে করি,আঁরার ফরিবারোত আম্মুর আবদানই বেশি বলিবাঁই মনো গরি,আমারার পরিবারে আম্মার অবদানই বেশি বইল্লা আমি মনে করি,আংগোর হরিবারে আর মার অবদান এ বেশি আই মনে করি,আমরার পরিবার-ও আম্মার অবদান ওউ সব তাকি বেশি বলয়া আমি মনো করি
তোমাদের জন্য কিছু করতে তো পারলামই না উল্টো পরিবারকে  শেষ করলাম,তোমাগো লইজ্ঞা কিছু করতে তো পারলামি না উলডা পরিবারডা শেষ করলাম,তোঁয়ারার লাই তো কিচু গরিত্ ন পারি উল্ডা ফরিবারগানেরে শেষ গইরগি,তোমরার লাইজ্ঞা কিসু করতাম তো ফারলামই না উলডা পরিবাররে শেষ করলাম,তোংগোর লাই তো কিছু কইরতাম এ হাইরলাম এ না উল্ডা হরিবার আনরে শেষ কইরলাম,"তোমরার লাগি কুন্তা তো করতেউ ফারলাম না, উলটা পরিবাররে শেষ করলাম"
"সবসময় ভয়ে ভয়ে থাকতাম, গলা দিয়ে খাবার নামতো না","হক্কলকালে ডরে ডরে থাকতাম, গলাইদ্দা খাওন নামতে না","এগাযা ডরে ডরে তাকিতাম, গলাদি হানা ন নামিতো","বেগসময় ভয়ে ভয়ে থাকতাম, গলা দিয়া খাওন নামতো না",বেক সময় বয়ে বয়ে থাইকতাম গলা দি খাবার নাইমত না,"হকল সময় ডরাইয়া ডরাইয়া থাকতাম, গলা দিয়া খানি নামতো না"
শেষ করলাম সবকিছু,শ্যাষ করলাম হগলডি,শেষ গরি দিইয়্যি বেজ্ঞিন,শেষ করলাম বেগকিসু,শেষ কইরলাম সবকিছু,শেষ করলাম হকলতা
"যদিও ক্ষমার যোগ্য না আমি, পারলে ক্ষমা করে দিয়েন","যদিও ক্ষমার যোগ্য না মুই, পারলে ক্ষমা কইররা দিয়েন",যদিও আঁই কমার যোগ্য নই ফাইরলে কমা গরি দি অন,"যদিও মাফের যোগ্য না আমি, পারলে মাফ কইরা দিয়েন",যদিও ক্ষমার অযোইগ্যা হিয়ার হরেও আরে ক্ষমা করি দিয়েন,"যদিও মাফ ওর যোগ্য নায় আমি, ফারলে মাফ করি দিওইন"
আপনাদের অযোগ্য সন্তান,আম্নেগো অযোগ্য সন্তান,অঁনোরার অযোগ্য ফোয়া,আফনেরার অযোগ্য সন্তান,আন্নেগোর অযোইগ্যা সন্তান,আফনারার আকাইম্মা ফুয়া
আল্লাহ রহমতের বৃষ্টি দাও,আল্লাহ রহমতের বইষ্যা দ্যাও,আল্লা রঅমোতর‍ যর দ,আল্লাহ রহমতের বৃষ্টি দেও,আল্লাহ রহমতের বৃষ্টি দেন,আল্লাহ রহমত ওর বৃষ্টি দিও
বৃষ্টির জন্য ঢাকায় কোথাও নামাজ পড়া হবে কি ?,বইষ্যার লইজ্ঞা ঢাকায় কোনহানে নামাজ পড়া হইবে?,যরর লাই ডাহা হনোমিক্কা নোয়ায ফরা অইবো নে,বৃষ্টির লাইজ্ঞা ঢাকায় কুনোখানে নামাজ পড়ন হইব কি ?,বৃষ্টির লাই ঢাকাত কোনআনে নামাজ হড়া অইবনি,বৃষ্টির লাগি ঢাকাত নীন কান-ও নামাজ পড়া ওইবো নি?
পানির জন্য হাহাকার আর ভালো লাগছে না,পানির লইজ্ঞা হাহাকার আর ভাল লাগদেয়াছে না,ফানির কাই হাহাকার আর বালা ন লার,পানির লাইজ্ঞা হাহাকার আর ভালা লাগতাসে না,হানির লাই হাহাকার আর ভালা লাগের না,পানির অভাব আর বালা লাগের না
উত্তরাতে আমাদের ভবনে  কোনোভাবেই পানি পাচ্ছি না আমরা,উত্তরায় মোগো ভবনে মোডেও পানি পাইতেয়াছিনা মোরা,উত্তরাত আঁরার ববনত হনোবাবেই ফানি ন ফাইর,উত্তরাতে আমারার ভবনে কোনোমতেই পানি পাইতাসি না আমরা,উওরাত আংগো ভবনে কোনভাবেই হানি হাইয়ের না আমরা,উত্তরাত আমরার বিল্ডিং-ও কোন লাকান ওউ পানি পাইয়ার না আমরা
শুধু এক গাড়ি পানি হলেও ২টা দিন চলা যেতো,হুদা এউক্কা গাড়ি পানি হইলেই দুজ্ঞা দিন চইললা যাইতে,শুদু এগ্গারি ফানি অইলেও দুওয়া দিন চলা যাইত,খালি এক গাড়ি পানি হইলেও ২ডা দিন চলন যাইত,হুদা এক গাড়ি হানি অইলেও দুইদিন চলি যাইত,খালি এক গাড়ি পানি ওইলেও দুইটা দিন চলা যাইতো
কোনোভাবেই ওয়াসা পানি দিচ্ছে না,কোনভাবেই ওয়াসা পানি দেতেয়াছেনা,হনোবাবেই ওয়াসা ফানি ন দের,কোনমতেই ওয়াসা পানি দিতাসে না,কোনো ভাবেই ওয়াশা হানি দেয়র না,কোন লাকান ওউ ওয়াসায় পানি দিরো না
কি করতে পারি বলুন এখন?,কি করমু কয়েন এহন?,কি গরিত ফারি হন এহন,কিতা করতাম পারি কন এহন?,কিয়া কইরতাম হারি কন অন,কিতা কিরতাম ফারি আমি কউকা ওখন?
বিদ্যুৎ ছাড়া না হয় থাকা যায় কিন্তু পানি ছাড়া কিভাবে থাকে মানুষ,বিদ্যুৎ ছাড়া তও থাহা যায় তয় পানি ছাড়া ক্যামনে থাহে মানু,কারোম চারা না অয় তাহা যায় কিন্তু ফানি চারা কেনে তাকে মানুষ,বিদ্যুৎ ছাড়া না হয় থাকন যায় কিন্তু পানি ছাড়া কেমনে থাকে মানুষ,কারোন ছাড়া নইলে থাকন যায় হানি ছাড়া কেন্নে থায় মানুষ,"কারেন্ট বাদে নি থাকা যায়, তেও পানি ছাড়া কিলা থাকো মাইনষে?"
আজকে জুম্মার দিন,আইজ জুম্মার দিন,আযিয়া জুমার দিন,আইজকে জুম্মার দিন,আইজগা জুম্মার দিন,আইজ জুম্মা বার
আমি শুক্রবার অনেক সকালে উঠি,মুই শুক্কুর বার ম্যালা বেইন্না কালে উডি,আঁই শুক্কুরবার চঅরে চঅরে ঊডি,আমি শুক্কুরবার মেলা সহালে উঠি,আই শুক্কুরবার সকালে উডি,আমি হুক্কুরবার বইত সকাইলকু উঠি
সে অনেক বেলা করে ঘুমায়,হ্যায় ম্যালা ব্যালা কইররা ঘুমায়,ইতে বউত বেলা গরি গুমযাই,হেয় মেলা বেলা কইরা ঘুমায়,হিগা মেলা বেলা করি ঘুমায়,হে খুব বেলা লাগাইয়া ঘুমায়
সে আমাকে একটি উপহার দিয়েছে,হ্যায় মোরে এউক্কা উপহার দেছে,ইতে আঁরে ওজ্ঞা উফার দিয়্যে,হেয় আমারে একটা উপহার দিসে,হেতে আরে এককান উফহার দিছে,হে আমারে একগু উপহার দিছে
আজকে আমার জন্মদিন,আইজ মোর জন্মদিন,আযিয়া আঁর জন্মদিন,আইজকা আমার জন্মদিন,আইজগা আর জন্মদিন,আইজ আমার জন্মদিন
আমার বয়স বেশি না,মোর বয়স বেশি না,আঁর বয়স বেশি ন,আমার বয়স বেশি না,আর বয়স বেশি না,আমার বয়স বেশি নায় কিতার লাগি
তার চেয়ে আমি দেখতে সুন্দর,হ্যার চাইয়া মুই দ্যাখতে সুন্দর,ইবারতুন বেরা আঁই দেইকতে সুন্দর,হের চেয়ে আমি দেখতে সুন্দর,তার তুন আই দেখতে সুন্দর,এর তনে আমি ওউ দেখতে ভেশি সুন্দর
এইবার কুরবানিতে লাল গরু কিনবো,এইবার কোরবানি তে লাল গরু কিনমু,এইবার কুরবানিত লাল গরু কিন্নোম,এইবার কুরবানিতে লাল গরু কিনবাম,এবারগা কোরবানিত লাল গরু কিনিয়ুম,ওউ বার কুরবানিত লাল গরু কিনমু
সবকিছু একসাথে করা সম্ভব না,হগলডি একলগে করা সম্ভব না,বেজ্ঞিন এক্কোফোয়ারে গরা সম্বব নই,বেগকিসু একসাথে করন সম্ভব না,বেককিছু একলগে করন সম্ভব না,হকলতা একলগে করা যায় না
তুমি বিয়ে করছো না কেন?,তুমি বিয়া করতেয়াছোনা ক্যান?,তুঁই বিয়া কা ন গরর,তুমি বিয়া করতাসো না কেরে?,তুউই বিয়া করোয়ের না কিল্লাই,তুমিতাইন বিয়া কররায় না কিওর লাগি?
ভালো মেয়ে পাচ্ছি না,ভালো মাইয়া পাইতেয়াছি না,বালা মাইফোয়া ন ফাইর,ভালা মাইয়া পাইতাসি না,ভালা মাইয়া হাইয়ের না,বালা ফুরি পাইয়ার না
ঘড়িতে কয়টা বাজে?,ঘড়িতে কয়ডা বাজে?,গরিত হটা বাযের,ঘড়িতে কয়টা বাজে?,ফড়িত কটা বাজে,ঘড়িত বাজে কয়তা?
আজকে দুপুরে আমাদের দাওয়াত আছে,আইজ দুফারে মোগো দাওয়াত আছে,আযিয়া দুইরগা আঁরার দঅত আচে,আজকে দুফুরে আমরার দাওয়াত আসে,আইজগা দুফুরে আংগোর দাওয়াত আছে,আইজ দুপুরি বেলা আমরার দাওয়াত আছে
সবাই কেমন আছো?,হগলডি ক্যামন আছো?,বেজ্ঞুন কেন আচো,সবাই কেমত আসো?,বেগ্গুন কেইক্কান আছে,কিলা আছোইন আফনারা?
আজকে কত তারিখ?,আইজ কয় তারিখ?,আযিয়া হত তারিক,আইজকে কয় তারিখ?,আইজগা কত তারিখ,আইজ কত তারিখ?
মন ভালো করতে তোমরা কি কর?,মন ভালো করার লইজ্ঞা তোমরা কি কর?,মন বালা গরি বিল্লাই তোঁয়ারা কি গরো,মন ভালা করতে তোমরা কিতা কর?,মন ভালা কইরতাম তোয়রা কিয়ারো,মন বালা করার লাগি তোমরা কিতা কর?
আমি মাঝেমধ্যে গান শুনি,মুই মাঝেমইধ্যে গান হুনি,আঁই মাযেমদ্যে গান ফুনি,আমি মাঝেমধ্যে গান হুনি,আই মাজে মাইধ্যে গান হুনি,আমি মাঝে মধ্যে গান হুনি
আজকাল পড়াশোনার চাপ অনেক বেশি,আইজকাল পড়াশুনার চাপ একছের,আইযহাল ফরাশোনার চাপ বউত বেশি,আইজকাল পড়াশুনার চাপ অনেক বেশি,আইজকাল হরাশোনা চাপ মেলা বেশি,আইজকাইল পড়ার চাপ বউত বেশি
তোমরা কি গল্পের বই পড়তে পছন্দ কর?,তোমরা কি কেসসার বই পড়তে পছন্দ কর?,তোঁয়ারা কি গল্ফর বই ফইরতো পচন্দ গরো নে?,তোমরা কিতা গল্পের বই পড়তে পসন্দ কর?,তোমারা কী গল্পের বই হইড়তাম হছন্দ করো,তোমরা কিতা গল্প'র বই পড়তে বালা ফাও নি?
তোমাদের প্রিয় লেখক কে ?,তোমাগো পিরিয়ো লেখক কেডা?,তোঁয়ারার ফ্রিয় লেকক হন,তোমরার প্রিয় লেখক কেডা ?,তোয়ার প্রিয় লেখক কে,তোমরার প্রিয় লেখক কেটা?
আমার প্রিয় লেখক হুমায়ুন আহমেদ,মোর পিরিও লেখক হইলে হুমায়ুন আহমেদ,আঁর ফ্রিয় লেকক হুমায়ুন আহমেদ,আমার প্রিয় লেখক হুমায়ুন আহমেদ,আয হিয় লেখক হুমাইয়ন আহমেদ,আমার প্রিয় লেখক ওইলা হুমায়ুন আহমেদ
ফুটবলে তোমাদের প্রিয় দল কোনটি?,ফুটবলে তোমাগো পিরিয়ো দল কোনডা?,ফুটবলত তোঁয়ারার প্রিয় দল হন্নান?,ফুটবলে তোমরার প্রিয় দল কোনডা?,ফুটবলে তোংগ প্রিয়দল কোনআন,ফুটবল'ও তোমরার প্রিয় দল কোনটা?
ব্রাজিল ফুটবলের সেরা দল,ব্রাজিল হইলে ফুটবলের সেরা দল,ব্রাযিল ফূটবুলঅর সেরা দল,ব্রাজিল ফুটবলের সেরা দল,ব্রাজিল ফুটবলের সেরা দল,ব্রাজিল ফুটবল ওর সেরা দল
শুক্র এবং শনি সাপ্তাহিক ছুটির দিন,শুক্কুরবার আর শনি বার হইলে সপ্তাহের ছুটির দিন,শুক্কুর আর শনিবার সাপ্তাহিক চুটির দিন,শুক্র আর শনি সাপ্তাহিক ছুটির দিন,শুক্কুরবার আর শনিবার আংগো সাপ্তায়িক ছুডি,শুক্র আর শনি ওইলো সাপ্তাহিক ছুটির দিন
রবিবার থেকে আমাদের বিশ্ববিদ্যালয় ক্লাস শুরু,রইব্বার গোনে মোগো বিশ্ববিদ্যালয় কেলাস শুরু,রইবার অত্তুন আঁরার বিশ্ববিদ্যালয় ক্লাস শুরু,রবিবার থাইক্কা আমরার বিশ্ববিদ্যালয় ক্লাস শুরু,রবিবারের তুন আংগো বিশ্ববিদ্যালয়ের কেলাস শুরু,রইব্বার তাকি আমরার বিশ্ববিদ্যালয় ওর ক্লাস আরম্ব ওইবো
তুমি ঢাকার কোথায় থাকো?,তুমি ঢাকার কোম্মে থাহো?,তুঁই ডাহাত হডে তাকো?,তুমি ঢাকার কুনহানে থাহো?,তুউই ঢাকার কোনাই থাকো,তুমিতাইন ঢাকার কোন থাকো?
তোমাদের গ্রামের বাড়ি কোথায়?,তোমাগো গেরামের বাড়ি কোম্মে?,তোঁয়ারার গ্রামর বারি হডে?,তোমরার গ্রামের বাড়ি কুনহানে?,তোমাদের গেরামের বাড়ি কোনাঈ,তোমরার গ্রাম ওর বাড়ি কোন?
তুমি কি সাঁতার জানো?,তুমি কি হাতোর জানো?,তুঁই কি আঁচুরিত যানোনে?,তুমি কিতা হাতার জানো?,তুউই কি হাসর জানো,তুমিতাইন কিতা সাঁতার জানো নি?
তুমি কোন ক্লাসে পড়ো?,তুমি কোন কেলাসে পড়ো?,তুঁই হন ক্লাসত ফরো?,তুমি কোন ক্লাসে পড়ো?,তুউই কোন ক্লাছে হড়ো,তুমিতাইন কোন ক্লাস-ও পড়রায়?
বাংলাদেশের প্রধানমন্ত্রীর নাম কি?,বাংলাদেশের পরধানমন্ত্রীর নাম কি?,বাংলাদেশঅর ফ্রদানমন্ত্রির নাম কি?,বাংলাদেশের প্রধানমন্ত্রীর নাম কিতা?,বাংলাদেশ এর হোদানযন্রীর নাম কিয়া,বাংলাদেশ ওর প্রধানমন্ত্রীর নাম কিতা?
বাংলাদেশের বর্তমান প্রধানমন্ত্রী শেখ হাসিনা,বাংলাদেশের বর্তমান পরধানমন্ত্রীর নাম শেখ হাসিনা,বাংলাদেশঅর বর্তমান ফ্রদানমন্ত্রি শেক হাসিনা,বাংলাদেশের বর্তমান প্রধানমন্ত্রী শেখ হাসিনা,বাংলাদেশ এর বর্তমান হোদানমন্ত্রী শেক হাসিনা,বাংলাদেশ ওর ওখনকুর প্রধানমন্ত্রী শেখ হাসিনা
অনেক বড়লোক হতে চাই,বেমালা বড়লোক হইতে চাই,বউত ডঅরমানুষ অইত চায়,মেলা বড়লোক হইতাম চাই,মেলা টেয়া হইসার মালিক অইতাম চাই,বউত বড়লোক ওইতাম চাই
তুমি কোন বিষয় পড়াশোনা করছো?,তুমি কোন বিষয় লইয়া পড়াশুনা করতেয়াছো?,তুঁই হোন বিষয়ে ফন্না ফরঅর?,তুমি কুন বিষয় পড়াশুনা করসো?,তুউই কোন বিষয় লই হড়াশোনা কইরতেয়াছো,তুমিতাইন কোন বিষয়-ও পড়রায়?
বাহিরে প্রচুর গরম পড়েছে,বায়রায় একছের গরম পরছে,বাইরে ফ্রচুর গরম ফরের,বাইরে মেলা গরম পড়সে,বাইরে অনেক গরম হইডছে,বায়রে বেশেবা বৃষ্টি ওইছে
আজকে সারাদিন বৃষ্টি হয়েছে,আইজ সারাদিন বইষ্যা হইছে,আযিয়া আরাদিন যর ফরের,আইজকে সারাদিন বৃষ্টি হইসে,আইজগা হারাদিন বৃষ্টি অইছে,আইজ হারাদিন বৃষ্টি ওইছে
ফেসবুক একটি জনপ্রিয় যোগাযোগ মাধ্যম,ফেসবুক এউক্কা জনপ্রিয় যোগাযোগ মাইধ্যম,ফেসবুক এক্কান যনোপ্রিয় যোগাযোগ মাধ্যম,ফেসবুক একটা জনপ্রিয় যোগাযোগ মাধ্যম,ফেসবুক এককান জনপ্রিয় যোগাযোগ মাধ্যম,ফেইসবুক ওইলো একটা জনপ্রিয় যোগাযোগ ওর মাধ্যম
জীবনে উন্নতি করতে গেলে অনেক সময় অনেক বাঁধার সম্মুখীন হতে হয়,জীবনে উন্নতি করতে গ্যালে অনেক সময় ম্যালা বাঁধার সামনে পরতে হয়,যিবনঅত উন্নতি গইর ত গেইলে বউত সময় বউত বাঁদার মুঁকে ফরা ফরে,জীবনে উন্নতি করতে গেলে অনেক সময় অনেক বাঁধার সম্মুখীন হইতে হয়,জীবনে উন্নতি কইরতাম গেলে মেলা সময় মেলা কিছুর সম্মুখীন অইতে অয়,জীবন-ও উন্নতি করাত গেলে বউত সময় বউত বাঁধার মুখামুখি ওয়া লাগে
সকল বাধা পেরিয়ে জীবনে সফল হতে হবে,হগল বাধা পার কইররা জীবনে সফল হইতে হইবে,বেজ্ঞিন বাঁদা ফারঅই যিবনত সফল অওয়া ফরিব,সকল বাধা পার হয়া জীবনে সফল হইতে হইব,বেক বাধা হিছে হালাই জিবনে সফল অইতে অইব,হক্কল বাঁধা ফারোইয়া জীবনে সফল ওয়া লাগবো
আমি চা খেতে পছন্দ করি,মুই চা খাইতে পছন্দ করি,আঁই চা হাইতো পচন্দ গরি,আমি চা খাইতে পসন্দ করি,আই চা খাইতাম হছন্দ করি,আমি চা খাইতে বালা ফাই
তাের বইটা কি আমাকে দিতে পারিস?,হ্যার বইডা মোরে দেতে পারো?,তাহের বইওয়া কি আঁরে দিত ফারিবি নি?,তার বইডা কি আমারে দিতে পারস?,তোর বইয়ান কি আরে দিতে হারস,তোর বই ওগু কিতা আমারে দিতে ফারবে নি?
তােকে ধন্যবাদ এমন ভালাে একটি বইয়ের খোজ দেওয়ার জন্য,হ্যারে ধইন্যবাদ এরহম এউক্কা বই খুইজ্জা দেওয়ার লইজ্ঞা,তাহেররে দন্যবাদ এন বালা ওজ্ঞা বইওর কোয দিবার লাই,তরে ধন্যবাদ এমন ভালা একটা বইয়ের খোজ দেওনের লাইজ্ঞা,তোরে ধন্যবাদ এইক্কান ভালা এককান বইয়ের খোজ দেওনের লাই,তোরে ধন্যবাদ ওলা বালা একটা বই ওর খোঁজ আমারে দেওনের লাগি
অসাধারণ একটি বই পড়েছি,সেইরম এউক্কা বই পড়ছি,অসাদারন অজ্ঞা বই ফইরগি,অসাধারণ একটা বই পড়সি,অসাধারণ এককান বই হইড়ছি,অসাধারণ একটা বই পড়লাম
এবারের ছুটিতে কক্সবাজার যাবো,এইবারের ছুটিতে কক্সবাজার যামু,এবারর চুটিত হাস্যবাজার যাইয়্যুম,এবারের ছুডিতে কক্সবাজার যায়াম,এইবার ছুটিতে কক্সবাজারে যাইয়ুম,ওবার ওর বন্ধত কক্সবাজার যাইমু
আমি আমার গ্রামের বাড়ি যাব ঠিক করেছি,মুই মোর গেরামের বাড়ি যামু ঠিক করছি,আঁই আঁর গ্রামর বারিত যাইয়্যুম টিক গইরগি,আমি আমার গ্রামের বাড়ি যায়াম ঠিক করসি,আই আর গ্রামের বাড়ি যাইয়ুম ঠিক কইচ্ছি,আমি আমার গ্রাম ওর বাড়ি যাইমু ঠিক করছি
গ্রামের প্রকৃতি অনেক সুন্দর,গেরামের প্রকৃতি ম্যালা সুন্দর,গ্রামর ফ্রকিতি বউত সুন্দর,গ্রামের প্রকৃতি মেলা সুন্দর,গেরামের প্রকৃতি মেলা সুন্দর,গ্রাম ওর প্রকৃতি খুব সুন্দর
নদীর দুপাড়ের মনোরম দৃশ্যে চোখ জুড়িয়ে যায়,নদীর দুইধারের সুন্দর দৃশ্যে চক্ষু জুড়াইয়া যায়,নদির দুই ফারর মনোরম দৃশ্যে চোক যুরায় যায়,নদীর দুপাড়ের মনোরম দৃশ্যে চোখ জুড়িয়ে যায়,নদীর দুই হাসে মনোরম দৃশ্য দেই চোখ জুড়াই যায়,নদীর দুই পাড় ওর সুন্দর দৃশ্যয় চউখ জুড়াই যায়
তোমার মূল্যবান বক্তব্যের জন্য তোমাকে অনেক ধন্যবাদ,তোমার মূইল্যবান বক্তব্যের লইজ্ঞা তোমারে অনেক ধইন্যবাদ,তোঁয়ার মূল্যবান বক্তব্যর লাই তোঁআরে দন্যবাদ,তোমার মূল্যবান বক্তব্যের লাইজ্ঞা তোমারে মেলা ধন্যবাদ,তোয়ার মূইল্যবান বক্তিব্যর লাই তোয়ারে মেলা ধন্যবাদ,তুমিতাইন ওর মূল্যবান বক্তব্যর লাগি ধন্যবাদ 
তোমাদের সকলের দোয়া চাই,তোমাগো হগলডির দোয়া চাই,তোঁয়ারার বেজ্ঞুনর দোয়া চাই,তোমরার বেজ্ঞের দুয়া চাই,তোংগোর বেকের দোয়া চাই,তোমরা হক্কল ওর দোয়া চাই
সময় যেন আজ আর কাটছেই না,সময় লাগে আইজ কাটতেয়াছেই না,সময় যেন আযিয়া ন অদ্দো হাডের,সময় যেন আইজ আর কাটতাসেই না,সময় কিল্লাই আইজ আর কাডের না,আইজ লাগের আর সময় ওউ যাইরো না
ছোটোবেলা থেকেই আমার সাইকেল চালানোর অভ্যাস,ল্যাদাকাল থেইক্কাই মোর সাইকেল চালাইন্নার অব্বাস,গুরা তাইক্তে লতি আঁর সাইরকল চালানোর অব্যাস,ছোটোবেলা থাইক্কাই আমার সাইকেল চালানুর অভ্যাস,ছোডবেলা ধরিয়ে এ আর সাইকেল চালানির অভ্যাস,ছোট তনে ওউ আমার সাইকেল চালানির অভ্যাস
স্কুলেও সাইকেল চালিয়ে যেতাম মাঝে মাঝে,ইস্কুলেও সাইকেল চালাইয়া যাইয়াতাম,স্কুলত ও সাইরকল চালাই যাইতাম মাযে মাযে,স্কুলেও সাইকেল চালায়া যাইতাম মাঝে মাঝে,স্কুলেও সাইকেল চালাই যাইতাম মাঝে মধ্যে,স্কুল-ও সাইকেল চালাইয়া যাইতাম মাঝে মধ্যে
ক্লাসে আজ কিছুতেই মন বসছে না,কেলাশে আইজ মোডেও মন বইতেয়াছেনা,ক্লাসত আযিয়া কিচুতেই মন ন বইয়্যের,ক্লাসে আজ কিসুতেই মন বইতাসে না,কেলাসে আইজ কোনভাবেই মন বইয়ের না,ক্লাস-ও আইজ কুন্তাত ওউ মন বইরো না
ছয় ঋতুর দেশ বাংলাদেশ,ছয়ডা ঋতুর দেশ বাংলাদেশ,চ রিতুর দেশ বাংলাদেশ,ছয় ঋতুর দেশ বাংলাদেশ,ছয় ঋতুর বাংলাদেশ,ছয়টা ঋতুর দেশ ওউ বাংলাদেশ 
বিদ্যুৎবিহীন ঘরে মােমবাতি জ্বেলে বসে আছি,বিদ্যুৎছাড়া ঘরে মোম জ্বালাইয়া বইয়া রইছি,কাআরন চারা গর অত মোম্বাত্তি যালাই বই আচি,বিদ্যুৎবিহীন ঘরে মােমবাত্তি জ্বেলে বইসা আসি,কারোনছাড়া ঘরেরভিত্তে মোমবাতি জালাই বই রইছি,কারেন্ট ছাড়া ঘরও মোমবাত্তি জ্বালাইয়া বই রইছি
তােমার বাসায় বিদ্যুৎ থাকতে পারে তাই এদিকে চলে এলাম,তোমার ঘরে বিদ্যুৎ থাকনের কতা হেইতে আইলা পড়লাম,তোঁয়ার গর অত কাআরন তাকিত ফারে এতেল্লাই ইক্কা আ গেইয়্যি গই,তােমার বাসায় বিদ্যুৎ থাকতে পারে তাই এদিকে চইল্লা আইলাম,তোয়ার বাসাত বিদ্যুৎ থাইকতাম হারে হেটার লাই এইয়ানে চলি আইলাম,তুমিতাইন ওর বাসাত কারেন্ট থাকতো ফারে ওতার লাগি ওবায় আই গেলাম
হঠাৎ করে বিদ্যুৎ চলে গেল,আচুক্কা বিদ্যুৎ চইল্লা গ্যালে,আতিক্কা কাআরন গেইয়্যুই,হঠাৎ কইরা বিদ্যুৎ চইল্লা গেল,হঠাৎ করি কারোন চলি গেছে,আখতা করি কারেন্ট গেলো গি
আধুনিক সভ্যতাকে বিজ্ঞান উপহার দিয়েছে অনেক কিছু,আধুনিক সইভ্যতারে বিজ্ঞান উপহার দেছে ম্যালা কিছু,আদুনিক সব্যতারে বিজ্ঞান বউত কিচু উফহার দিয়্যে,আধুনিক সভ্যতাকে বিজ্ঞান উপহার দিসে অনেক কিসু,আদুনিক সভ্যতারে বিজ্ঞান উপহার দিছে যেল কিছু,আধুনিক সভ্যতারে বিজ্ঞানে বউত্তাউ উপহার দিছে
কম্পিউটার আধুনিক বিজ্ঞান জগৎকে বিশেষভাবে সহজ করেছে,কম্পুটার আধুনিক বিজ্ঞান জগতেরে বিশেষভাবে সহজ করছে,কম্ফিটার আদুনিক বিজ্ঞান যগতরে গমগরি সহয গরি দিয়ে,কম্পিউটার আধুনিক বিজ্ঞান জগৎরে বিশেষভাবে সহজ করসে,কম্ফিউটার আধুনিক বিজ্ঞান জগতেরে বিশেষভাবে সহজ কইচ্ছে,কম্পিউটার আধুনিক বিজ্ঞান জগতরে বালাউ সহজ করছে
বাংলাদেশ গ্রামপ্রধান দেশ,বাংলাদেশ গেরাম পরধান দেশ,বাংলাদেশ গেরাম প্রদান দেশ,বাংলাদেশ গ্রামপ্রধান দেশ,বাংলাদেশ গ্রাম হদান দেশ,বাংলাদেশ ওইলো গ্রামপ্রধান দেশ
আমাদের গ্রামের জনসংখ্যা প্রায় চার হাজার,মোগো গেরামের জনসংখ্যা পেরায় চাইর হাজার,আঁরার গেরামর যনসংক্যা ফেরায় চের হাযার,আমরার গ্রামের জনসংখ্যা প্রায় চাইর হাজার,আংগোর গেরামের জনসংখ্যা প্রায় চাইর আজার,আমরার গ্রাম ওর মাইনষের সংখ্যা ওইলো প্রায় চাইর হাজার
বিড়ালের প্রিয় খাদ্য দুধ,বিলাইর পিরিয়ো খাওন দুধ,বিলাইর ফ্রিয় হানা দুধ,বিলাইয়ের প্রিয় খাদ্য দুধ,বিলাইর পসন্দর খানা  দূধ,বিলাই ওর প্রিয় খানি ওইলো দুধ
বিড়াল খুব আরামপ্রিয় প্রাণী,বিলাই একছের আরাম পিরিয়ো পেরানি,বিলাই বউত আরাম ফ্রিয় ফ্রানি,বিলাই খুব আরামপ্রিয় প্রাণী,বিলাই মেলা আরামখোজইন্না প্রানী,বিলাই বাক্কা আরামপ্রিয় প্রাণী 
বাংলাদেশের জনসংখ্যার অর্ধেকই নারী,বাংলাদেশের জনসংখ্যার আধখানই মাতারি,বাংলাদেশর যনসংখ্যার অদ্দকই নারি,বাংলাদেশের জনসংখ্যার অর্ধেকই বেডি,বাংলাদেশ এর জনসংখ্যার অদ্দেক এ বেডি,বাংলাদেশ ওর মাইনষর আধাউ বেটিয়াইন
পলিথিনের ব্যবহার মারাত্মক রোগের সৃষ্টি করতে পারে,পলিথিনের ব্যাবহার কঠিন রোগের সিরিষ্টি করতে পারে,কিচঅর বেবার মারাত্মক রোগর সৃস্টি গরিত ফারে,পলিথিনের ব্যবহার মারাত্মক রোগের সৃষ্টি করতে পারে,হলিতিন ব্যবহার মারাত্মক অসুকের সৃষ্টি কাইরতাম হারে,পলিথিন ওর ব্যবহার মারাত্মক অসুখ ওর সৃষ্টি করতো ফারে
ইলিশ আমার প্রিয় মাছ,ইলিশ মোর পিরিয়ো মাছ,ইলিশ আঁর ফ্রিয় মাচ,ইলিশ আমার প্রিয় মাছ,ইলিশ আর হ্রিয় মাছ,ইলিশ আমার সব তাকি বেশি বালা লাগা মাছ
পদ্মার ইলিশ খেতে অনেক সুস্বাদু,পদ্দার ইলিশ খাইতে ম্যালা স্বাদ,ফদ্দার ইলিশ হাইতো বউত সাদ,পদ্মার ইলিশ খাইতে মেলা সুস্বাদু,হদ্দার ইলিশ খাইতো অনেক স্বাদ,পদ্মার ইলিশ খাইতে বেশেবা মজা
ব্যস্ত একটি দিন কাটালাম,ব্যস্ত এউক্কা দিন কাডাইলাম,বেস্ত এক্কান দিন হাডাইয়্যি,ব্যস্ত একটা দিন কাটাইলাম,ব্যাস্ত এগগা দিন কাডাইলাম.,ব্যস্ত একটা দিন কাটাইলাম
রাতের খাবারটি সেরেই ঘুমিয়ে পড়লাম,রাইতের খাওন সাইররাই ঘুমাইয়া গেলাম,রাইতর হানা হাইয়্যেরেই গুম গেয়্যিগই,রাতের খাওনডা সাইরাই ঘুমায়া পড়লাম,রাইতকার খাবারটা খাই এ হুতি হড়ুম,রাইত ওর খানিটা খাইয়াউ ঘুমাই রইলাম
এখন পড়তে বসবো,এহন পড়তে বমু,এহন ফইরত বইসসম,এহন পড়তে বয়াম,অন হইড়তে বইয়ুম,ওখন পড়াত বইমু
সকলের কাছ থেকে বিদায় নিচ্ছি,হগলের ধারে গোনে বিদায় নেতেয়াছি,বেজ্ঞুনর তুন বিদায় লইর,বেজ্ঞের কাস থাইক্কা বিদায় নিতাসি,বেগ্গুনের কাছ তুন বিদাই লইয়ের,হকল ওর কাছ তনে বিদায় লইয়ার
আবার দেখা হবে,ফিররা দেহা হইবে,আবার দেহা অইব,আবার দেহা হইব,আবার দেখা অইব,আবার দেখা ওইবো নে
বাংলাদেশে বিভিন্ন দুর্যোগপ্রবণ অঞ্চল রয়েছে,বাংলাদেশে বিভিন্ন দুর্যোগপোরবণ অঞ্চল আছে,বাংলাদেশঅত বিবিন্ন দূর্যোগফ্রবন আঞ্চল আচে,বাংলাদেশে বিভিন্ন দুর্যোগপ্রবণ অঞ্চল আসে,বাংলাদেশে বিবিন্ন দুর্যোগ প্রভন অন্চল আছে,বাংলাদেশ ও বাক্কা দু্র্যোগ ওয়ার লাকান অঞ্চল আছে
বিষয়টি আসলেই দুশ্চিন্তার,ব্যাপারডা হাসাইয়ো চিন্তার,বিষয়য়ান আসলে দুচ্চিন্তার,বিষয়ডা আসলেই দুশ্চিন্তার,বিষয়আন আসলেই দুশচিন্তার,জিনিসটা হাছাউ চিন্তার
পড়তে ইচ্ছা করতেসে না আজকে,পড়তে মন চাইতেয়াছে না আইজ,ফইর ত মনে ন হর আযিয়া,পড়তে ইচ্ছা করতেসে না আইজকে,হইড়তাম ইচ্ছা কইরতাছে না আইজগা,পড়ার ইচ্ছাউ করের না আইজ
তোমার প্রিয় বিষয় কি?,তোমার পিরিয়ো বিষয় কোনডা?,তোঁয়ার ফ্রিয় বিষয় কি?,তোমার প্রিয় বিষয় কিতা?,তোয়ার ফ্রিয় বিষয় কিয়া,তুমিতাইন ওর কোন বিষয় বেশি বালা লাগে?
গণিত তোমার কেমন লাগে?,অঙ্ক তোমার ক্যামন লাগে?,তোঁয়াত্তুন গণিত কেন লাগে?,গণিত তোমার কেমন লাগে?,গনিত তোয়ার কেইক্কান লাগে,অংক তুমিতাইন ওর কিলা লাগে তে?
আমি পড়াশোনায় কাঁচা,মুই পড়ালেহায় কাচা,আঁই ফরাশোনাত কেঁচা,আমি পড়াশুনায় কাঁচা,আই হরালেয়ায় কাচা,আমি পড়াত বালা নায়
আমাকে সবাই এক নামে চিনে,মোরে হগলডি এক নামেই চেনে,আঁরে বেজ্ঞুনে এক নামে চিনে,আমারে বেহেই এক নামে চিনে,আরে বেকে এক নামে চিনে,আমারে সবে এক নামেউ চিনে
তুমি কি গিয়েছিলে?,তুমি কি গ্যাছেলা?,তুঁই কি গেইলা নে?,তুমি কিতা গেসিলা?,তুউই কি গেছিলা নি,তুমিতাইন কিতা গেছলায় নি?
তোমাার প্রিয় সবজি কি?,তোমার পিরিয়ো সবজি কি?,তুঁয়ার ফ্রিয় সব্জি কি?,তোমাার প্রিয় সবজি কিতা?,তোয়ার ফ্রিয় সবজি কিয়া,তুমিতাইন ওর কোন সবজি বেশি বালা লাগে তে?
আমার প্রিয় সবজি টোমেটো,মোর পিরিয়ো সবজি টমাটু,আঁর ফ্রিয় সব্জি টমেটো,আমার প্রিয় সবজি টোমেটো,আর ফ্রিয় সবজি টমাটো,আমার টমেটো বেশি বালা লাগে
চলো একসাথে গান গাই,লও একলগে গান গাই,চলো এক্কোফোয়ারে গান গাই,চলো একসাথে গান গাই,চলো একত্তরে গান গাই,চলো তে একলগে গান গাই
চলো একসাথে মাছ ধরি,লও একলগে মাছ ধরি,চলো এক্কোফোয়ারে মাছ দরি,চলো একসাথে মাছ ধরি,চলো একত্তরে মাছ ধরি,চলো তে একলগে মাছ ধরি
আপনি আপনার পরিবার সহ আমাদের বাসায় আসবেন,আম্নে আম্নের পরিবার লইয়া মোগো বাড়ি আইবেন,অনে অনর ফরিবারসহ আঁরার বাসাত আইবান,আফনে আফনের পরিবার সহ আমরার বাসায় আইবেন,আন্নে আন্নের পরিবার সহ আগ্গোর বাসাত আইবেন,আফনে আফনার পরিবাররে লইয়া আমার বাসাত আইন যেন
তুমি কি আমাকে আগে দেখেছো ?,তুমি কি মোরে আগে দ্যাখছো?,তুঁই কি আঁরে আগে দেইক্কো নে?,তুমি কিতা আমারে আগে দেখসো ?,তুউই কি আরে আগে দেইকছো,তুমিতাইন কিতা আমারে আগে দেখছো নি?
আমার সাথে নাচবা?,মোর লগে নাচবা?,আঁর ফোয়ারে নাচিবা নে?,আমার সাথে নাচবা?,আর লগে নাইচবা?,আমার লগে নাচবায় নি?
তোমার প্রিয় গান কোনটি ?,তোমার পিরিয়ো গান কোনডা?,তোঁয়ার ফ্রিয় গান হনওয়া?,তোমার প্রিয় গান কোনডা ?,তোয়ার ফ্রিয় গান কুনগা,তুমিতাইন ওর কোন গান বেশি বালা লাগে?
তোমার প্রিয় গায়ক কে?,তোমার পিরিয়ো গায়োক কেডা?,তোয়ার ফ্রিয় গায়ক হন?,তোমার প্রিয় গায়ক কেডা?,তোয়ার ফ্রিয় গায়ক কে,তুমিতাইন ওর কোন গায়করে বেশি বালা লাগে?
কালকে ঘুড়ি উরাবো,কাইল ঘুড্ডি উড়ামু,হালিয়া গুন্ডি উরাইয়ুম,কালকে ঘুডডি উরায়াম,কাইলগা ঘুড্ডি উড়ামু,কাইল গুড্ডি উড়াইমু নে
তুমি কি আমায় ভালবাসো ?,তুমি কি মোরে ভালোবাসো?,তুঁই কি আঁরে বালবাসো নে?,তুমি কি আমারে ভালবাস ?,তুই কি আরে ভালোবাসো,তুমিতাইন কিতা আমারে বালা ফাও নি?
চলো ঘুড়ি উরাই,লও ঘুড্ডি উড়াই,আডো গুন্ডি উরাই,চলো ঘুডডি উরাই,চলো ঘুড্ডি উড়াই,চলো তে গুড্ডি উড়াই
আমি ছোটবেলায় অনেক মেধাবী ছিলাম,মুই ল্যাদাকালে ম্যালা মেদাবী আল্লাম,আঁই গুরা তাইক্তে বউত মেধাবী আচিলাম,আমি ছোটবেলায় অনেক মেধাবী আসিলাম,আই ছোড বেলা অনেক মেদাবি আছিলাম,আমি ছোটকাল তনেউ মেধাবী আছলাম
আমার নৌকায় ঘুরতে অনেক ভালো লাগে,মোর নৌকায় ঘোরতে বেমালা ভাল লাগে,আঁর নৌকাত গুইরতো বউত ভালা লাগে,আমার নৌকায় ঘুরতাম মেলা ভালো লাগে,আর নৌকাত ঘুইরতাম ভালা লাগে,আমার নৌকা দিয়া ঘুরতে যে বালা লাগে
জেলেরা মাছ ধরছে,জাইল্লারা মাছ ধরতেয়াছে,জাইল্লা অক্কল মাচ দরের,জেলেরা মাছ ধরতাসে,জাইল্লারা মাছ ধরের,জেলে ওকলতে মাছ মারছে
আমি আম খাবো,মুই আম খামু,আঁই আম হাইয়্যুম,আমি আম খায়াম,আই আম খাইয়ুম,আমি আম খাইতাম
আম আমার প্রিয় ফল,আম মোর পিরিয়ো ফল,আম আঁর ফ্রিয় ফল,আম আমার প্রিয় ফল,আম আর ফ্রিয় ফল,আম ফলটা আমার সব তাকি বেশি বালা লাগে
আজকে তোমার ভাইকে দেখলাম,আইজ তোমার ভাইরে দ্যাখলাম,আযিয়া তোঁয়ার বাইর দেইক্কি,আজকে তোমার ভাইরে দেখলাম,আইজগা তোয়ার ভাইরে দেইকলাম,আইজ তুমিতাইন ওর ভাইরে দেখলাম
তোমার গানের গলা অনেক ভালো,তোমার গানের গলা ম্যালা ভালো,তোঁয়ার গানওর গলা বউত বালা,তোমার গানের গলা মেলা ভালা,তোয়ার গানের গলা মেলা ভালা,তুমিতাইন ওর গান ওর গলা খুব বালা
আমি তোমার হাসির প্রেমে পড়েছি,মুই তোমার হাসির পেরেমে পড়ছি,আঁই তোঁয়ার আসির ফ্রেমত ফইরগি,আমি তোমার হাসির প্রেমে পড়সি,আই তোয়ার আসির হেমে হইড়ছি,তুমিতাইন ওর হাসির প্রেমও পড়ি গেছি আমি
তোমার পরিবারে কে কে আছে?,তোমার পরিবারে কেডা কেডা আছে?,তোঁয়ার ফরিবারওত হন হন আচে?,তোমার পরিবারে কে কে আসে?,তোয়ার হরিবারে কে কে আছে,তুমিতাইন ওর বাসাত কে কে আছোইন?
আমি তোমার বাদামী চোখ জোড়া ভালোবাসি,মুই তোমার বাদামী চক্ষু জোড়া ভালোবাসি,আঁই তোয়ার বাদামী চোখ যোরা বালবাসি,আমি তোমার বাদামী চোখ জোড়া ভালবাসি,আই তোয়ার বাদামী চোখএইগুন ভালোবাসি,তুমিতাইন ওর বাদামি রঙ ওর চউখ দুইটা আমার খুব বালা লাগসে
তুমি বিয়ে করবে কতো বছর বয়সে ?,তুমি বিয়া কবা কত বছর বয়সে?,তুঁই বিয়া গরিবা হতো বছর বয়সত?,তুমি বিয়া করবা কত বছর বয়সে ?,তুই বিয়া কাইরবা কত বছর বয়সে,তুমিতাইন কত বয়সও বিয়া করবায়
ক্রিকেট খেলা তোমার কেমন লাগে?,কিরকেট খ্যালা তোমার ক্যামন লাগে?,ক্রিকেট কেলা তোঁয়ারত্তুন কেন লাগে?,ক্রিকেট খেলা তোমার কেমন লাগে?,ক্রিকেট খেলা তোয়ার কেইকান লাগে,তুমিতাইন ওর ক্রিকেট খেলা কিলা লাগে?
আমার একদমই ভালো লাগে না,মোরদারে মোডেও ভালো লাগেনা,আঁর এফফোডাও গম ন লার,আমার একদমই ভালা লাগে না,অর একছের ভালা লাগে না,আমার একবারেউ বালা লাগের না
আমার অনেক ভালো লাগে,মোর ম্যালা ভালো লাগে,আঁর বউত বালা লাগে,আমার অনেক ভালা লাগে,আর অনেক ভালো লাগে,আমার খুব বালা লাগে
তোমার বাবা কি করেন?,তোমার বাফে কি করে?,তোঁয়ার বাবা কি গরে?,তোমার আব্বা কিতা করেন?,তোয়ার বাবা কিয়ারে,তুমিতাইন ওর বাবায় কিতা করোইন?
তোমার ভাই কোথায় চাকরি করেন?,তোমার ভাই কোম্মে চাকরি করে?,তোঁয়ার বাই চঁঅরি হডে গরে?,তোমার ভাই কোনখানে চাকরি করেন?,তোয়ার ভাই কোনাই চাকরি করে,তুমিতাইন ওর ভাইয়ে কিতাত চাকরি করোইন?
আমি মুরগির মাংস বেশি পছন্দ করি,মুই মুরহার গোস্ত বেশি পছন্দ করি,আঁই কুরার গোস্ত বেশি পচন্দ গরি,আমি মুরগির মাংস বেশি পসন্দ করি,আই মুরগির মাংস বেশি হছন্দ করি,আমার মোরগ ওর মাংস বেশি বালা লাগে
তুমি কি খেতে পছন্দ করো ?,তুমি কি খাইতে পছন্দ কর?,তুঁই কি হাইতো পচন্দ গরো,তুমি কি খাইতে পসন্দ করো ?,তুউই কিয়া খাইতাম হছন্দ করো,তুমিতাইন কিতা খাইতে বালা ফাও?
আমি চিংড়ী মাছ খেতে পছন্দ করি,মুই ইছা মাছ খাইতে পছন্দ করি,আঁই ইচা মাচ হাইতো পচন্দ গরি,আমি চিংড়ী মাছ খাইতাম পসন্দ করি,আই ইচা মাছ খাইতাম হছন্দ করি,আমার ইছা মাছ খাইতে বেশি বালা লাগে
আমি তোমার সাথে রাতে সাগর পাড়ে দাঁড়ায় থাকতে চাই,মুই তোমার লগে রাইতেরবেলা সাগরের ধারে খারাইয়া থাকতে চাই,আঁই তোঁয়ার ফোয়ারে রাতিয়া দইরগার চর অত তিয়ায় তাইক্তো চাই,আমি তোমার লগে রাইতে সাগর পাড়ে দাঁড়ায় থাকতাম চাই,আই তোয়ার লগে রাইতকা সাগর হাড়ে দাড়াই থাইঅতাম চাই,তুমিতাইন ওর লগে আমি রাত্রে সমুদ্রর পাড়-ও উবাই থাকতাম চাই
আজকে তোমায় দেখতে আসবে?,আইজ তোমারে দ্যাখতে আইবে?,আযিয়া তোঁয়ারে চাইত আইবো?,আইজকা তোমারে দেখতে আইব?,আইজগা তোয়ারে দেইকতো আইবো,আইজ কিতা তোমারে দেখাত আইবো নি?
না করে দিও ছেলে পক্ষকে,না কইররা দিও পোলা পক্ষরে,না গরি দিও ফোয়া পক্ক রে,না কইরা দিও ছেড়া পক্ষকে,না করি দিও হোলারগোরে,ছেলে পক্ষর হেরারে না করি দিও
আমি পারবো না না করতে,মুই পারমু না না করতে,আঁই না গরিত ন পাইরগম,আমি পারবো না না করতে,আই হাইত্তান্ন না কইত্তে,আমি না করতে ফারতাম নায়
তোমার মনে চাইলে গিয়ে না করো,তোমার মন চাইলে জাইয়া না করো,তোঁয়াত্তুন মনে হইলে না গরি দ গই,তোমার মনে চাইলে গিয়া না কর,তোয়ার মনে চাইলে যাই না করি দেও,তুমিতাইন ওর মন চাইলে গিয়া না করো
আমাকেে একটা গান শুনাবা?,মোরে এউক্কা গান হুনাবা?,আঁরে ওজ্ঞা গান ফুনাইবা?,আমারে একটা গান হুনাইবা?,আরে এককান গান হুনাইবা,আমারে একখান গান হুনাইবায় নি?
তুমি কি গল্প লেখো ?,তুমি কি কেসসা লেহো?,তুঁই কি কিচ্চা লিকো?,তুমি কিতা গল্প লেহো ?,তুউই কি গল্ফ লেখো,তুমিতাইন কিতা গল্প লেখো নি?
চা অথবা কফি কোনটা বেশি পছন্দ ?,চা নইলে কফি কোনডা বেশি পছন্দ?,চা নাকি কপি হন্নান বেশি পচন্দ ?,চা অথবা কফি কোনডা বেশি পসন্দ ?,চা নইলে কফি কোনটা বেশি হছন্দ,চা নায় কফি কোনটা বেশি বালা লাগে?
আমার কফি বেশি পছন্দ,মোর কফি বেশি পছন্দ,আঁর কপি বেশি পচন্দ,আমার কফি বেশি পসন্দ,আর কফি বেশি হছন্দ,আমার কফি বেশি বালা লাগে
আমি তোমায় ভালবাসি,মুই তোমারে ভালোবাসি,আঁই তোয়ারে বালবাসি,আমি তোমারে ভালবাসি,আই তোয়ারে ভালোবাসি,আমি তোমারে বালা ফাই
বৃষ্টির দিনে রিক্সাতে ঘুরতে ভালো লাগে,বইষ্যা কালে রিক্সায় ঘোরতে ভাল্লাগে,যরর দিনত রিস্কাত গুইরতো বালা লাগে,বৃষ্টির দিনে রিক্সাতে ঘুরতে ভালা লাগে,বৃষ্টির দিনে রিক্সায় ঘুইরতাম ভালা লাগে,বৃষ্টির দিনও রিক্সাত ঘুরতে যে বালা লাগে
বৃষ্টির দিনে গরম গরম খিচুড়ি আর গরু মাংস খেতে ভালো লাগে,বইষ্যা কালে গরম গরম খিচুড়ি আর গরুর গোস্ত খাইতে ভাল্লাগে,যরর দিনঅত গরম গরম কিচুরি আর গরু গোস্ত হাইত গম লাগে,বৃষ্টির দিনে গরম গরম খিচুড়ি আর গরু মাংস খাইতে ভালা লাগে,বৃষ্টির দিনে গরম খিচুড়ি আর  গরুর মাংস খাইতাম ভালা লাগে,বৃষ্টির দিনও গরমা গরম খিচুড়ি আর গরুর গোস্ত খাইতে বালা লাগে
বৃষ্টির দিনে  চা খেতে ভালো লাগে,বইষ্যা কালে চা খাইতে ভাল্লাগে,যরর দিনঅত চা হাইত গম লাগে,বৃষ্টির দিনে চা খাইতে ভালা লাগে,বৃষ্টির দিনে চা খাইতাম ভালো লাগে,বৃষ্টির দিনও চা খাইতে বালা লাগে
আমি ছবি তুলতে পছন্দ করি,মুই ছবি তোলতে পছন্দ করি,আঁই চবি তুইলত পচন্দ গরি,আমি ছবি তুলতাম পসন্দ করি,আই ছবি তুইলতাম হছন্দ করি,আমি ছবি তুলতে বালা ফাই
আমাকে একটি বই উপহার দিও,মোরে এউক্কা বই উপহার দেও,আঁরে ওজ্ঞা বই উফাহর দিও,আমারে একটা বই উপহার দিও,আরে এককান বই উফহার দিও,আমারে একগু বই উপহার দিও তে
মানুষ আসলে বড়ই অদ্ভুত,মানু আসলেই ম্যালা অদ্ভুত,মানষ বাস্তবে বরই অদবুত,মানুষ আসলে বড়ই অদ্ভুত,মানষ আসলে বড় অদ্ভুত,মানুষ আসলেউ বউত অদ্ভুত 
আজকে আমি ছাতা আনতে ভুলে গেছি,আইজ মুই ছাতি আনতে ভুইল্লা গেছি,আযিয়া আঁই চাতি আইনতো বুলি গেইয়্যি ফেলায়্যি,আজকে আমি ছাতা আনতে ভুইল্লা গেসি,আইজগা আই ছাতা আইনতো ভুলি গেছি,আইজ আমি ছাত্তি আনতে বুলি গেছি
রাস্তায় আজকে অনেক মানুষ,রাস্তায় আইজ একছের মানু,রাস্তাত আযিয়া বউত মানুষ,রাস্তায় আইজকে অনেক মানুষ,রাস্তায় আইজগা মেলা মানষ.,রাস্তাত আইজ বাক্কা মানুষ
আমার কালো জামা নাই,মোর কালা জামা নাই,আঁর হালা যামা নাই,আমার কালা জামা নাই,আর কালা কোত্তা নাই,আমার কালা রঙ ওর জামা নাই
আমার কালো জামা আছে,মোর কালা জামা আছে,আঁর হালা যামা আচে,আমার কালা জামা আসে,আর কালা কোত্তা আছে,আমার কালা রঙ ওর জামা আছে
আমি কী বেশি বিরক্ত করি?,মুই কি বেশি বিরক্ত করি?,আঁই কি বেশি বিরক্ত গরি?,আমি কিতা বেশি বিরক্ত করি?,আই কি বেশি বিরক্ত করি,আমি কিতা বেশি জ্বালাই নি?
আমাকেতো আর ভালো লাগবে না,মোরেতো আর ভালো লাগবে না,আঁরেতো আর গম ন লাগিবো,আমারেতো আর ভালা লাগবে না,আরে তো আর ভালো লাইগদ নো,আমারে তো আর বালা লাগতো নায়
আমার সাথে তোমার কোনো সম্পর্ক নাই,মোর লগে তোমার কোন সম্পর্ক নাই,আঁর ফোয়ারে তোঁয়ার হনো সম্ফর্ক নাই,আমার লগে তোমার কোন সম্পর্ক নাই,আর লগে তোয়ার কোনো সম্পর্ক নাই,আমার লগে তুমিতাইন ওর কোন মাত নাই
আমি তোমাকে চিনি না,মুই তোমারে চিনি না,আঁই তোয়ারেবন চিনি,আমি তোমারে চিনি না,আই তোয়ারে চিনি না,তুমিতাইনরে আমি চিনি না
তুমি আমার প্রথম বন্ধু,তুমি মোর পরথোম দোস্ত,তুঁই আঁর ফ্রতম বন্দু,তুমি আমার প্রথম বন্ধু,তুউই আর প্রথম বন্দু,তুমিতাইন আমার ফয়লা বন্ধু
আজকের আবহাওয়টা অনেক সুন্দর,আইজগো আবহাওয়াডা ম্যালা সুন্দর,আযিয়ার আবহাওয়াওয়ান বউত সুন্দর,আজকের আবহাওয়টা মেলা সুন্দর,আইজগার আবহাওয়াই মেলা সোন্দর,আইজ ওর আবহাওয়াটা যে সুন্দর
উনি ভালো মনের মানুষ,হ্যায় ভালো মনের মানু,ইবা বালো মনের মানুষ,উনি ভালা মনের মানুষ,হেতেন ভালা মনের মানষ,তাইন বালা মিন ওর মানুষ 
আমরা এতটাও ভালো না,মোরা এতহানিও ভালো না,আঁরা এতবর বালা নই,আমরা এতটাও ভালা না,আমরা এতও ভালা নো,আমরা ওতোও বালা নায়
আমার টাকা নাই,মোর টাহা নাই,আঁর টিঁয়া নাই,আমার টেহা নাই,আর টেয়া নাই,আমার টেখা নাই
শীতের সকাল অনেক সুন্দর,শীতকাইল্লা সকাল ম্যালা সুন্দর,শীতর সকাল বউত সুন্দর,শীতের সহাল মেলা সুন্দর,শীতের সকাল মেলা সুন্দর,শীত ওর সকাল খুব সুন্দর
আমার মা আমাকে ভালবাসে,মোর মায় মোরে ভালবাসে,আঁর মা আঁরে বউত বালোবাসে,আমার মা আমারে ভালবাসে,আর মা আরে ভালোবাসে,আমার মা'য় আমারে বালা ফাইন
আমার বন্ধুর বিয়ে আজ,মোর দোস্তের বিয়া আইজ,আঁর বন্দুর বিয়া আযিয়া,আমার বন্ধুর বিয়া আইজকা,আর বন্দুর আইজগা বিয়া,আইজ আমার বন্ধুর বিয়া
অল্প সময় ছিলো সে তাতেই মায়ায় পরে আছি,এট্টুহানে সময় ছেলে হ্যায় হেইতেই মায়ায় পইররা রইছি,অল্ফ সময় আচিলদি ইবা এতেই মায়ায় ফরি গেইয়্যি,অল্প সময় আসিল হেয় তাতেই মায়ায় পইরা আসি,অল্ফ সময় আছিলো সে তাতেই মায়ায় হড়ি রইছি,বাক্কা কম সময় ওউ তার মায়াত পড়ি গেছি
বিয়ের পর তুমি বদলে গেছো,বিয়ার পর তুমি পাল্ডাইয়া গেছো,বিয়ার ফর তুঁই ফাল্টি গেইয়্যু,বিয়ার পর তুমি বদলায়া গেসো,বিয়ার হর তুউই বদলি গেছো,বিয়ার বাদে তুমিতাইন বদলি গেছো
কবিতা পড়তে আমার ভালো লাগে,কবিতা পড়তে মোর ভাল লাগে,কবিতা ফইত্ত আঁত্তুন গম লাগে,কবিতা পড়তে আমার ভালা লাগে,কবিতা হইরতাম আমার অনেক ভালো লাগে,কবিতা পড়তে আমার বালাউ লাগে
মেয়ে মানুষ বড়ই অদ্ভুত,মাইয়া মানু ম্যালা অদ্ভুত,মাইফোয়া মানুষ বরই অদ্বুত,মাইয়া মানুষ বড়ই অদ্ভুত,মাইয়া মানুষ মেলা অদ্ভুত,ফুরিন মানুষ হাছাউ কিলা জানি
আমি কী অনেক মোটা ?,মুই কি একছের মোডা?,আঁই কি বেশি মোটা ?,আমি কিতা অনেক মোডা ?,আই কি অনেক মোডা,আমি কিতা খেচা মোটা নি?
হ্যাঁ তুমি অনেক মোটা,হয় তুমি বেমালা মোডা,অ তুঁই বউত মোটা,হ তুমি মেলা মোডা,এ তুউই অনেক মোডা,ওয়ও তুমিতাইন বাক্কা মোটা
তুমি কি দেখছো ?,তুমি কি দ্যাখছো?,তুঁই কি দেহর নে ?,তুমি কিতা দেখতাসো ?,তুউই কি দেইকছো,তুমিতাইন কিতা দেখছো নি?
তোমার দিকে তাকিয়ে আছি,তোমার দিকেই চাইয়া রইছি,তোঁয়ার ইক্কা চাই তাক্কি,তোমার দিকে তাকায়া আসি,তোয়ার দিকে তাকাই রইছি,তুমিতাইন ওর দিকে চাই রইছি
তোমার সৌন্দর্যোতা দেখছি,তোমার সৌন্দর্যো দ্যাখতেয়াছি,তুঁয়ার সুন্দর্যতা চাইদ্দি,তোমার সৌন্দর্যোতা দেখতাসি,তোয়ার সৌন্দর্য দেইকছি,তুমিতাইন যে সুন্দর দেখিয়ার
পানির অপর নাম জীবন,পানির আরেক নাম জীবন,ফানির আরেক নাম যীবন,পানির অপর নাম জীবন,হানির অফর নাম জীবন,পানির আরেক নাম জীবন
আজ অনেক মজা হল,আইজ একছের মজা হইছে,আযিয়া বউত মযা অইয়্যে,আইজকে মেলা মজা হইল,আইজগা অনেক মজা অইছে,আইজ বাক্কা মজা ওইছে
আমার বিয়েতে দাওয়াত রইলো,মোর বিয়ায় দাওয়াত রইলে,আঁর বিয়াত দাওয়াত তাকিলো,আমার বিয়াতে দাওয়াত রইলো,আর বিয়াত দাওয়ার থাইকল,আমার বিয়াত দাওয়াত রইলো 
সবাই হারিয়ে যায়,হগলডি হারাইয়া যায়,বেজ্ঞুন আযি যা গই,বেহেই হারায়া যায়,বেকে আরাই যায়,হকল ওউ হারাই যায়
আমার কোনো বন্ধু নেই,মোর কোন দোস্ত নাই,আঁর হ ন বন্দু নাই,আমার কোন বন্ধু নাই,আর কোনো বন্দু নাই,আমার কোন বন্ধু নাই
এই পৃথিবীতে আমি বড্ড একা,এই পিরথিবি তে মুই এক্কেরে একলা,এই ফিতিবিত আঁই খুব একা,এই দুনিয়াতে আমি বড্ড একলা,এই হিতিবিতে আই বড্ড একলা,ওউ দুউন্নাইত আমি ফুরাউ এখলা
তুমি রান্না করতে পারো ?,তুমি কি রানতে পারো?,তুঁই রাঁদিত যানো নে ?,তুমি রান্না করতে পার ?,তুউই রান্না কইরতাম হারো,তুমিতাইন কিতা রান্তায় ফারো নি?
তোমার হাতের লেখা অনেক সুন্দর,তোমার হাতের লেহা একছের সুন্দর,তোঁয়ার আতর লেহা বউত সুন্দর,তোমার হাতের লেহা মেলা সুন্দর,তোয়ার হাতের লেয়া মেলা সুন্দর,তুমিতাইন ওর হাত ওর লেখা যে সুন্দর
আমি গল্পের বই কিনবো,মুই গল্পের বই কিনমু,আঁই গল্ফর বই কিন্নম,আমি গল্পের বই কিনবাম,আই গল্ফের বই কিনুম,আমি গল্প'র বই কিনমু
আমি আজকে ঢাকায় যাবো,মুই আইজ ঢাকা যামু,আঁই আযিয়া ডাহা যাইয়্যুম,আমি আইজকে ঢাকায় যায়াম,আই আইজগা ঢাকাইয় যাইয়ুম,আমি আইজ ঢাকাত যাইমু
ঢাকায় আমার চাকরি হয়েছে,ঢাকায় মোর চাকরি হইছে,ডাহাত আঁর চঁঅরি অইয়্যে,ঢাকায় আমার চাকরি হইসে,ঢাকায় আর চাকরি অইছে,ঢাকাত আমার চাকরি ওইছে
চাকরি করতে আর ভালো লাগে না,মোর চাকরি করতে আর ভালো লাগদেয়াছে না,চঁঅরি গইরত আত্তুন আর গম ন লাগের,চাকরি করতে আর ভালা লাগে না,চাকরি কইরতাম আর ভালো লাগে না,চাকরি করতে আর বালা লাগরো না
মা আমার অনেক যত্ন নেয়,মায় মোর ম্যালা যত্ন লয়,মা আঁর বঊত যত্ন লয়,মা আমার মেলা যত্ন নেয়,আর মা আর মেলা যত্ন করে,মা'য় আমার খুব যত্ন নেইন
আমার মায়ের রান্না অনেক মজার,মোর মায়ের রান্দা একছের মজা,আঁর মার রাঁদা বউত মযা,আমার মায়ের রান্না মেলা মজার,আর মার রান্না মেলা স্বাদ,আমার মা'র গাত ওর রান্দা খুব মজার
বিয়েতে আমার মত নাই,বিয়ায় মোর মত নাই,বিয়াত আঁর মত নাই,বিয়াতে আমার মত নাই,বিয়াত আর মত নাই,বিয়াত আমার লাকান নাই
পাহাড়ের চূড়ায় উঠতে চাই,পাহাড়ের মাতায় ওঠতে চাই,ফা আরর আগাত উইটত চায়,পাহাড়ের চূড়ায় উঠতাম চাই,ফাহাড়ের চুড়ায় উইটতাম চাই,পাহাড় ওর মাথাত উঠতাম চাই
এক পাশে সাগর এক পাশে বালি,এক কূলে সাগর আরেক কূলে বালু,এক ফাশে দইরগা এক ফাশে বালু,এক পাশে সাগর এক পাশে বালি,এক হাস সাগর এক হাসে বালি,এক বায়দি সমুদ্র আরেক বায়দি বালু
তোমার ছেলে অনেক দুষ্টু,তোমার পোলায় একছের দুষ্টু,তোঁয়ার ফোয়া বঊত যারগো,তোমার ছেড়া অনেক দুষ্ট,তোয়ারে হোলা অনেক দুইষ্ট,তুমিতাইন ওর ফুয়াগু যে দুষ্টা
কালকে থেকে পড়তে বসবো,কাইল হইতে পড়তে বমু,হালিয়াত্তুন ফইত্ত বইস্সম,কালকে থাইক্কা পড়তাম বসবাম,কাইলগার তুন হইড়তে বইয়ুম,কাইল তনে পড়াত বইমু
আমার ঘড়ীটা খুজে পাচ্ছি না,মোর ঘড়িডা খুইজ্জা পাইতেয়াছি না,আঁর গরিওয়া তোয়ায় ন ফাইর,আমার ঘড়ীটা খুইজ্জা পাইতাসি না,আর গরি আন খুজি হাইয়ের না,আমার ঘড়িগুতা খুজিয়া পাইয়ার না
মানুুষ অনেক স্বার্থপর হয়,মানু অনেক স্বার্থপর হয়,মানুষ বউত সার্তফর,মানুুষ মেলা স্বার্থপর হয়,মানষ মেলা স্বার্থপর,মানুষ যে স্বার্থপর ওয়
কিন্তু কিছু মানুষ অনেক ভালো,তয় কিছু মানু ম্যালা ভালো,কিন্তু কিচু মানুষ বউত বালা,কিন্তু কিসু মানুষ মেলা ভালা,কিন্তু কিছু মানষ মেলা ভালো,কিন্তু কিছু মানুষ খুব বালা
আমি তাদেরই একজন হতে চাই,মুই হ্যাগোরি একজন হইতে চাই,আঁই তারার একযন অইত চায়,আমি তারারই একজন হইতাম চাই,আই হেতাগোরএকজন অইতাম চাঈ,আমি তারার ওউ একজন ওইতাম চাই
তোমার পরিবারে কি আমায় মেনে নিবে?,তোমার পরিবার কি মোরে মাইন্না নেবে?,তোঁয়ার ফরিবার কি আঁরে মানি লইব নে?,তোমার পরিবারে কি আমায় মাইন্না নিব?,তোয়ার হরিবারে কি আরে মানি লইব,তুমিতাইন ওর বাসাত কিতা আমারে মানিয়া লইবো নি?
তুমি অনেক যত্নশীল,তুমি বেমালা যত্নশীল,তুঁই বউত যত্নবান,তুমি মেলা যত্নশীল,তুউই অনেক যত্নশীল,তুমিতাইন যে যত্ন লও
তোমাদের পরীক্ষা কবে ?,তোমাগো পরিক্ষা কবে?,তোঁয়ারার ফরিক্কা হত্তে,তোমরার পরীক্ষা কবে ?,তোংগোর হরীক্কা কবে,তোমরার পরীক্ষা কবে? 
খেলার মাঠে আজকে অনেক মানুষ,খেলার মাডে আইজ একছের মানু,কেলার মাডত আযিয়া বউত মানুষ,খেলার মাঠে আইজকে মেলা মানুষ,খেইলবার মাডে অইজগা মেলা মানষ,খেলার মাঠও আইজ বাক্কা মানুষ
তুমি ভালো আছো?,তুমি ভালো আছো?,তুঁই বালা আচে নে,তুমি ভালা আসো?,তুউই ভালো আছোনি,তুমিতাইন বালা নি?
আমি ভালো নেই,মুই ভালো নাই,আঁই বালা নেই,আমি ভালা নাই,আই ভালা নাই,আমি বালা নায়
তোমাকে ছাড়া আমি ভালো নেই,তোমারে থুইয়া মুই ভালো নাই,তোঁআরে চারা আঁই বালা নেই,তোমারে ছাইড়া আমি ভালা নাই,তোয়ারে ছাড়া আই ভালা নাই,তুমিতাইনরে ছাড়া আমি বালা নাই
বিপদ বলে কয়ে আসে না,বিপদ বইল্লা কইয়া আহে না,বিফদ হইয়েরে ন আইয়্যে,বিপদ বইল্লা কয়া আয় না,বিফদ বলি কই আইয়ে না,বিফদ কইয়া আয় না
ছেলেটির রাগ অনেক বেশী,পোলাডার ত্যাজ একছের বেশী,ফোয়াইবার গোস্সা বেশি,ছেড়াডার রাগ মেলা বেশী,হোলাগার রাগ মেলা বেশি,ফুয়াগুর যে রাগ
আমি একজন খারাপ মানুষ,মুই এউক্কা খারাপ মানু,আঁই একযন হারাপ মানুষ,আমি একজন খারাপ মানুষ,আই একজন খারাপ মানষ,আমি একটা বাদ মানুষ
তুমি কি চাও?,তুমি কি চাও?,তুঁই কি চ?,তুমি কিতা চাও?,তুউই কিয়া চাও,তুমিতাইন কিতা চাও তে?
তুমি কি চাও আমি চলে যাই?,তুমি কি চাও মুই চইল্লা যাই?,তুঁই কি চ আঁই যাই গই?,তুমি কি চাও আমি চইল্লা যাই?,তুমি কিয়া চাও আই চলি যাই,তুমিতাইন কিতা চাও নি আমি যাই গি?
আমি চাই তুমি সবসময় আমার সাথে থাকো,মুই চাই তুমি হগলকালে মোর লগে থাহো,আঁই চাই তুঁই এগাযা আঁর ফোঁয়ারে তাকো,আমি চাই তুমি বেগসময় আমার লগে থাকো,আই চাই তুউই সবসময় আর সাথে থাকো,আমি চাই তুমিতাইন হকল সময় আমার লগে থাকো
কিন্তু এইটা কোনদিনও সম্ভব না,তয় এইডা কোনকালেই সম্ভব না,কিন্তু ইয়ান হনোদিনো সম্বব ন,কিন্তু এইডা কোনদিনও সম্ভব না,কিন্তু এইটা কোনদিন ও সম্ভব অইত ন,কিন্তু ইকটা কোনদিন ওউ সম্ভব নায়
তুমি কি বিয়েতে রাজি ?,তুমি কি বিয়াতে রাজি?,তুঁই বিয়াত রাযি নে ?,তুমি কি বিয়াতে রাজি ?,তুউই কি বিয়াত রাজি,তুমিতাইন কিতা বিয়াত রাজি নি?
আমি রাজি না,মুই রাজি না,আঁই রাযি ন,আমি রাজি না,আই রাজি নো,আমি রাজি নায়
পাখিটা দেখতে সুন্দর,পক্ষিডা দ্যাখতে সুন্দর,ফাকিউয়া দেকতে সুন্দর,পাখিডা দেখতে সুন্দর,পাখিটা দেইকতো সুন্দর,পাখি ওগু দেখতে সুন্দর
লাল রঙের শাড়িতে তোমায় ভালো মানাবে,লাল রঙের শারিতে তোমারে ভালো মানাইবে,লাল রংর শাড়িত তোঁয়ারে বালো মানাবোব,লাল রঙের শাড়িতে তোমরে ভালা মানাইব,লাল রঙ্গের শাড়িত তোয়ারে ভালা মানাইবো,লাল রঙ ওর শাড়িত তোমারে বালা মানাইবো
নীল রঙ আমার অনেক পছন্দ,নীল রঙ মোর ম্যালা পিরিয়ো,নীল রং আঁর বউত পচন্দ,নীল রঙ আমার মেলা পসন্দ,নীল রং আর অনেক হছন্দ,নীল রঙ আমার খুব বালা লাগে
আমি তোমায় ভালবাসি না,মুই তোমারে ভালোবাসি না,আঁই তোয়াঁরে বালো ন বাসি,আমি তোমায় ভালবাসি না,আই তোয়ারে ভালোবাসি না,আমি তোমারে বালা ফাই না
কেন ভালোবাসো না আমায় ?,কির লইজ্ঞা ভালোবাসনা মোরে?,আঁরে বাল না বাসো কিল্লাই ?,কেন ভালোবাস না আমায় ?,কিল্লাই আরে ভালোবাসো না,কিতার লাগি আমারে বালা ফাও না?
আমার মধ্যে সমস্যা আছে,মোর মইধ্যে সমেস্যা আছে,আঁর মইদ্দে সমস্যা আচে,আমার মধ্যে সমস্যা আসে,আর মইধ্যে সমস্যা আছে,আমার মাঝে বেজাল আছে
আমার মাথা গরম থাকে,মোর মাতা গরম থাহে,আঁর মাতা গরম তাকে,আমার মাথা গরম থাহে,আর মাতা গরম থায়,আমার মাথা গরম ওই থাকে
আমি বদমেজাজি লোক,মুই বদমেজাজি মানু,আঁই টেরা মানুষ,আমি বদমেজাজি বেডা,আই বদমেজাজি মানষ,আমি বদ মেজাজ ওর মানুষ
বেশী কথা আমার পছন্দ না,বেশী কতা মোর পছন্দ না,বেশি হতা আত্তন পচন্দ নয়,বেশী কথা আমার পসন্দ না,বেশি কতা আর হছন্দ নো,বেশি মাত আমার বালা লাগে না
তুমি বোকা একজন মানুষ,তুমি গোঙ্গা এউক্কা মানু,তুঁই একযন ডিলা মানুষ,তুমি বোকা একজন মানুষ,তুউই একজন বেকুব মানুষ,তুমিতাইন একটা গাধা মানুষ
তুমি বেশী কথা বলো,তুমি বেশী কতা কও,তুঁই বেশি হতা হ,তুমি বেশী কথা কও,তুউই বেশি কতা কও,তুমিতাইন বেশি মাতো
তুমি অল্প কথা বলো,তুমি কম কতা কও,তুঁই অল্ফ মাতো,তুমি অল্প কথা কও,তুউই কম কতা কও,তুমিতাইন কম মাতো
আমি আজ সকালে চা খাই নাই,মুই আইজ বেইন্নাকালে চা খাইনাই,আঁই আযিয়া বেইন্না চা না হাই,আমি আইজকে সহালে চা যাই,আই আইজগা সকালে চা খাই নো,আমি আইজ সকাইলকু চা খাইছি না
আমি আজ সকালে আমার বন্ধুদের সাথে ঘুরতে গিয়েছিলাম,মুই আইজ বেইন্নাকালে দোস্তগো লগে ঘোরতে গেল্লাম,আঁই আযিয়া বেইন্না আঁর বন্দুর লই গুইর ত গেইলাম,আমি আইজকে সহালে আমার বন্ধুরার সাথে ঘুরতে গেসিলাম,আই আইজগা সকালে আর বন্দুগোর লগে ঘুইরতাম গেছি,আমি আইজ সকালে আমার বন্ধু ওকলতোর লগে ঘুরাত গেছলাম
আমি আজ সকালে আমার বন্ধুর সাথে ঝগড়া করেছি,মুই আইজ বেইন্নাকালে মোর দোস্তের লগে কাইজ্জা করছি,আঁই আযিয়া বেইন্না আঁর বন্দুর লই হইজ্জা গইরগি,আমি আইজকে সহালে আমার বন্ধুরার লগে ঝগড়া করসি,আই আইজগা সকালে আর বন্দুর লগে কাইজ্জা কইচ্ছি,আমি আইজ সকাইলকু আমার বন্ধু ওগুর লগে ঝগড়া করছি
আমার বন্ধু আমার সব কথা খুবই মনোযোগ দিয়ে শুনে,মোর দোস্ত মর হগল কতা মন দিয়া হোনে,আঁর বন্দু আঁর বেজ্ঞিন হতা কুব মনোযোগ দি ফুঁনে,আমার বন্ধু আমার বেগ কথা খুবই মনোযোগ দিয়ে হুনে,আর বন্দু আর বেক কতা মনযোসহকারে হুনে,আমার বন্ধু ওতায় আমার মাত খুব মন দিয়া হুনে
আমার বন্ধু হয়ত আমাকে অনেক ভালবাসে,মোর দোস্ত ত্যায় মোরে বেমালা ভালোবাসে,আঁর বন্দু আঁরে বউত বালবাসে ফঁল্লাই,আমার বন্ধু হয়ত আমারে মেলা ভালবাসে,আর বন্দু মনে হয় আরে মেলা ভালোবাসে,আমার বন্ধু ওকলতে মনয় আমারে খুব বালা ফাও
আমার একটি বিড়াল আছে,মোর এউক্কা বিলই আছে,আঁর উজ্ঞা বিলাই আচে,আমার একটা বিলাই আসে,আর এককান বিলাই আছে,আমার একগু বিলাই আছে
আমার বিড়ালের নাম মিনু,মোর বিলইর নাম মিনু,আঁর বিলায়র নাম মিনু,আমার বিলাইয়ের নাম মিনু,আর বিলাইর নাম মিনু,আমার বিলাই ওর নাম মিনু
আমি আমার বিড়ালের সাথে খেলতে অনেক ভালবাসি,মুই মোর বিলইর লগে খ্যালতে ম্যালা ভালবাসি,আঁই আঁর বিলায়র লই খেলা হাইত বঊত বালবাসি,আমি আমার বিলাইয়ের লগে খেলতে মেলা ভালবাসি,আই আর বিলাইড় লগে খেইলতা অনেক ভালোবাসি,আমি আমার বিলাই ওর লগে খেলতে যে বালা ফাই
"এই ১৪ টি বছরে আজও কোন কারনে উনি আমাকে ""তুই"" বলে ডাকেনি","এই ১৪ ডা বছর আইজও কোন কারনে হ্যায় মোরে ""তুই"" কইয়া বোলায়নাই","এই ১৪ বছর লতি আইজো হনো হারনে ইবা আঁরে ""তুই"" হই ন ডাকেনে","এই ১৪ টি বছরে আজও কোন কারনে হেয় আমারে ""তুই"" কয়া ডাহে নাই","এই ১৪ বছরে আইজ ও হেতনে কোনদিন ও কোনকারনে আরে ""তুই"" করিও কয় নো","ওয় ১৪ টা বছর ধরি আইজও তাইন কোন কারণে আমারে ""তুই"" কইয়া ডাকছোইন না"
কখনো গায়ে হাত তুলে নি,কহনো গায়ে হাত তোলে নাই,হনত্তে গাআত আত ন তুলে,কহনো গায়ে হাত তুলে নাই,কোন সময় গায়ে আত তুলে নো,কোন বালা গাত হাত তুলছে না 
লোক দেখানো শেষ?,মানু দ্যাহাইন্না শ্যাষ?,লোক দেহানো অয় গিয়োই নে?,লোক দেহানু শেষ?,লোক দেয়ানো শেষ,মাইনষরে দেখানি শেষ না নি?
এত তাড়াতাড়ি শেষ,এত হওয়ালে শ্যাষ?,এতো জলদি শেষ অই গিয়োয়?,এত তাড়াতাড়ি শেষ,এত জলদি শেষ,ওতো জলদি শেষ!!
বুঝতেছিনা কি করবো আমি,বোঝতেপারতেয়াছিনা কি করমু মুই,নো বুঝির কি গইজ্জুম,বুঝতাসিনা কিতা করবাম আমি,"বুইঝতাম আছি না, কি কইরগুম আই!",বুঝিয়ার না কিতা করতাম আমি
আমার দুই বিয়ে হয়েছে,মোর দুজ্ঞা বিয়া হইছে,আর দুইয়ান বিয়া অইয়ে,আমার দুই বিয়া হইসে,আর দুগা বিয়া অইছে,আমার দুইগু বিয়া ওইছে
আমি একজন মেয়ে মানুষ,মুই এউক্কা মাইয়া মানু,আই এইজ্ঞো বেডি মানুষ,আমি একজন মেয়ে মানুষ,আই ওকগা মাইয়া মানুষ,আমি একগু ফুরি মানুষ
"আমার দ্বিতীয়  বিয়ে নিয়ে আমার নিজের কাকারা, মামারা খোঁচা মেরে কথা বলে","মোর দুইনাম্বার বিয়া লইয়া মোর নিজের চাচারা, মামারা খোঁচা মাইররা কথা কয়",আর মামারা আর কাকারা দ্বিতীয় বিয়া লই গুতা মারি খতা কো,"আমার দ্বিতীয় বিয়া নিয়া আমার নিজের কাক্কারা, মামারা খোঁচা মাইরা কথা কয়","আর দ্বিতীয় বিয়া লই আর নিজের কাগুরা, মামুরা  আরে খোডা মারি কতা কয়",আমার দুই নাম্বার বিয়া লইয়া আমার নিজ ওর কাকা-মামাইন্তে খোঁচা মারিয়া মাতোইন
কিন্তু আজ পর্যন্ত আমার স্বামী আমাকে খোঁচা মেরে কথা বলেনি,তয় আইজগো পইরজন্ত মোর জামাই মোরে খোঁচা মাইররা কথা কয়নাই,মাগার আর জামাই আইজো পর্যন্ত খোচা নো মারে,কিন্তু আইজ পর্যন্ত আমার জামাই আমারে খোঁচা মেরে কথা কয়নাই,কিন্তু আইজ হইরজন্ত আর উনি আরে খোডা মারি কতা কয়নো,কিন্তু আইজ পর্যন্ত আমার জামাইয়ে আমারে খোঁচা মারিয়া মাতছে না
ভাবছি আপন লোক কি এমনই হয়?,ভাবতেয়াছি আফোন মানু কি এরহম হয়?,ভাবির দ্দে আফন লোক এরিম্মা ওদে নে?,ভাবসি আপন লোক কিতা এমনই হয়?,আই ভাবি আরি আপন লোক এরুম না নি অয়?,ভাবিয়ার নিজ ওর মানুষ ওউ ওলা ওইন নি?
আমার আপন লোক গুলোই এমন,মোর আফোন মানু গুলানই এরহম হয়,আর আফন লোক ইন এরিম্মা,আমার আপন লোক গুলাই এমন,আর আপন লোকগুলোই এরুম,আমার নিজ ওর মানুষ ওকল ওউ ওলাকান
আমার আর বাঁচতে ইচ্ছে করেনা জানেন,মোর আর বাঁচতে ইচ্ছা করেনা জানেন,তুই জানো নে আত্তুন আর বাচিবার ইচ্ছে নো গরে,আমার আর বাঁচতে ইচ্ছা করেনা জানেন,আর আর বাইচতে মন চায়না জানেন নি,আমার আর বাঁচতে ইচ্ছা করে না জানোইন নি
আমার প্রথম বিয়ে আমাকে জোর করে দেয়,মোর পরথোম বিয়া মোরে জোর কইররা দ্যায়,আমার ফইলদ্দা বিয়া জোর গরি দিয়ে,আমার প্রথম বিয়া আমারে জোর কইরা দেয়,আর প্রথম বিয়া আরে জোর করি দিছে,আমার ফয়লা বিয়া আমারে জোর করিয়া দিছে
সেখানে ছেলে অনেক কিপটা ছিলো আমি দুইবেলা ভাত খেতে পারতাম না,হেইহানে পোলা একছের কিপটা ছেলে মুই দুইবেলা ভাত খাইতে পারতাম না,ওইন্দির ফুয়া ইবা বেশি কিপটা আছিল দে আই দুবেলা ভাত খাইতো নো ফাইত্তাম,অইহানে ছেড়া মেলা কিপটা আসিল আমি দুইবেলা ভাত খাইতে পারতাম না,হিয়ানে হোলা একছের কিপটা আছিলো আই দুইবেলা ভাত খাইতে হাইরতাম না,"হনো ফুয়া বউত কিপটা আছিল, আমি দুইবেলা ভাত ওউ খাইতে ফারতাম না"
দ্বিতীয়  বিয়েতে আমি কল্পনার চেয়েও বেশি সুখী,দুইনাম্বার বিয়ায় মুই কল্পনার চাইয়াও সুখী,দ্বিতীয় বিয়াত ইবাই আই কল্পনার তুন বেশি সুখি,দ্বিতীয়  বিয়াতে আমি কল্পনার চেয়েও বেশি সুখী,দ্বিতীয় বিয়াত আই কল্পনার তুন ও বেশি সুখী,দুই নাম্বার বিয়াত আমি ভাবনার বাইরে সুখী আছি
এইগুলো দেখেও সবাই না দেখার ভান করে,এইয়া দ্যাইখাও হগলডি না দ্যাহার ভান করে,বেজ্ঞুনে  ইন দেহিয়েরেও নো দেখিবার  ভান গরে,এইগুলা দেইক্ষাও বেহেই না দেহার ভান করে,ইগিন দেই ও বেকে না দেনের ভান করে,ইতা দেখিয়াও হক্কলে না দেখার ভান করি থাকোইন
খোঁচা মারার মতো কথা আছেই যে আমার দুই বিয়ে,খোঁচা মারার নাহান কথা আছেই এউক্কা যে মোর দুজ্ঞা বিয়া,খোচা মারিবার মতো  হতা আছে দে আর দুই বিয়া,খোঁচা মারার মত কথা আসেই যে আমার দুই বিয়া,খোডা মারার মতন কতা আর ইয়ান ই আছে যে আর বিয়া দুগা,খোঁচা মারার মতো মাত আছেউ যে আমার দুইগু বিয়া
আমার সুখ দেখে আবার তাদের সহ্য হয়না,মোর সুখ দ্যাইখা ফিররা হ্যাগো সইহ্য হয়না,আর সুখ দেহিয়েরে আবার  ইতারোর সহ্য নো অয়,আমার সুখ দেইক্ষা আবার তারার সহ্য হয়না,আর সুখ দেই হেতাগো আবার সইজ্জ অয় না,আমার সুখ দেখিয়া আবার ইতার সইহ্য ওয় না
বিয়ে করার পাঁচ বছর পর এখন আমি স্মার্ট হইসি,বিয়া করার পাছ বছর পর এহন মুই এস্মার্ট হইছি,বিয়া গরিবার  পাঁচ বছর ফর আই স্মার্ট অয়ই,বিয়া করনের পাঁচ বছর পর এহন আমি স্মার্ট হইসি,বিয়া করনের হাছ বছর হর আই অন স্মার্ট অইছি,বিয়া করার পাঁচ বছর বাদে ওখন আমি স্মার্ট ওইছি
প্রথম প্রথম বউ এর অনেক প্রশ্নের সঠিক উত্তর দিয়ে বিপদে পড়তাম,পরথোম পরথোম বউ এর ম্যালা প্রশ্নের ঠিক উত্তর দিয়া বিপদে পরতাম,ফ্রতম ফ্রতম বউ ওর বউত ফ্রশ্নের টিক উত্তর দিয়েরে বিফদত ফইত্তাম,প্রথম প্রথম বউ এর মেলা প্রশ্নের সঠিক উত্তর দিয়া বিপদে পড়তাম,প্রথম প্রথম বৌ এর মেলা প্রশ্নের ঠিক উত্তর দি বিপদে হইরতাম,ফয়লা ফয়লা বউ ওর বউত প্রশ্ন'র হাছা উত্তর দিয়া বিপদও পড়তাম
বিশাল ক্যাচাল লেগে যেতো,বিশাল কাইজ্জা লাইজ্ঞা যাইতে,বউত বউ কইজ্জা লাগি যাইতো,বিশাল ক্যাচাল লাইজ্ঞা যাইত,বিশাল ক্যাচাল লাগি যাইতো,খেচা ঝামেলা লাগতো
এরপর ঠিক করলাম তেল মারা উত্তর দিবো,হেইয়ারপর ঠিক করছেলাম ত্যাল মাইররা উত্তর দিমু,ফরদি টিক গইজ্জি দে তেল মারা উত্তর দিয়ুম,এরপর ঠিক করলাম তেল মারা উত্তর দিয়াম,এরহর তুন আই ঠিক কইরলাম তেল মারা উত্তর দিয়ুম,এরবাদে ঠিক করলাম তেল মারা উত্তর দিমু
এতে ও লাভ হলো না,হেইতেও লাভ হইলে না,ইবাতো লাভ নো অয়,এতে ও লাভ হইল না,এডাত ও কোনো লাব অয়নো,ইটায়ও লাভ ওইলো না
ক্যাচাল থামলো না,কাইজ্জা থামলে না,কইজ্জা নো তামে,ক্যাচাল থামলো না,ক্যাচাল থাইমলো না,ঝামেলা থামলো না
হালকা পাতলা লাভ হচ্ছে,হালকা পাতলা লাভ হইতেয়াছে,এক্কানা এক্কাণা লাভ অর,হালকা পাতলা লাভ হইতাসে,হালকা পাতলা লাব অয়,থুরা থুরি লাভ ওইরো
"বউ খাবার সময় বেশ হাসি মুখে বল্লো, রান্না কেমন হয়েছে?","বউ খাওনের কালে হাসি মুহে কইলো, রান্দা কেমন হইছে?","বউ খাইবার সমত হাসি কুশি মুখত কইয়ে, রান্না কেন অইয়ে","বউ খাওনের সময় বেশ হাসি মুখে কইল, রান্না কেমত হইসে?","বৌ খানের সময় বড্ডা এক্কান আসি দি কইলো, পাক কিরুম অইছে?","বউয়ে খানির সময় বাক্কা হাসি মুখে জিগাইলো, রান্না কিলা ওইছে?"
খাবারে আরেকটু রসুন দিলে বেশী মজা হতো,খাওনে আরেকটু রসুন দেলে বেমালা মজা হইতে,খাবারত আরেক্কানা রসুন দিলি বেশি মজা অইতো,খাওনে আরেকটু রসুন দিলে বেশী মজা হইত,খাওনের মইধ্যে রসুন আরেক্কানা বাড়াই দিলে খাওন বেশি স্বাদ অইলো ও,খানিত থুরা রসুন বাড়াইয়া দিলে আরো মজা ওইতো
খাবারে লবণ একটু কম হয়েছে,খাওনে নুন একটু কম হইছে,খাাবারত লবন এক্কানা খম অইয়ে,খাওনে লবণ একটু কম হইসে,খাওনে নুন কদ্দুর কম অইছে,খানিত লবণ থুরা কম ওইছে
তোমার খাওয়া লাগবে না,তোমার খাওন লাগবে না,তুয়ার খানা নো লাগিবো,তোমার খাওয়ন লাগব না,তোওর খানা লাইগদো নো,তুমিতাইন ওর খাওয়া লাগতো নায়
আমি তো আসলে কিছুই পারি না,মুই তো এক্কারে কিছুই পারি না,আই তো আসলে কিছু নো ফারি,আমি তো আসলে কিসুই পারি না,আই তো আসলে কিছুই হারি না,আমি তো আসলে কুন্তাউ পারি না
বউ এর চোখ ছলছল,বউ এর চক্ষু ভিজা,বউওর চোখ ইবা ছল ছল গরের,বউ এর চোখ ছলছল,বৌ এর চোখ কান ছলছল,বউ ওর চউখ ও পানি টুপটুপ
তুমি আমাকে আর কত অবাক করবা,তুমি মোরে আর কত অবাক করবা,তুই আরে আর কত অবাক গরিবা,তুমি আমারে আর কত অবাক করবা,তুই আরে আর কত অবাক কইরবা!,তুমি আমারে আর কত অবাক করতায়?
এক চামচ খেয়েই এতো কথা বলে দিলা,এক চামুছ খাইয়াই এতহানি কথা কইয়া দেলা!,এক চামচ খাইয়েরে এতো হতা খই দিয়ো দে,এক চামচ খায়াই এতো কথা কয়া দিলা,ওকগা চামুচ খানা খাই এ এতাগাইন কতা কই দিলা,এক চামচ খাইয়াউ ওতো মাত মাতিলাইলা
চাপাবাজি টা একটু কমাও,চাপামারা ডা এক্টুহানে কমাও,চাপাবাজি ইবা এক্কানা খমাও,চাপাবাজি ডা একটু কমাও,ফাফর বাজি এককানা কমাই কর,গফ থুরা কমাইয়া মারো
তুমি রেঁধেছো,তুমি রানছো?,তুঁই রাইদ্দো দে,তুমি রানসো,তুমি রাঁধছো,তুমি রানচো
আমি তো ভাবলাম শাশুড়ি আম্মা আমার জন্য রান্না করে পাঠিয়েছেন,মুই তো ভাবছেলাম হাউরি আম্মা মোর লইজ্ঞা রাইন্দা পাডাইছে,আই তো ভাইব্বি দে শাশুড়ি আম্মা আর লাই রাধিয়েরে ফাটাইয়ে,আমি তো ভাবলাম শাশুড়ি আম্মা আমার লাইজ্ঞা রাইন্দা পাঠাইসেন,আই তো মনে কইরছি শাশুড়ি আম্মা আর লাই রাঁধি হাডাইছে,আমি তো ভাবিয়ার হরি আম্মায় আমার লাগি রান্দিয়া পাঠাইছইন
তোমার রান্না তো পুরা আম্মার মতো,তোমার রান্দা তো এক্কারে আম্মার নাহান,তুয়ার রাঁদা তো ফুরা আম্মার নান,তোমার রান্না তো পুরা আম্মার মতো,তোআর রান্না তো হুরা আম্মার লাইন,তোমার রান্দা তো ফুরাউ আম্মার লাকান
"আরেক টু খাও, এক চামুচ দেই?","আর কয়ডা খাও, এক চামুছ দিমু?","আরেক্কানা খো, আরেক চামুচ দিয়ুম নে?","আরেক টু খাও, এক চামুচ দেই?","আরেক্কানা খাও, ওকগা চামুচ দি?","আর থুরা খাও, এক চামচ দিলাই?"
মেকআপ টা কেমন হইসে?,মেকাপ ডা কেমন হইছে?,মেকাপ ইবা কেন অইয়ে?,মেকআপ টা কেমন হইসে?,মেকআপ টা কিরুমনা অইছে?,মেকআপ কিলা ওইছে?
"একটু বেশী হয়ে গেসে, কম হলে আরো ভালো লাগতো","এট্টু বেশি হইয়া গ্যাছে, কম হইলে আরো ভালো লাগতে",এক্কাানা বেশী অই গিয়োয় খম হইলে আরেক্কানা গম ওইতো,"একটু বেশী হয়া গেসে, কম হইলে আরো ভালা লাগতো","এক্কানা বেশি অই গেছে, আরেক্কানা কম অইলে ভালা লাইগলো ও","থুরা বেশি ওই গেছে, কম ওইলে আরো ভালা লাগলো নে"
"বউ মেকআপ তুলতে তুলতে, যাবোই না আজ","বউ মেকাপ উডাইতে উডাইতে, যামুই না আইজগো","বউ মেকাপ তুলিতো তুলিতো ,নো যাইয়ুম আজিয়া","বউ মেকআপ তুলতে তুলতে, যামুই না আইজ","বৌ মেকআপ তুইলতে তুইলতে, যাইতাম এ নো আইজ","বউয়ে মেকআপ তুলিয়া তুলিয়া,যাইরাম ওউ না আইজ"
আমি তো মেকআপই দিতে পারি না,মুই তো মেকাপই দেতে পারি না,আই তো মেকাপি দির নো ফারি,আমি তো মেকআপই দিতাম পারি না,আই তো মেকআপই দিতাম হারি না,আমি তো মেকআপ ওউ দিতাম ফারি না
তুমি যাও একা একা,তুমি যাও এল্লাহ এল্লাহ,তুই একা একা যো গয়,তুমি যাও একলা একলা,তুমি যাও একলা একলা,তুমি ওউ যাও এখলা
পার্টি তে গিয়ে সুন্দরি দের সাথে ঢং করে আসো,পার্টি তে যাইয়া সুন্দুরি গো লগে ঢং কইররা আও,ফার্টিত গিয়েরে সুন্দরীর লাই ঢং গরি আইয়ো,পার্টি তে যায়া সুন্দরি দের সাথে ঢং কইরা আস,হার্টি তে যাই সুন্দরী গুনের লগে ঢং করি আইও,পার্টিত গিয়া সুন্দরী ওকলতোর লগে ফুংগামি করিয়া আও
কিভাবে এতো জোস মেকআপ করো,ক্যামনে এত্তো জোশ মেকাপ করো,কেনে এতো জোস গরি মেকাপ গড়ো,কিভাবে এতো জোস মেকআপ কর,কেন্নে করি এতো ভালা মেকআপ করো,কিলা ওতো জোস মেকআপ করো
না বুঝে বেশী কথা বলো কেন,না বুইজঝা বেশী কথা কও কির লইজ্ঞা,নো  বুঝিয়েরে এদুজ্ঞুন খতা কেনে কইত ফারো,না বুইজ্ঝা বেশী কথা কও কিল্লেগা,না বুঝি বেশি কথা কন কিল্লেই,আনা বুঝিয়া বেশি মাতো কেনে
"আমার দিকে তো আর তাকাও না, চোখ থাকে অন্য মেয়েদের দিকে","মোর দিক তো আর চাও না, চক্ষু থাহে অন্য মাইয়াগো দিক","এহন আর ইন্দি নো ওদ্দো চো,চোখ ইবা  তাকে  অন্য মাইয়াফুয়ার ইক্কা","আমার দিকে তো আর তাকাও না, চোখ থাকে অন্য মাইয়ারার দিকে!","আর দিকে তো আর রেনো না, রেনি থাও অন্য বেডিগোর দিকে","আমার দিকে তো আর চাও না, চউখ থাকে অইন্য ফুরিন্তোর ওবায়"
আমি বেশ কিছুক্ষন তাঁর মুখের দিকে তাকিয়ে থাকলাম,মুই মেলা সময় হ্যার মুহের দিক চাইয়া ছেলাম,আই বউতকন ইতার মুহত ইক্কা চাই থাক্কিলাম,আমি বেশ কিসুক্ষন তাঁর মুহের দিকে তাকায়া থাকলাম,আই অনেকক্ষণ যাবত হেতির মুখের দিকে রেনি রইলাম,আমি বাক্কা সময় তাঁর মুখ ওর দিকে চাই রইলাম
তুমি এতো কিছু বুঝো কিভাবে,তুমি এত্তো কিছু বোঝো ক্যামনে?,তুই এদুন কেনে বুঝোস?,তুমি এতো কিসু বুঝো কেমনে,তুমি এতো কিছুন বুঝো কেন্নে,তুমিতাইন ওতোতা বুঝো কিলা
শাড়িটা আমাকে কেমন মানিয়েছে,কাপুড়ডা মোরে কেমন মানাইছে?,শাড়ি ইবা আরে কেন মানাইয়ে,শাড়িডা আমারে কেমন মানাইসে,শাড়িটা আরে কিরুম মানাইছে?,শাড়িটায় আমারে কিলা লাগের
সবুজ শাড়িটা পড়লে দারুন লাগতো,সবুজ কাপুড়ডা পরলে দারুন লাগতে,সবুজ শাড়ী ফরিলে বেশী গম লাগিতো,সবুজ শাড়িডা পড়লে দারুন লাগত,সবুজ শাড়িটা হইরলে দারুণ লাইগতো,সবুজ রঙ ওর শাড়ি ওগু পড়লে সুন্দর লাগতো
সবুজ শাড়ি কি তোমার এক্স কোনো গার্লফ্রেন্ডের পছন্দের রঙ,সবুজ কাপুড় কি তোমার আগের গার্লফেরেন্ডের পিরিয়ো রঙ?,সবু্জ শাড়ি কি তুয়ার আগের হোনো বেডিবন্ধু ফছন্দের রঙ,সবুজ শাড়ি কি তোমার এক্স কোনো গার্লফ্রেন্ডের পসন্দের রঙ,সবুজ শাড়ি কি তোমার এক্স কোনো গার্লফ্রেন্ডের হছন্দের রঙ?,সবুজ রঙ ওর শাড়ি কিতা তোমার এক্স কোনো বান্ধোবীর পছন্দ আছিল নি?
"এই সব তেল আমাকে দিবা না, বিরক্ত লাগে","এই রহম ত্যাল মোরে দেবা না, বিরক্ত লাগে","এরিম্মা ফাম আরে নো দিস, গম নো লাগে","এই সব তেল আমারে দিবা না, বিরক্ত লাগে",এই সব পাম্প আরে দিও না বিরক্ত লাগে,ইতা তেল আমারে মারিও না! অসইহ্য লাগে
"মাথায় রেখো, বিয়ে বাড়িতে যাচ্ছো","মাথায় রাইক্ষো, বিয়া বাড়ি যাইতেয়াছো","মাথাত রাহিস,বিয়াত বাড়ি যর","মাথায় রাইক্ষো, বিয়া বাড়িত যাইতাসো","মাথায় রাইখো, বিয়া বাড়িত যাইতাছো","মনো রাখিও, বিয়া বাড়িত যাইরায়"
বউ এর চেয়ে তোমাকে বেশী সুন্দর লাগলে কিন্তু সমস্যা,বউ এর চাইয়া তোমারে ম্যালা সুন্দর লাগ্লে কোলো সমেস্যা,বউত তুন তুয়ায়রে বেশী সুন্দর লাগিলে কিন্তু সমস্যা,বউ এর চেয়ে তোমারে বেশী সুন্দর লাগলে কিন্তু সমস্যা,বৌ এর তুন তোয়ারে বেশী সুন্দর লাইগলে কিন্তু সমইস্যা,বউ ওর তাকি তুমিতাইনরে বেশি সুন্দর লাগলে তো সমস্যা
বিবাহিত জীবনে সুখে থাকুন,বিয়াইত্যা জীবনে সুখে থাহেন,বিবাহিত জীবনত সুখোত তাইক্কো,বিবাহিত জীবনে সুখে থাহেন,বিবাহিত জীবনে সুখে থান,সংসার জীবন্ব ভালা থাকোউকা
আমার স্বামী মদ খায় রাতের পর রাত বন্ধুদের সাথে আড্ডা দেয়,মোর জামাই মদ খায় রাইতের পর রাইত দোস্তগো লগে আড্ডা দেয়,আর  স্বামী মদ খাইয়েরে ফ্রতি রাতোত আড্ডা দে,আমার জামাই মদ খায় রাতের পর রাত বন্ধুরার সাথে আড্ডা দেয়,আর হাই মদ খায় রাইতের পর রাইত বন্ধুগো লগে আড্ডা দেয়,আমার জামাইয়ে মদ খাইয়া রাইত ওর পর রাইত বন্ধু ইতাইন্তোর লগে আড্ডা মারে
আমি এটা স্বাভাবিকভাবে নিয়েছিলাম,মুই এইডা স্বাভাবিকভাইব্বা নেল্লাম,আই ইবার এনে লইল্লাম দে,আমি এইডা স্বাভাবিকভাবে নিসিলাম,আই এটা স্বাভাবিক ভাবেই লইছিলাম,আমি ইগুরে একবারে স্বাভাবিক ওউ লইছলাম
আমার কাছে ধরা পড়ার পরেও স্বীকার না করে উল্টা আমার গায়ে হাত তুলে,মোর ধারে ধরা খাইয়াও স্বীকার না কইররা মোর গায়ে হাত তোলে,আর হাছে দরা ফরিবার ফরেও জবান নো দিয়েরে উল্ডা আর গায়োত আত তুলে,আমার কাছে ধরা পড়ার পরেও স্বীকার না করে উল্টা আমার গায়ে হাত তুলে,আর কাছে ধরা হরনের হর ও স্বীকার না করি উল্টা আর গাত আত উডায়,আমার ওনো ধরা খাওয়া বাদেও হাছা না মাতিয়া আবার আমার গাত হাত তুলে
এখন তাকে আর ছাড় দেওয়া যাবে না,এহন হ্যারে আর ছাইররা দেওন যাইবে না,এহন ইতারে আর ছাড় দিয়া নো জাইবো,এখন তারে আর ছাড় দেওয়ন যাইব না,অন আর হেতেরে ছাড় দেওন যাইতো ন,ওখন আর হেরে ছাড় দেওন যাইতো নায়
যে মানুষ গায়ে হাত তোলে অন্য মেয়েদের সাথে কথা বলে ঘরে বউ রেখে,যে মানু গায়ে হাত তোলে অন্য মাইয়াগো লগে কথা কয় ঘরে বউ থুইয়া,যে মানুষ বেডি ওক্কলের গাত হাত দিয়েরে হতা হো গরত বউ রাহিয়েরে,যে মানুষ গায়ে হাত তুলে অন্য মাইয়ারার সাথে কথা কয় ঘরে বউ রাইক্ষা।,যে মানুষ গাত আত উডায় অন্য বেডি গো লগে কতা কয় ঘরে বৌ রাই,যেগুয়ে গাত হাত তুলিয়া অন্য ফুরিন্তোর লগে মাতে ঘরও বউ রাখিয়া
এমন পুরুষদের সাথে সংসার যায় না,এরহম ব্যাডার লগে সংসার যায় না,এরিিম্মা ফুরুসের লাই গর গরা নো যা,এমন বেডারার লগে সংসার যায় না,এরুমনা বেডা গো লগে সংসার করন যায় না,ওলা বেটাইন্তোর লগে সংসার করা যায় না
কোন মানুষের প্রতি একবার বিশ্বাস উঠে গেলে অভিনয় করে বেশি দিন সেখানে থাকা যায় না,কোন মাইনষের উপরেগোনে একবার বিশ্বাস উইঠঠা গ্যালে অভিনয় কইররা ম্যালা দিন হেইহানে থাহা যায় না,হোন মানুষের ফ্রতি এব্বার বিশ্বাস উডি গেলে গয় অবিনয় গরি বেশি তাকা নো যায়,কোন মানুষের প্রতি একবার বিশ্বাস উইঠঠা গেলে অভিনয় কইরা বেশি দিন অইহানে থাকন যায় না,কোন মাইনষের প্রতি একবার বিশ্বাস উডি গেলে অভিনয় করি বেশিদিন হিয়ানে থান যায় না,কোন মাইনষের উফ্রে একবার বিশ্বাস উঠি গেলে ওনো নাটক করিয়া আর বেশি দিন থাকা যায় না
আর সহ্য না করতে পেরে আপনাদের কাছে সঠিক পরার্মশ চাচ্ছি,আর সইতে না পাইররা আমনেগো ধারে সঠিক পরামর্শ চাইতেয়াছি,আর সহ্য গরিত নো ফারি ওনরের কাছে সঠিক পরামর্শ চাইর,আর সহ্য না করতে পাইরা আফনেরার কাসে সঠিক পরার্মশ চাইতাসি,আর সইহ্য কইরতাম না হারি আন্নেগো কাছে সঠিক হরামর্শ চাইতেছি,আর সইহ্য না করতে পারিয়া ওখন আফনারার ধারো ভালা উপায় চাইরাম
আমার বাবা পুলিশে আছেন তো মায়ের সাথে বিয়ের পর থেকেই তিনি পরকীয়ায় আসক্ত ছিলেন,মোর বাফে পুলিশে আছেন তয় মায়ের লগে বিয়ার পরে গোনেই হ্যায় পরকীয়ায় আসক্ত আল্লেন,আর বাবা ফুলিশত আছে তো মায়র ফুয়াতি বিয়ার ফর তুন ইবা পরকীয়াত আসক্ত আছিল,আমার আব্বা পুলিশে আসেন তো আম্মার সাথে বিয়ার পর থাইক্কাই হেয় পরকীয়ায় আসক্ত আসিলেন,আর আব্বা হুলিশে আছেন তো মার লগে বিয়ার হর তুনই হেতে হরকিয়ায় আসক্ত আছিলেন,আমার বাবা পুলিশও আছোইন তো মা'র লগে বিয়ার বাদে তাকি ওউ তাইনও পরকীয়াত মগ্ন আছলা
আম্মু অনেক সহ্য করে এতো বছর সংসার করে গেছেন,মায় ম্যালা সইয়া এত্তো বছর সংসার কইররা গ্যাছে,আম্মু বত সহ্য গরি এতো সংসয়ার গরি গিয়য়,আম্মা অনেক সহ্য কইরা এতো বছর সংসার কইরা গেসেন,মা অনেক সইহ্য করি এতাগাইন বছর সংসার করি গেছেন,আম্মায় বউত সইহ্য করিয়া ওতো বছর সংসার করিয়া গেছোইন
এর মধ্যে অনেক সময় ভালো হয়ে যেত আবার খারাপ হয়ে যেত,এইয়ার মইধ্যে অনেক কালে ভালো হইয়া যাইতে আবার খারাপ হইয়া যাইতে,এর মাঝোত বত সময় বালো অইয়েরে যাইতো আব্র খারাপ অইয়ে যাইতো,এর মধ্যে অনেক সময় ভালা হয়া যাইত আবার খারাপ হয়া যাইত,এর মইধ্যে অনেক সময় ভালা অই যাইতো আবার খারাপ অই যাইতো,এর মাঝে বউত সময় ভালা ওইতো আবার খারাপ ওই যাইতো
শেষ বয়সে এসে সে এখন এমন একটা জঘন্য কাজ করলো,শ্যাষ বয়সেরকালে আইয়া হ্যায় এরহম এউক্কা জঘইন্য কাম করছে,শেষ বয়সত আইয়েরে অতে এহন এন এইজ্ঞো জঘন্য হাম গইজ্জে,শেষ বয়সে আইসা হেয় এহন এমন একটা জঘন্য কাম করল,শেষ বয়সে আই হেতে অন এমন এককান জঘন্য কাম কইরলো,শেষ বয়সও আইয়া হে ওখন ওলা একটা বাদ কাজ করলো
সে ২য় বিয়ে করছে একটা বিবাহিত মহিলাকে,হ্যায় দুইনাম্বার বিয়া করছে এইক্কা বিয়াইত্যা মাতারিরে,ইতে দু নাম্বার  বিয়া গইজ্জে এইজ্ঞো বিয়াইত্তা বেডিরে,হেয় ২য় বিয়া করসে একটা বিবাহিত বেডিরে,হেতে দ্বিতীয় বিয়া কইছে ওকগা বিবাহিত মহিলারে,হে দুই নাম্বার বিয়া করছে একগু বিয়াইত্তা বেটিরে
সে দ্বিতীয় বিয়ে করে শান্তি পায় নি,হ্যায় দুইনাম্বার বিয়া কইররা শান্তি পায় নাই,ইতে দু নাম্বার বিয়া গরি শান্তি নো ফাই,হেয় দ্বিতীয় বিয়া কইরা শান্তি পায় নাই,হেতে দ্বিতীয় বিয়া করি শান্তি হায় নো,হে দুই নাম্বার বিয়া করিয়া শান্তি পাইছে না
বাবার কাছে আমার মায়ের নামে অনেক উল্টা পল্টা কথা বলে,বাফের ধারে মোর মায়ের নামে ম্যালা আউল ফাউল কথা কয়,বাবার হাছে আর মায়োর নামোত বউত উল্ডা ফাল্ডা হতা কইয়্যে,আব্বার কাসে আমার আম্মার নামে অনেক উল্টা পল্টা কথা কয়,আব্বার কাছে আর মার নামে অনেক উল্টা পাল্টা কথা কয়,বাবার ধারো আমার মা'র নামে বউত আউল ফাউল মাত মাতে
আমি একটা পাবলিক বিশ্ববিদ্যায়ের পড়াশোনা করছি,মুই এউক্কা পাবলিক বিশ্ববিদ্যায়ে পড়ালেহা করতেয়াছি,আই একজ্ঞো ফাবলিক বিশ্ববিদ্যালয়ত ফন্না ফরির,আমি একটা পাবলিক বিশ্ববিদ্যায়ের পড়াশুনা করতাসি,আই ওকগা পাবলিক বিশ্ববিদ্যালয়ে হড়াশোনা কইরছি,আমি একটা পাবলিক বিশ্ববিদ্যালয়ও পড়িয়ার
সে এখন আমার পড়াশোনার খরচ দিতে চায় না,হ্যায় এহন মোর পড়ালেহার খরচ দেতে চায় না,ইতে এহন আর ফন্না হরচ দিতোর নো চায়,হেয় এহন আমার পড়াশুনার খরচ দিতে চায় না,হেতে অন আর হড়াশোনার খরচ দিতে চায় না,হে ওখন আমার পড়ার খরচ দিতো চায় না
ঐ মহিলা আর সে মিলে আমাকে গালিগালাজ করতে থাকে,হেই মাতারি আর হ্যায় মিল্লা মোরে খামরাখামরি করতে থাহে,ঐ বেডীর ওদ্দে ইতে মিলি আরে গালাগালি গরার তাকে,ঐ মহিলা আর হেয় মিল্লা আমারে গালিগালাজ করতে থাহে,ঐ বেডি আর হেতে মিলি আরে গালিগালাজ কইরতে থায়,হউ বেটি আর হে মিলিয়া আমারে গালাগালি করতে থাকে
আমি তোর পড়াশোনার কোনো খরচ দিবো না,মুই হ্যার পড়ালেহার কোন খরচ দিমু না,আই তোর ফন্নার হরচ নো দিয়ুম,আমি তর পড়াশুনার কোন খরচ দিতাম না,আই তোর হড়াশোনার কোনো খরচ দিতান ন,আমি তোর পড়ার কোন খরচ দিতাম নায়
আমাকে দয়া করে সঠিক পরার্মশ দিয়ে একটু সাহায্য করুন,মোরে দয়া কইররা সঠিক পরামর্শ দিয়া এট্টু সাহাইয্য করেন,আরে দয়া গরি টিক ফরামর্শ দিয়েরে এক্কানা সাহায্য গরো,আমারে দয়া কইরা সঠিক পরার্মশ দিয়া একটু সাহায্য করেন,আরে দয়া করি সঠিক হরার্মশ দি এককানা সাহায্য করেন,আমারে দয়া করিয়া ভালা উপায় দেখাইয়া সাহায্য করোইন
আমি কী করতে পারি?,মুই কি করতে পারি?,আই কি গরিত ফারি?,আমি কিতা করতাম পারি?,আই কী কইরতাম হারি?,আমি কিতা করতাম পারি?
২৮ বছর ধরে আমার মা কষ্ট করে গেছেন,আডাইশ বছর ধইররা মোর মায় কষ্ট কইররা গ্যাছে,২৮ বছর দরি আর মা কষ্ট গরি গিয়োয়,২৮ বছর ধইরা আমার আম্মা কষ্ট কইরা গেসেন,২৮ বছর ধরি আর মা কষ্ট করি গেছেন,২৮ বছর ধরিয়া আমার মা'য় কষ্ট করিয়া গেছোইন
অন্যদিকে এতো অন্যায় করার পরও আমার বাবা আর ঐ মহিলা অনেক সুখে আছেন,অন্যদিক এত্তো অন্যায় করার পরো মোর বাফে আর ঐ মাতারি বেমালা সুখে আছে,এডে এদুন অন্যায় গরিবার ফরো আর বাবা আর ঐ বেডীর মিলি বউত গম আছে,আরেকদিকে এত অন্যায় করনের পরেও আমার আব্বা আর ঐ বেডি অনেক সুখে আসেন,অন্যদিকে এতো অন্যায় করার হরও আর বাবা আর ঐ বেডি অনেক সুখে আছেন,আরেক বায় ওতো অন্যায় করার বাদেও আমার বাবা আর হউ বেটি বউত সুখে আছে
আপনাদের থেকে কিছু ভালো পরামর্শ নিতে আসলাম,আমনের ধারে কয়ডা ভালো পরামর্শ নেতে আইলাম,ওররার তুন এক্কানা বালো ফরামর্শ নিতি আইসসে,আফনেরার থাইক্কা কিসু ভালা পরামর্শ নিতে আইলাম,আন্নেগো তুন কিছু ভালো হরামর্শ লইতে আইলাম,আফনারার ধারো কিছু ভালা উপায় নেওয়াত আইলাম
আমি একজন অবিবাহিতা,মুই এউক্কা আবিয়াইত্যা,আই অবেহিত্তা,আমি একজন অবিবাহিতা,আই একজন অবিবাহিতা,আমি এক অবিবাহিতা 
ছোট থেকে নানার বাসায় বড় হয়েছি,ল্যাদাকাল গোনে নানার বাড়ি বড় হইছি,ছুডো তুন নানার বাসাত ডর অয়য়ি,ছোট থাইক্কা নানার বাড়িত বড় হইসি,ছোট তুন নানার বাসাত বড় অইছি,ছোট তনে নানার বাড়িত বড় ওইছি
এখন নানার বাসায়ই থাকি,এহন নানার বাড়িই থাহি,এহোতুন নানার বাসাত তাকি,এহন নানার বাড়িতই থাহি,অন নানার বাসাত ই থাই,ওখনও নানার বাড়িত ওউ থাকি
আমাদের যৌথ পরিবার ছিল নানার বাসায়,মোগো যৌথ পরিবার আল্লেহ নানার বাড়ি,আরোর যৌত ফরিবারোর আছিল নানার বাসাত,আমরার যৌথ পরিবার আসিল নানার বাসাত,আঙ্গো যৌথ হরিবার আছিলো নানার বাসাত,আমরার যৌথ পরিবার আছিল নানার বাড়িত 
আমার আব্বু আগে নেশায় আসক্ত ছিল,মোর বাফে নেশায় আসক্ত আল্লেহ,আরোর আব্বু আগোর তুন নেশাত আসক্ত আছিল,আমার আব্বা আগে নেশায় আসক্ত আসিল,আর আব্বা আগে নেশাত আসক্ত আছিলো,আমার আব্বা আগে নেশাত ডুবি আছলা
আমাদের সাথে আমার আব্বু তেমন সময় কাটাতো না,মোগো লগে মোর বাফে হেইরোম সময় কাডাইতে না,আরোর লই আরোর আব্বা ঐরিম্মা সময় নো কাটিতো,আমরার সাথে আমার আব্বা তেমন সময় কাটাইতো না,আঙ্গো লগে আর আব্বা তেমন সময় কাটাইতো না,আমরার লগে আমার আব্বার ওতো সময় কাটতো না
আব্বু সারাদিন বাহিরে বাহিরে থাকত,আব্বায় হারাদিন বায়রায় বায়রায় থাকতে,আব্বু ফুরাদিন বাহিরোত তাকিতো,আব্বা সারাদিন বাইরে বাইরে থাকত,আব্বা হারাদিন বাইরে বাইরে রইতো,আব্বা হারাদিন ওউ বাইরে থাকতা
আমি তখন অনেক ছোট ছিলাম,মুই তহন ম্যালা ছোডো আল্লাম,আই তহন বউত ছুড আইসসিলাম,আমি তহন মেলা ছোট আসিলাম,আই তন অনেক ছোডো আছিলাম,আমি হউ সময় বউত ছোট আছলাম
আমার ফুফু চাচারাও আমাদের দেখতে পারত না,মোর হুবু চাচারাও মোগো দ্যাখতে পারতে না,আর ফুফু চাচারা আরোরে চাইর নো ফাইতো,আমার ফুফু চাচারাও আমরারে দেখতে পারত না,আর হুক্কু কাগারাও আঙ্গোরে দেইখতে হাইরতো না,আমার ফুফু চাচাইন্তেও আমরার দেখতে পারতো না
আম্মুই আমাকে আর ভাইকে বড় করছে অনেক কষ্ট করে,মায় মোরে আর ভাইরে বড় করছে বেমালা কষ্ট কইররা,আম্মু আরে আর বাইরে ডর হইজ্জে বোত কষ্টত,আম্মাই আমারে আর ভাইরে বড় করসে মেলা কষ্ট কইরা,মাই আরে আর ভাইরে বড় কইরছে অনেক কষ্ট করি,আম্মায় আমারে আর ভাইরে বউত কষ্ট করি বড় করছোইন
আমাকে আগে সবাই আদর করত,মোরে আগে হগলডি আদর করতে,আরে আগে বেজ্ঞুনে আদর হরিতো,আমারে আগে বেহেই আদর করত,আরে আগে বেকে আদর কইরতো,আমাতে আগে হক্কলে মায়া করতো
যত বড় হলাম সবার চোখে এক প্রকার বিশ এর মত হয়ে গেলাম আমি,যত বড় হইলাম সবাইর চোহে এক্কালে বিষ এর নাহান হইয়া গ্যালাম,যত ডর হইয়ি বেজ্ঞুনের চখত এক রিম্মা বিশ এর ডইল্লা অই গিয়ি,যত বড় হইলাম বেহের চোক্ষে এক প্রকার বিশ এর মত হয়া গেলাম আমি,যত বড্ডা অইলাম বেকের চোখে এক হকার বিষের মতন অই গেলাম আই।,যত বড় ওইছি দেখি হক্কলের চউখও একলাকান বিষ ওর মতো ওই গেছি আমি
আগের তুলনায় আব্বু অনেক ভালো হয়ছেন,আগের চাইয়া আব্বায় ম্যালা ভালো হইছে,আগের তুন আব্বু বওত গম অইয়ে,আগের তুলনায় আব্বা অনেক ভালা হইসেন,আগের তুলনায় আব্বা অনেক ভালা অইছেন,আগের তাকি আব্বা বউত ভালা ওইছোইন
আমার খালামুনির বিয়ে হইছে ২০১৫তে,মোর খালার বিয়া হইছে দুই হাজার পনরো সনে,আর হাালামুনির বইয়া অইয়ে ২০১৫তে,আমার খালামুনির বিয়ে হইছে ২০১৫তে,আর খালার বিয়া অইছে ২০১৫ তে,আমার খালামণির বিয়া ওইছে ২০১৫ ত
আমার খালামুনির দুইটা ছেলে আছে,মোর খালার দুজ্ঞা পোলা আছে,আর হালামুনির দুইয়ান ফুয়া আসে,আমার খালামুনির দুইটা ছেড়া আসে,আর খালার দুগা হোলা আছে,আমার খালামণির দুইগু ফুয়া আছে
বিয়ের আগে খালামুনিই আমাকে বড় করছে,বিয়ার আগে খালাই মোরে বড় করছে,বিয়াার আগত হালামুনি আরে ডর হইজ্জে,বিয়ার আগে খালামুনিই আমারে বড় করসে,বিয়ার আগে খালাই আরে বড় কইরছে,বিয়ার আগে খালামণি এউ আমারে বড় করছোইন
আম্মু কিছু হলেই আমাকে মার ধর করে,মায় কিছু হইলেই মোরে পিডায়,আম্মুর কিছু অইলে আরে মারে,আম্মা কিসু হইলেই আমারে মার ধর করে,মা কিছু অইলেই আরে মাইর ধইর করে,আম্মায় কুন্তা ওইলেউ আমারে পিটাপিটি করে
আমার আব্বু যে এত খারাপ কখনো ফুলের টোকাও দেয় নাই,মোর বাফে যে এত্তো খারাপ কহনো ফুলের টোক্কাও দ্যায় নাই,আর আব্বার এরিম্মা হারাপ দে ফুলের টোকাও নো দে,আমার আব্বা যে এত খারাপ কহনো ফুলের টোকাও দেয় নাই,আর আব্বা যে এত খারাপ কওনো ওকগা হুলের টোয়াও দেয় ন,আমার আব্বা যে ওতো খারাপ কোনো সময় ফুলের টুকাও দিছে না
আমি একজন ছেলে বর্তমানে বাংলাদেশ নেভীতে কর্মরত আছি,মুই এউক্কা পোলা এহন বাংলাদেশ নেবিতে কামে আছি,আই একজ্ঞো ফা্যা এহন বাংলাদেশ নেভীতে হাম গরি,আমি একজন ছেড়া বর্তমানে বাংলাদেশ নেভীতে কর্মরত আসি,আই ওকগা হোলা অন বাংলাদেশ নেভীতে কাজ কইরতেছি,আমি এক ফুয়া ওখন বাংলাদেশ নেভীত কাম করিয়ার
আমি ৪ মাস আগে পরিবারের পছন্দে বিয়ে করেছি,মুই চাইর মাস আগে পরিবারের পছন্দে বিয়া করছি,আই ৪ মাস আগোত ফরিবারেরে ফছন্দত বিয়া হইজ্জি,আমি ৪ মাস আগে পরিবারের পসন্দে বিয়া করসি,আই ৪ মাস আগে হরিবারের হছন্দে বিয়া কইরছি,আমি ৪ মাস আগে পরিবার ওর পছন্দেউ বিয়া করছি
আমি সকাল ৮ টাই ডিউটিতে চলে যাই,মুই বেইন্নাহালে আট্টায় ডিউটি তে চইল্লা যাই,আই বেইন্না ৮ টাত ডিউটি'ত চলি যাইগোই,আমি সকাল ৮ টাই ডিউটিতে চইল্লা যাই,আই ভোর ৮ টায় ডিউটিতে চলি যাই,আমি সকাল ৮ টাত ডিউটিত যাই গি
আমার স্ত্রী একদিনও সময়মতো টেবিলে খাবার দিতে পারে না অনেক সময় বাইরে গিয়ে নাস্তা করি,মোর বউ একদিনো সময়েরকালে টেবিলে খাওন দেতে পারেনা অনেক সময় বায়রায় যাইয়া নাস্তা করি,আর বউ একদিনোও সময়মতো টেবিলোত হাবার দিতি নো ফারে বউত টাইম বাইরে নাস্তা গরি,আমার বউ একদিনও সময়মতো টেবিলে খাওন দিতে পারে না অনেক সময় বাইরে গিয়া নাস্তা করি,আর ইস্ত্রী ওকগা দিনও সময়মতো টেবিলে খাওন দিতে হারে না অনেক সময় বাইরে যাইয়া নাস্তা করি,"আমার বউ একদিনও সময়মত খানি দিতো পারে না, বউত দিন বাইরে গিয়া নাস্তা খাই"
সে এতো সকালে নাকি উঠতে পারে না,হ্যায় বেইন্নাহালে বোলে ওঠতে পারে না,ইতে এত ফজরোর উডির নো ফারে,হেয় এতো সকালে নাকি উঠতে পারে না,হেতি এতো ভোরে নাকি উইঠতো হারে না,তাই ওতো সকাইলকু বুলে উঠতো পারে না
সে তার বাপের বাড়িতে থাকতে নাকি ১০ টার আগে ঘুম থেকে উঠতো নাহ,হ্যায় হ্যার বাফের বাড়ি থাহারকালে বোলে দশ টার আগে ঘুমে গোনে ওঠতে না,ইতে ইতার বাফোর বাড়ীত থাকিতো নাকি ১০ টার আগোত ঘুমের তুন নো উঠিত,হেয় হের বাপের বাড়িতে থাকতে নাকি ১০ টার আগে ঘুম থাইক্কা উঠতো নাহ,সে তার বাপের বাড়িতে থাকতে নাকি ১০ টার আগে ঘুম থেকে উঠতো নাহ,তাই তাইর বাফ ওর বাড়িত থাকে কাইলও বুলে ১০ টার আগে ঘুম ওর তনে উঠতো না
সে প্রচন্ড অলস একটা কাজ সময়মতো করতে পারে না,হ্যায় বেমালা আইলশা এউক্কা কাম সময়েরকালে করতে পারে না,ইতে বেশী অলস এইজ্ঞ হাজো সময় মতো নো গরে,হেয় প্রচন্ড অলস একটা কাজ সময়মতো করতে পারে না,হেতি হচন্ড অলস ওকগা কাজ সময়মতন কইরতে হারে না,তাই বউত কুরিয়া একটা কাম সময়মত করতো পারে না
"সারাদিন বাসায় বসে ফেইসবুক, টিকটকে সময় কাটে তার","হারাদিন বাড়ি বইয়া ফেসবুক, টিকটকে সময় কাড্য হ্যার",আরাদিন বাসাত বইয়েরে ফেইসবুক টিকটকত সময় হাঠে ইতার,"সারাদিন বাসায় বয়া ফেইসবুক, টিকটকে সময় কাটে হের","হারাদিন বাসায় বই ফেইসবুক, টিকটকে সময় কাডে হেতির","হারাদিন বাসাত বইয়া ফেইসবুক, টিকটক ওতাত সময় কাটে তাইর"
আমাদের মধ্যে প্রায়সময় ঝগড়া হয়,মোগো মইধ্যে ক্যালক্যাল কাইজ্জা বাজে,আরোর ফ্রায়সময় কইজ্জা অয়,আমরার মধ্যে প্রায়সময় ঝগড়া হয়,আঙ্গো মইধ্যে হায়সময় ঝগড়া অয়,আমরার মাঝে প্রায় ওউ ঝগড়া ওয়
আমি খুব সমস্যায় আছি,মুই ম্যালা সমস্যায় আছি,আই বেশি সমস্যাত আছি,আমি খুব সমস্যায় আসি,আই খুব সমস্যায় আছি,আমি বউত সমস্যাত আছি
দিন দিন হতাশার মধ্যে ডুবে যাচ্ছি এর মুক্তি পাবো কিভাবে?,পেরতেকদিন হতাশার মইধ্যে ডুইব্বা যাইতেয়াছি এইয়ার মুক্তি পামু ক্যামনে?,দিন দিন হতাশার মইদ্দে ডুবি যাইর গই মুক্তি হত্তে ফাইয়ুম,দিন দিন হতাশার মধ্যে ডুইববা যাইতাসি এর মুক্তি পায়াম কেমনে?,দিন দিন হতাশার মইধ্যে ডুবি যাইতেছি এডার তুন মুক্তি হাইয়ুম কেন্নে?,দিন দিন হতাশাত ডুবি যাইয়ার ইটা তনে মুক্তি পাইমু কিলা?
আমি সত্যিই খুব অসহায় বোধ করতেছি,মুই সত্যই ম্যালা অসহায় বোধ করতেয়াছি,আই সত্যি খুব অসহায় বোদ গরির,আমি সত্যিই খুব অসহায় বোধ করতাসি,আই সত্যিই খুব অসহায় বোধ কইরতেছি,আমি হাছাউ বাক্কা অসহায় বোধ করিয়ার
পোস্ট ভালো না লাগলে এড়িয়ে যান,পোস্ট ভালো না লাগলে এড়াইয়া যান,ফোস্ট গম না লাগিলে চলি যো গয়,পোস্ট ভালা না লাগলে এড়ায়া যান,পোস্ট ভালা না লাইগলে এড়াই যান,পোস্ট ভালা না লাগলে এড়াইয়া যাউকা
একটা মেয়ে ছয়টা ছেলের সাথে প্রেম করছে,এউক্কা মাইয়া ছউজ্ঞা পোলার লগে প্রেম করতেয়াছে,এইজ্ঞো মাইয়ার ছোগান ফুয়ার লয় প্রেম গরের,একটা মাইয়া ছয়টা পোলার লগে প্রেম করসে,ওকগা মাইয়া ছোগা হোলার লগে হেরেম কইরছে,একগু ফুরিয়ে ছয়গু ফুয়ার লগে প্রেম করছে
ভিডিও বানানোর কী দরকার ছিল?,ভিডিউ বানাইন্নার কি দরকার আল্লেহ?,ভিডিও বানাইবার কি দরকার আছিল?,ভিডিও বানানুর কী দরকার আসিল?,ভিডিও বানানির কী দরকার আছিলো?,ভিডিও বানানির কিতা দরকার আছিল?
আমার তো মনে হয় মেয়েদের একাধিক ডেট করা উচিত,মোর তো মনে কয় মাইয়াগো একছের ডেট করা উচিত,আর তো মনে হদ্দে বেডি ওক্কলের বউত ডেট গরা উচিত,আমার তো মনে হয় মাইয়ারার একাধিক ডেট করন উচিত,আর তো মনে অয় মাইয়াগো ওকগার বেশি ডেট করন উচিত,আমার তো লাগে ফুরিন্তোর বউট্টি ডেট করা উচিত
এমন করতেসে কেন বসে বসে?,এইরহম করতেয়াছে কির লইজ্ঞা বইয়া বইয়া?,এরিম্মা্মা কিল্লাইয় গরের দ্দে বইয়েরে,এমন করতাসে কেরে বয়া বয়া?,এরুম কইরতেসে কিল্লেই বই বই?,ইতা করের কিতার লাগি বইয়া বইয়া?
তিনি হিসেব মেলাতে পারছেন না,হ্যায় হিশাব  মিলাইতে পারতেয়াছে না,ইতে হিসাব মিল্লাইতো নো ফারের,তিনি হিসাব মিলাইতে পারতাসেন না,হেতে হিসাব মিলাইতে হাইরতেছেন না,তাইন হিসাব মিলাইতে ফাররা না
এ কী করে সম্ভব,এইয়া ক্যামনে সম্ভব,ইবা কেরিম্মা গরি সম্ভব,এ কিরা কইরা সম্ভব,এডা কী করি সম্ভব,ইগু কিলা ওয়!
তুমি ঘুম থেকে উঠে আমাকে কল দিও,তুমি ঘুমে গোনে উইটঠা মোরে ফোন কইররো,তুই ঘুমোত তুন উঠিয়ের কল  দিতোক,তুমি ঘুম থাইক্কা উইঠঠা আমারে কল দিও,তুমি ঘুম তুন উডি আরে কল দিও,তুমিতাইন ঘুম তনে উঠিয়া আমারে কল দিও
তুমি এত ঘুমায় কেন ?,তুমি এত্তো ঘুমাও কির লইজ্ঞা?,তুই সুদানির ফুয়া এত ঘুমোদ্দে কিল্লায়,তুমি এত ঘুমাও কেরে ?,তুমি এত ঘুমাও কিল্লেই ?,তুমিতাইন ওতো ঘুমাও কিতার লাগি?
তোমার এত ঘুম আসে কেন ?,তোমার এত্তো ঘুম আয় কির লইজ্ঞা?,তুয়ার এতো ঘুম কিল্লায় আয়েদ্দে,তোমার এত ঘুম আয় কেরে ?,তোমার এত ঘুম আইয়ে কিল্লেই ?,তুমিতাইন ওর ওতো ঘুম আয় কিওর লাগি?
তোমার সাথে আমার জরুরি কথা আছে,তোমার লগে মোর দরকারি কথা আছে,তুয়ার লয় আর জরুরি হতা আছে,তোমার লগে আমার জরুরি কথা আসে,তোমার লগে আর জরুরি কতা আছে,তুমিতাইন ওর লগে আমার জরুরি মাত আছে
একটা স্বাভাবিক মানুষ এত ঘুমায় না,এউক্কা স্বাভাবিক মানু এত্তো ঘুমায় না,এইজ্ঞ স্বাভাবিক মানুষ এত হেনে গুমায়,একটা স্বাভাবিক মানুষ এত ঘুমায় না,ওকগা স্বাভাবিক মানুষ এত ঘুমায় না,একটা স্বাভাবিক মাইনষে ওতোতা ঘুমায় না
আমার সকালে উঠেই চা খাওয়ার অভ্যাস,মোর বেইন্যাহালে উইটঠাই চা খাওনের অভ্যাস,আর সকালোত উঠিয়েরে চা খাইবার অব্যাস,আমার সকালে উইঠঠাই চা খাওনের অভ্যাস,আর ভোরে উডি ই চা খাওনের অভ্যাস,আমার সকাইলকু উঠিয়াউ চা খাওয়ার অভ্যাস
আমার সন্ধায় কফি খাওয়ার অভ্যাস আছে,মোর সন্ধায় কফি খাওনের অভ্যাস আছে,আর সন্ধায় কফি খাইবার অব্যাস আছে,আমার সন্ধায় কফি খাওনের অভ্যাস আসে,আর সন্ধায় কফি খাওনের অভ্যাস আছে,আমার হাঞ্জাবেলাত কফি খাওয়ার অভ্যাস আছ্র
তুমি দুপুরে কি দিয়ে ভাত খেয়েছ ?,তুমি দুফারে কিদ্যা ভাত খাইছেলা?,তুই  দুইজ্জা  ভাত হাইয়ো নে?,তুমি দুপুরে কিতা দিয়া ভাত খাইস ?,তুমি দুপুরে কি দি ভাত খাইছো ?,তুমিতাইন দুপুরবেলাত কিতা দিয়া ভাত খাইলায়?
তুমি কি রাতের বেলা বাহিরে বের হবে ?,তুমি কি রাইতের কালে বায়রায় বাইর হবা?,তুই  কি রাতিয়াত বাইর হইবা নে ?,তুমি কিতা রাইতের বেলা বাইরে বের হইবা ?,তুমি কি রাইতের বেলা বাইরে বের অইবা ?,তুমিতাইন কিতা রাত্রে বারোইবায় নি?
আপনার সব থেকে কাছে মানুষটি কে ?,আমনের সব চাইয়া ধারের মানুডা কেডা?,ওনোর  বেজ্ঞুনের  হাছে মানুষ হোন্না?,আফনের সব থাইক্কা কাসের মানুষটা কেডা ?,আন্নের বেকের তুন কাছের মানুষটি কে ?,আফনার সব তাকি কাছ ওর মানুষ কে?
আপনার সাথে কথা বলতে অনেক ভালো লাগে আমার,আমনের লগে কথা কইতে পাইরা ভালো লাগছে মোর,ওনোর লয় হথা খইতো বেশি গম লাগে,আফনের লগে কথা কইতে মেলা ভালা লাগে আমার,আন্নের লগে কতা কইতে অনেক ভালা লাগে আর,আফনার লগে মাত্তে বাক্কা ভালা লাগে আমার
আমার অনেক খারাপ লাগছে,মোর ম্যালা খারাপ লাগছে,য়ার বেশি হারাপ লাগের,আমার মেলা খারাপ লাগসে,আর অনেক খারাপ লাইগছে,আমার বউত খারাপ লাগের
আমার মনে হয় যে আমি কিছুই মনে রাখতে পারছি না,মোর মনে কয় যে মুই কিছুই মনে রাখতে পারতেয়াছি না,আর মনে হদ্দে আর কিছু মনোত নাই,আমার মনে হয় যে আমি কিসুই মনে রাখতে পারতাসি না,আর মনে অয় যে আই কিছুই মনে রাইখতে হাইরতেছি না,আমার লাগের আমি কুন্তাউ মনও রাখতে পারিয়ার না
আমার ছোটো বোন নানার বাড়ীতে ঘুরতে গিয়েছে,মোর ছোডো বুইন নানা বাড়ি ঘোরতে গ্যাল্লেহ,আর ছুড বইনোর নানার বাড়িত গুইত্তে গিয়ে,আমার ছোটো বোন নানার বাড়ীত ঘুরতে গেসে,আর ছোডো বইন নানার বাড়ীত ঘুইরতো গেছে,আমার ছোটো বইন নানার বাড়িত ঘুরাত গেছে
সে পরের মাসে বিদেশ চলে যাবে,হ্যায় পরের মাসে বিদ্যাশ চইল্লা যাইবে,ইতে ফরের মাসোত বিদেশ যাইবো গয়,হেয় পরের মাসে বিদেশ চইল্লা যাইব,হেতে হরের মাসে বিদেশ চলি যাইবো,তাই বাদের মাসও বিদেশ যাইবো গি
মেয়েটি খুবই বেয়াদপ,মাইয়াডা বেমালা বেদ্দপ,বেডি ইবা বেশি বিয়াদব,মাইয়াডা খুবই বেয়াদ্দব,মাইয়াডা খুবই বেদ্দপ,ফুরিটা যে বেয়াদ্দব
মেয়েটি সারাক্ষন মিথ্যে কথা বলে,মাইয়াডা হারাদিন মিছা কথা কয়,মাইয়া ইবা সারাক্ষন মিথ্যা হতা খো,মাইয়াডা সারাক্ষন মিথ্যা কথা কয়,মাইয়াডা হারাক্ষন মিছা কতা কয়,ফুরিগুয়ে হক্কলতাত মিছা মাতে
ছেলেটি রাস্তা দিয়ে হেঁটে যাচ্ছে,পোলাডা রাস্তা দিয়া হাইট্টা যাইতেয়াছে,ফুয়া ইবা রাস্তা দিয়েরে হাঠি যার গয়,ছেড়াডা রাস্তা দিয়া হাইটটা যাইতাসে,হোলাগা রাস্তা দি আডি যায়,ফুয়াগু রাস্তা বায়দি হাটিয়া যাইরো
একটি বিড়াল দরজার সামনে বসে আছে,এউক্কা বিলোই দুয়ারের সামনে বইয়া রইছে,এইজ্ঞো বিড়াল দরজাত বোই আছে,একটা বিলাই দরজার সামনে বয়া আসে,ওকগা বিলাই দরজার সামনে বই আছে,একগু বিলাই দরজার ধারো বই রইছে
একটি কুকুর রাস্তায় বসে আছে,এউক্কা কুত্তা রাস্তায় বইয়া রইছে,এইজ্ঞো কুত্তা রাস্তাত  বোই আছে,একটা কুত্তা রাস্তায় বয়া আসে,ওকগা কুত্তা রাস্তাত বই রইছে,একগু কুত্তা রাস্তাত বই রইছে
একটি সাদা রঙের পাখি আকাশে উড়ছে,এউক্কা সাদা রঙের পক্ষি আকাশে ওড়তেয়াছে,এইজ্ঞো সাদা ফাখি উড়ের',একটা সাদা রংগের পাখি আকাশে উড়তাসে,ওকগা ধলা রঙের হাখি আকাশে উইড়তেছে,একগু সাদা রঙ ওর পাখি আকাশ-ও উড়ের 
অল্পবয়সী একটি ছেলে বাইরে ফুটপাতে দৌড়াচ্ছে,জুয়ান এউক্কা পোলা বায়রায় ফুটপাতে দৌড়াইতেয়াছে,অল্পবয়সী এইজ্ঞো ফুয়া ফুটপাতোত দুরার,অল্পবয়সী একটা ছেড়া বাইরে ফুটপাতে দৌড়াইতাসে,অল্পবয়সী ওকগা হোলা বাইরে ফুটপাতে দৌড়াইতেছে,কম বয়সী একগু ফুয়া বাইরে ফুটপাত-ও দৌড়ার
আমি কাজে যেতে চাই না,মুই কামে যাইতে চাই না,আই কাজোত যাইতো নো চাই,আমি কামে যাইতাম চাই না,আই কামে যাইতে চাই না,আমি কামও যাইতাম চাই না
আপনি এই কলমটি নিন,আমনে এই কলমডা নেন,কলম ইবা লো,আফনে এই কলমডা নেন,আন্নে এই কলমকান নেন,আফনে ওউ কলম ওগু লউকা
আমাকে সত্যি কথা বলুন,মোরে সত্য কথা কন,আরে হাছা হতা হইদো,আমারে সত্যি কথা কন,আরে সত্যি কতা কন,আমারে হাছা কথা কউকা
তুমি ঘুম থেকে তাড়াতাড়ি উঠে যাও,তুমি ঘুমে গোনে হওয়ালে উইটঠা যাও,তুই গুমের তুন জলদি উঠ,তুমি ঘুম থাইক্কা তাড়াতাড়ি উইঠঠা যাও,তুমি ঘুম তুন তাড়াতাড়ি উডি যাও,তুমিতাইন ঘুম তনে জলদি উঠি যাইও
আপনি ঘুম থেকে উঠতে চান না,আমনে ঘুমে গোনে ওঠতে চান না?,ওনে ঘুমত তুন উইঠো নো চও,আফনে ঘুম থাইক্কা উঠতে চান না,আন্নে ঘুম তুন উইডতে চান না,আফনে ঘুম তনে উঠতা চাইন না
আমি সকালে নাস্তা করে স্কুলে যাই,মুই বেইন্যাহালে নাস্তা কইররা ইস্কুলে যাই,য়াই সকালোত নাস্তা হরিয়ের স্কুলোত যাই,আমি সহালে নাস্তা কইরা ইস্কুলে যাই,আই ভোরে নাস্তা করি ইস্কুলে যাই,আমি সকাইলকু নাস্তা খাইয়া বাদে স্কুলও যাই
আমার সকালে কিছু খেতে  ভালো লাগে না,মোর বেইন্যাহালে কিছু খাইতে ভাল লাগে না,আরে সকালোত হিছু খাইত গম নো লাগে,আমার সহালে কিসু খাইতে  ভালা লাগে না,আর ভোরে কিছু খাইতে ভালা লাগে না,আমার সকাইলকু কুন্তা খাইতে ভালা লাগে না
আমরা হেরে গেছি,মোরা ঠইজ্ঞা গ্যাছি,আই আরি গিয়ি,আমরা হাইরা গেসি,আমরা হারি গেছি,আমরা হারি গেছি
আমরা হেরে গেছিলাম,মোরা ঠইজ্ঞা গ্যাল্লাম,আরা হারি গিয়ি,আমরা হাইরা গেসলাম,আমরা হারি গেছিলাম,আমরা হারি গেছলাম
আমটি কে খেয়েছিল?,আমডা কেডা খাইল্লে?,আম ইবা হন হাইয়ে,আমডা কেডা খাইসিল?,আমকান কে খাইছিলো ?,আম ওগু কে খাইছিল?
আমি হারিয়ে গেছি,মুই হারাইয়া গেছি,আই হারি গিয়ি,আমি হারায়া গেসি,আই আজি গেছি,আমি হারি গেছি
আমি ঠিক আছি,মুই ঠিক আছি,আই টিক আছি,আমি ঠিক আসি,আই ঠিক আছি,আমি ঠিক আছি
আমাকে বিশ্বাস করো,মোরে বিশ্বাস করো,আরে বিশ্বাস গরো,আমারে বিশ্বাস কর,আরে বিশ্বাস করো,আমারে বিশ্বাস করো
আমার প্রশ্নের জবাব দিন,মোর প্রশ্নের উত্তর দেন,আর প্রশ্নত জবাব দো,আমার প্রশ্নের জবাব দেন,আর হশ্নের জবাব দেন,আমার মাত ওর জবাব দেউকা
আমি তাকে দখতে পেলাম,মুই হ্যারে দ্যাখতে পাইলাম,আই ইতাারে দেক্কি,আমি তারে দখতে পাইলাম,আই হেতেরে দেইখতে হাইলাম,আমি তারে দেখছি
আমাকে ঢুকতে দিন,মোরে ঢোকতে দেন,আরে ডুইক্তে দও,আমারে ঢুকতে দেন,আরে ঢুইকতে দেন,আমারে ঢুকতে দেউকা
আমাকে যেতে দাও,মোরে যাইতে দেও,আরে যাইতে দও,আমারে যাইতে দেও,আরে যাইতে দাও,আমারে যাইতে দেউকা
এখানে অপেক্ষা করুন,এইহানে অপেক্ষা করেন,ইরে অপেক্ষা গরো,এইহানে অপেক্ষা করেন,ইয়ানো অপেক্ষা করেন,ওনো উবাউকা
আমি অসুস্থ হয়ে পরেছিলাম,মুই অসুস্থ হইয়া পরছেলাম,আই অসুস্থ অয় ফইজ্জি,আমি অসুস্থ হয়া পরসিলাম,আই বেরামে হরি গেছিলাম,আমি অসুস্থ ওই গেছলাম
আমি ওদের দেখতে পেলাম,মুই অগো দ্যাখতে পাইলাম,আই ইতারোরে দেইক্কি,আমি ওরারে দেখতে পাইলাম,আই হিগুনরে চাই হালাইছি,আমি হেরারে দেখছি
সময় শেষ হয়ে গেছে,সময় শ্যাষ হইয়া গ্যাছে,সময় শেষ অই গিয়োয়,সময় শেষ হয়া গেসে,সময় শেষ অই গেছে,সময় ফুরাই গেছে
আমরা অপেক্ষা করব,মোরা অপেক্ষা করমু,আরা অফেক্ষা কইজ্জুম,আমরা অপেক্ষা করবাম,আমরা অপেক্ষা কইরগুম,আমরা উবাইমু নে
তিনি উঠে দাঁড়ালেন,হ্যায় উইটঠা খারাইছে,এবা উঠি গিয়োয়,তিনি উইঠঠা খাড়াইলেন,হেতে উডি দাঁড়াইলেন,তাইন উঠিয়া দাড়াইলা
আমি বেশি লম্বা,মুই বেশি উচা,আই বেশিি ডর,আমি বেশি লম্বা,আই বেশি লম্বা,আমি বাক্কা লাম্বা
আমি ক্ষমা চাইছি,মুই মাফ চাই,আই মাফ চাই,আমি মাফ চাইতাসি,আই মাফ চাইছি,আমি মাফ চাইয়ার
আমি ফিরে এলাম,মুই ফিররা আইলাম,আই ফিরি আইসসি,আমি ফিরা আইলাম,আই হিরি আইলাম,আমি ফিরিয়া আইছি
আমি কেক পছন্দ করি,মুই কেক পছন্দ করি,আই কেক ফছন্দ গরি,আমি কেক পসন্দ করি,আই কেক হছন্দ করি,আমি কেইক ভালা ফাই
একটু ঘুমিয়ে নাও,এট্টুহানে ঘুমাইয়া লও,এক্কানাা ঘুমাইইয়েরে লো,একটু ঘুমায়া নেও,এক্কানা ঘুমাই নাও,থুরা ঘুমাই যাও
আমি একা ছিলাম,মুই এল্লাহ আল্লাম,আই একা আছিলাম,আমি একা আসিলাম,আই একলা আছিলাম,আমি এখলা আছলাম
আমার সঙ্গে আসুন,মোর লগে আয়েন,আর লই আইয়ো,আমার লগে আহেন,আর লগে আইয়েন,আমার লগে থাকোউকা
তিনি রেগে গেছিলেন,হ্যায় চেইত্যা গ্যাল্লেহ,ইবা রাগি গেল গয়,তিনি রাইজ্ঞা গেসিলেন,হেতে চেতি গেছিলেন,তাইন রাগি গেছলা
আমার হাতটা ধরুন,মোর হাতটা ধরেন,আর হাত ইবা ধইজ্জো,আমার হাতটা ধরেন,আর হাতকান ধরেন,আমার হাত ধরোউকা
আমি অবাক হয়ে গেছিলাম,মুই অবাক হইয়া গ্যাল্লাহম,আই অবাক অয় গিয়িলাম,আমি অবাক হয়া গেসিলাম,আই অবাক অই গেছিলাম,আমি অবাক ওই গেছলাম 
আমি আসবো না,মুই আমু না,আই নো আইসসুম,আমি আইতাম না,আই আইতান নো,আমি আইতাম নায়
আমি হারবো না,মুই ঠগমু না,আই নো হাইজ্জুম,আমি হারতাম না,আই হাইরতাম ন,আমি হারতাম নায়
আমার হাত ব্যাথা করছে,মোর হাতে ব্যাথা করতেয়াছে,আর আত টনটন গরের,আমার হাত ব্যাথা করতাসে,আর হাত ব্যাথা কইরতেছে,আমাত হাত-ও বেদনা করের
আমার পা ব্যাথা করছে,মোর ঠ্যাঙ্গে ব্যাথা করতেয়াছে,আর ট্যাং টনটন গরের,আমার পা ব্যাথা করতাসে,আর পা ব্যাথা কইরতেছে,আমার ফা-ও বেদনা করের
আপনাকে কে পাঠিয়েছে?,আমনেরে কেডা পাডাইছে?,ওনরে হোন ফাডাইয়ে',আফনেরে কেডা পাঠাইসে?,আন্নেরে কে হাডাইছে?,আফনারে কে পাঠাইছে?
তোমাকে দেখে অসুস্থ বলে মনে হচ্ছে,তোমারে দেইখ্যা অসুস্থ্য বইললা মনে হইতেয়াছে,তুয়ারে দেহিয়েরে অসুক্কা বলি মনে ওর,তোমারে দেইক্ষা অসুস্থ বইল্লা মনে হইতাসে,তোয়ারে দেই অসুস্থ মনে অইতেছে,তুমিতাইনরে দেখিয়া অসুস্থ লাগের
আপনারা আগে যান,আমনেরা আগে যান,ওনোরা আগে জো,আফনেরা আগে যান,আন্নেরা আগে দি যান,আফনারা আগে যাউকা
আমাকে ডাকবেন না,মোরে বোলাইবেন না,আরে নো ডাইক্কো,আমারে ডাকবেন না,আরে বোলাইবেন না,আমারে ডাকবা না
আমার হলুদ রঙ পছন্দ,মোর হইলদা রঙ পছন্দ,আর হলুদ রং দেহিত ফারি,আমার হলুদ রঙ পসন্দ,আর হলুদ রঙ হছন্দ,আমার হইলদা রঙ ভালা লাগে
আমি আপেল পছন্দ করি,মুই আফেল পছন্দ করি,আই আফেল দেহিত ফারি,আমি আপেল পসন্দ করি,আই আপেল হছন্দ করি,আমি আপেল ভালা ফাই
আমার ঠান্ডা লেগেছে,মোর ঠান্ডা লাগজে,আর  তুন টান্ডা লাইজ্ঞে,আমার ঠান্ডা লাগসে,আর ঠান্ডা লাইগছে,আমার ঠান্ডা লাগছে
আমার খিদে পাচ্ছে,মোর খিদা পাইতেয়াছে,আর তুন খুদা লাগের,আমার খিদা পাইতাসে,আর খিদা পাইতেছে,আমার ক্ষুদা লাগরো
আমি বিদেশে গেছিলাম,মুই বিদ্যাশ গ্যাল্লাহম,আই  বিদেশত গেইলাম,আমি বিদেশে গেসলাম,আই বিদেশে গেছিলাম,আমি বিদেশ গেছলাম
আমি ভেতরে গেলাম,মুই ভিতরে যাই,আই বিতরত গেইলাম,আমি ভেতরে গেলাম,আই ভিতরে গেলাম,আমি ভিতরে গেলাম
সে রেগে গেছিলো,হ্যায় চেইত্যা গ্যাল্লেহ,ইতে গুসসা ওয়িল,হেয় চেইত্তা গেসিলো,হেতে রাগি গেছিলো,হে রাগি গেছিল
আমাকে ওখানে নিয়ে চলুন,মোরে ওইহানে লইয়া লয়েন,আরে ঐইন্দি লই জো,আমারে ওইহানে নিয়া চলেন,আরে হিয়ানে নি চলেন,আমারে হনো লইয়া যাউকা
সে আমার স্ত্রী,হ্যায় মোর বউ,ইবা আর বউ,হেয় আমার বউ,হেতি আর বৌ,তাই আমার বউ
আপনাকে দেখে অসুস্থ বলে মনে হচ্ছে,আমনেরে দেইখ্যা অসুস্থ্য বইললা মনে হইতেয়াছে,আরে দেহিয়েরে অসুখ বলি মনে অর,আফনেরে দেইক্ষা অসুস্থ বইল্লা মনে হইতাসে,আন্নেরে দেই অসুস্থ মনে অইতেছে,আফনারে দেখিয়া অসুস্থ লাগরো
আমাদের বিয়ের পর থেকেই নানা ছোটখাটো কারনে ঝগড়া লেগে থাকতো,মোগো বিয়ার পরে গোনেই ম্যালা ছোডোখাডো কারনে কাইজ্যা লাইজ্ঞা থাকতে,আরোর বিয়ার ফর তুন নানা ছুডো ছুডো খারনোত ঝগড়া লাগি থাকিতো,আমরার বিয়ার পর থাইক্কাই নানা ছোটখাটো কারনে ঝগড়া লাইজ্ঞা থাকত,আঙ্গো বিয়ার হর তুনই নানা ছোডখাডো কারনে ঝগড়া লাগি থাইকতো,আমরার বিয়ার বাদে তাকি ওউ নানা ছোটমুটো ব্যাপার তাকি ঝগড়া লাগি যাইতো
আমি বুঝতে পারতাম তার অন্য কোথাও সম্পর্কে আছে,মুই বোঝতে পারছেলাম হ্যার অন্য কোনহানে সম্পর্ক আছে,আই বুঝিত ফাইত্তাম ইতার অন্য জায়গাত সম্পর্ক আইসসে,আমি বুঝতে পারতাম হের অন্য কোনখানে সম্পর্কে আসে,আই বুইঝতে হাইরতাম হেতের অন্য কোনানো সম্পর্কে আছে,আমি বুঝতে ফারিয়ার তার অইন্য কোনকানও সম্পর্ক আছে
সে কোন দিন স্বীকার করে না,হ্যায় কোন কালে স্বীকার করে না,ইতে হোনো দিন স্বীকার নো গরে,হেয় কোন দিন স্বীকার করে না,হেতে কোনো দিন স্বীকার করে না,হে কোনদিন ওউ হাছাটা কয় না
এভাবে নানা রকম ঝামেলা হতে থাকে,এমনে বিভিন্ন ধরনের সমেস্যা হইতে থাহে,এরিম্মা নানা রহম ঝামেলা হইত থাকে,এমনে নানা রকম ঝামেলা হইতে থাহে,এন্নে নানা রকম ঝামেলা অইতে থায়,ওলায় বউত রকম ঝামেলা ওইতেউ থাকে
আমাদের পারিবারিক ভাবে বিয়ে হয়,মোগো পারিবারিক ভাবে বিয়া হয়,আরোর ফারিবারিক ভাবে বিয়া ওইল,আমরার পারিবারিক ভাবে বিয়া হয়,আঙ্গো পারিবারিক ভাবে বিয়া হয়,আমরার পরিবার তাকি ওউ বিয়া ওইছিল
যখন বাড়ীতে জানাই তখন নানা রকম কথা হয়,যহন বাসায় কই তহন বিভিন্ন তারহার কথা হয়,যেত্তে বাড়ীত জানাই এত্তে বয়োত ডইল্লা হতা অয়,যহন বাড়ীত জানাই তহন নানা রহম কথা হয়,যন বাইত জানাই তন নানা রকম কতা হয়,যখন বাসাত জানাই তখন বউত লাকান মাত ওয়
বেশ কয়েক বার তাকে সু্যোগ দেয়া হয়,বেমালা বার হ্যারে সুযোগ দেওয়া হইছে,বেশ হয়েব্বার ইতারে সুযোগ দিলাম,বেশ কয়েক বার তারে সু্যোগ দেয়া হয়,বেশ কয়েক বার হেতেরে সু্যোগ দেয়া অয়,বাক্কা বউত বার তারে সুযোগ দেওয়া ওয়
কিন্তু সে ভালো হয়না,তয় হ্যায় ভালো হয় না,কিন্ত্য ইতে বালা নো অয়,কিন্তু হেয় ভালা হয়না,কিন্তু হেতে ভালা অয়নো,কিন্তু হে ভালা ওয় না
অনেক দিন বাবার বাসায় ছিলাম,ম্যালা দিন বাফের বাড়ি আল্লাহম,বওত দিন বাফোর বাসাত আছিলাম,অনেক দিন আব্বার বাসায় আসিলাম,অনেক দিন আব্বার বাসাত আছিলাম,বউত দিন বাফ ওর বাড়িত আছলাম
"তোমাকে ছাড়া বাচবো, তোমার বিয়েতেও নাচবো","তোমারে থুইয়া বাচমু, তোমার বিয়াতেও নাচমু","তুয়ারে ছাড়া বাইচ্চুম, তুয়ার বিয়াতো নাইচ্চুম","তোমারে ছাড়া বাচবাম, তোমার বিয়াতেও নাচবাম","তোয়ারে ছাড়া বাচমু, তোয়ার বিয়াতেও নাচমু","তুমিতাইন রে ছাড়া বাচমু, তুমিতাইন ওর বিয়াতও নাচমু"
সে তখন আবারো ফিরে চায় আমাকে,হ্যায় হেইকালে ফিররা ফেরত চায় মোরে,ইতি আবার ফিরি চার আরে,হেয় তহন আবারো ফিইরা চায় আমারে,হিগা তন আবার হিরি চায় আরে,হে আবার ওখন ফিরাইয়া নিতো চায় আমারে
এক পর্যায়ে এমন অবস্থা করে মে আমিও দূবল হয়ে যাই,এক কালে এরহম অবস্থা করছেলে যে মুইও দূর্বল হইয়া যাই,এক ফর্যায়ে এন অবস্তা গরে যে আইও দুর্বল অয় যাই,এক পর্যায়ে এমন অবস্থা করে মে আমিও দূর্বল হয়া যাই।,এক হর্যায় এরুম অবস্থা করি হালায় যে আইও দুর্বল অই যাই,এখ পর্যায়ে এমন অবস্থা খরে যেন মুইও দুর্বল অই গেছলাম। 
কিছু দিন সে ভালো থাকে,কয়ডা দিন হ্যায় ভালো আল্লেহ,কিছু দিন ইতে বালা তাকে,কিসু দিন হেয় ভালা থাহে,কিছু দিন হেতে ভালা থায়,কিছু দিন হে ভালা থাকে 
তারপর একের পর এক অশান্তি বাড়তে থাকে,হেইয়ারপর এউক্কার পর এউক্কা অশান্তি বাড়তেই থাহে,তারফর একের ফর এক অশান্তি বাড়াত তাকে,তারপর একের পর এক অশান্তি বাড়তে থাহে,এর হরে ওকগার হর ওকগা অশান্তি বাইড়তে থায়,এরবাদে এখটার পর এখটা অশান্তি বাড়তেউ থাকে। 
সে যার সাথে সম্পর্কে জড়িয়ে তাকে বিয়ে করবে না বলে কিন্তু সম্পর্ক রাখবে,হ্যায় যের লগে সম্পর্কে জড়াইছে হ্যারে বিয়া করবেনা কয় তয় সম্পর্ক রাখবে,ইতে যার লয় সম্পর্ক জড়াইয়ে তারে বিয়া নো গরিভো মাগার সম্পর্ক রাহিবো,হেয় যার লগে সম্পর্কে জড়ায় তারে বিয়া করব না বইল্লা কিন্তু সম্পর্ক রাখব,হেতে যেতির লগে সম্পর্কে জড়াই হেতিরে বিয়া কইরতো ন কই কিন্তু সম্পর্ক রাইখবো,হে যার লগে সম্পর্কত জড়ায় তারে বিয়া করতো নায় খয় কিন্তু সম্পর্ক রাখবো। 
সে শুধু আমাকে খাবার টুকু ঠিক মত দেয় যেন কাউকে বলতে না পারি,হ্যায় খালি মোরে খাওন ডু ঠিক মত দ্যায় যানি কাউরে কইতে না পারি,ইতেে শুধু আরে হাবার টিক মত দে যিবার লাই কেউ হিছু কইত নো ফারে,হেয় খালি আমারে খাওন টুকু ঠিক মত দেয় যেন কাউরে বলতে না পারি,হেতে শুধু আরে খাওন টুকুন ঠিক মতন দেয় যেন কাউরে কইতে না হারি,হে খালি মোরে খানিটা ঠিক মতে দেয় যাতে খেউরে কইতাম না ফারি 
আমার তো একটা হাত খরচ লাগে তাও সে দেয়না,মোর তো এউক্কা হাত খরচ লাগে হেইয়াও হ্যায় দ্যায় না,আর তো অজ্ঞ  হাত হরচ লাগে ইবাও ইতে নো দে,আমার তো একটা হাত খরচ লাগে তাও হেয় দেয়না,আর তো এককান হাত খরচ লাগে হিয়ান ও হেতে দেয়না, আমার তো এখান হাত খরচা লাগে তাও হে দেয় না 
বাবা হিসেবে ছেলেকে ভালবাসে অনেক,বাফ হিসাবে পোলারে ভালবাসে ম্যালা,বাবা হিসেবে ফুয়ারে বোত বালোবাসে,বাপ হিসাবে পোলারে ভালবাসে অনেক,বাবা হিসাবে হোলারে ভালবাসে অনেক,বাফ হিসাবে ফুয়ারে ভালাপায় অনেখ। 
চুপ ছিলাম বুঝাইছি অনেক লাভ হয়নি,চুপ আল্লাহম বুঝাইছি বেমালা লাভ হয় নাই,নো মাতি আছিলাম বুঝাইয়ি অনেক লাভ নো হো,চুপ আসিলাম বুঝাইসি মেলা লাভ হয়নাই,চুপ আছিলাম বুঝাইছি অনেক লাভ অয়নো,চুুফ আছলাম বুঝাইছি বাক্কা লাভ অইছে না 
এক পর্যায়ে আবারো বাড়িতে জানানো হয়,এক কালে ফিররা বাড়িতে জানাইন্না হয়,এক ফর্যায়ে আবারো বাড়িত জানানো অইয়ে,এক পর্যায়ে আবারো বাড়িত জানানো হয়,এক হর্যায়ে আবারো বাড়িত জানানো হয়,এখ পর্যায়ে আরখবার বাড়িত জানানি অইছিল
তখন সে অনেক খারাপ আচরন করে,হেইকালে হ্যায় ম্যালা খারাপ আচরন করছেলে,তথন ইতে অনেক খারাপ আচরন কইজ্জে,তহন হেয় মেলা খারাপ আচরন করে,তন হেতে অনেক খারাপ আচরন করে,হেব্‌লা হে অনেখ বাদ আচরণ করছিল
সে আমার পরিবারের কাউকে সম্মান করেনা,হ্যায় মোর বাড়ির কাউরে সম্মান করেনা,ইতে আর ফরিবারোর কাওরে সম্মান নো গরে,হেয় আমার পরিবারের কাউরে সম্মান করেনা,হেতে আর হরিবারের কাউরে সম্মান করেনা,হে মোর পরিবারর খেউরে সম্মান খরে না 
"সে কারো কথা বলেনা ,কারো বাসায় যায়না","হ্যায় কেউর কথা কয়না, কাউরে সম্মান করেনা","ইতে হারোর হতা নো খো, হারোর বাসাত নো যা","হেয় কারো কথা কয়না ,কারো বাসায় যায়না","হেতে কারো লগে কথা কয়না ,কারো বাসাত যায়না","হে  খারো মাত মাতে না, খারো বাসাত যায় না "
এমন কি আমার বাবা মা সামনে আসলে সালাম পর্যন্ত দেয়না,এমন কি মোর বাপ মায় সামনে আইলে সালামডা পর্যন্ত দেয়না,এরিম্মা কি আর বাবা মা সামনে আসলে সালাম পর্যন্ত নো দে,এমন কি আমার আব্বা আম্মা সামনে আইলে সালাম পর্যন্ত দেয়না,এমন কি আর বাপ মা সামনে আইলে সালাম হইর্যন্ত দেয়না,এমন কি মোর আব্বা আম্মা সামনে আইলে সালাম পর্যন্ত দেয় না
সে তাদের সাথে সম্পর্ক রাখবো না,হ্যায় হ্যাগো লগে সম্পর্ক রাখবে না,ইতে তারোর লয়  সম্পর্ক নো রাখিবো,হেয় তারার সাথে সম্পর্ক রাখবো না,হেতে হেতাগো লগে সম্পর্ক রাইখতো ন,হে তারার লগে সম্পর্ক রাখতো নায় 
আমি তখন বলি কেন কি হইছে ?,মুই তহন জিগাই কিরলইজ্ঞা কি হইছে?,আই তহন বলি কেন কি হইয়ে,আমি তহন কই কেন কি হইছে ?,আই তন কই কেন কি অইছে ?,মুই হেসময় জিকাইলাম খেনে কিতা অইছে? 
তারা আমাকে অনেক অপমান করছে,হ্যারা মোরে বেমালা অফোমান করছে,ইতারা আরে অনেক অফমান কইজ্জে,তারা আমারে মেলা অপমান করসে,তারা আমাকে অনেক অপমান করছে,তারা মোরে অনেখ অপমান করছিলা
আপনারা বলেন সে পরকিয়া করবে বউ কে মারবে আর বাবা মা চুপ থাকবে?,আমনেরা কন হ্যায় পরকিয়া করবে বউ রে মারবে আর বাপ মায় চুপ থাকপে?,ওনওরা হোন ইতে  ফরোকিয়া গরিবো বঊ রে মারিব আর মা বাপ চুপ থাহিবো নে?,আফনেরা কন হেয় পরকিয়া করব বউ রে মারব আর বাপ মা চুপ থাকব?,আপনারা বলেন সে পরকিয়া করবে বউ কে মারবে আর বাবা মা চুপ থাকবে,আফনারা খইন হে পরকীয়া খরবো বউরে মারবো আর বাফ মা চুফ থাখবা?
আমার কোন ভাই নেই আমি বড় মেয়ে,মোর কোন ভাই নাই মুই বড় মাইয়া,"আর হোনো বাই নেই ,আই ডোর মাইয়া",আমার কোন ভাই নাই আমি বড় মাইয়া,আমার কোন ভাই নেই আমি বড় মেয়ে,মোর  কুনো ভাই নাই মুই বড় ফুড়ি 
আমাদের মধ্যেবিও পরিবার,মোগো মইধ্যাবিত্ত পরিবার,আর মদ্যবিত্ত ফরিবার,আমারার মধ্যবিত্ত পরিবার,আমাদের মধ্যেবিও পরিবার,আমরার মধ্যবিত্ত পরিবার
এসব কিছু কাউকে বলে কোন সমাধান নাই,এইহগল কিছু কেউরে কইয়া কোন সমাধান নাই,এসব হিছু কেউরে  হই হোনো সমাদান নাই,এসব কিসু কাউরে বইল্লা কোন সমাধান নাই,এসব কিছু কাউকে বলে কোন সমাধান নাই,ইতা খেউরে কইয়া কুনো সমাধান নাই 
তারা বলে আমরা আমাদের বউ কে কত মারি কোন দিন মুখ দিয়ে কথা বের করে না,হ্যারা কয় মোরা মোগো বউ রে কত মারি কোন কালে মুখ দিয়া কথা বাইর করে না,ইতারাা বলে আরা আরোর বউ রে হত মারি হোনো দিন মুখ দি হতা বের নো গরে,তারা কয় আমরা আমরার বউ রে কত মারি কোন দিন মুখ দিয়া কথা বাইর করে না,হেতারা কয় আমরা আঙ্গো বৌ রে কত মারি কোন দিন মুখ দি কতা বাইর করে না,তারা খইন আমরা আমরার বউ অখলরে খতো মারি কুনো দিন মুখ দিয়া মাত বারয় না
আমার শাশুড়িও নেই মারা গেছে অনেক আগে,মোর হাউরি নাই মইররা গ্যাছে ম্যালা আগে,আর ওরিও নেই মরি গিয়োয় বউত আগোত,আমার শাশুড়িও নাই মারা গেসে মেলা আগে,আর শাশুড়িও নাই মারা গেছে অনেক আগে,আমার হড়িও নাই মারা গেছইন বাক্কা আগে
আমরা বিয়ের পর থেকেই আলাদা থাকি,মোরা বিয়ার পরে গোনে ভিন্ন থাহি,আরা বিয়ার ফর তুন আলাদা তাহি,আমরা বিয়ার পর থাইক্কাই আলাদা থাহি,আমরা বিয়ার হর তুনই আলাদা থাই,আমরা  বিয়ার পর তনে অউ আলেদা থাখি
শশুরবাড়ি আমার স্বামীর কিছু নেই কারণ তার মা নাই,হউরবাড়ি মোর জামাইর কিছু নাই কারণ হ্যার মায় নাই,ওরবাড়িত আর জামাইয়োর হিছু নাই হারন ইতার মা নাই,শশুরবাড়ি আমার জামাইয়ের কিসু নাই কারণ তার মা নাই,শশুরবাড়ি আর স্বামীর কিছু নাই কারণ হেতার মা নাই,হৌরবাড়ি মোর জামাইর কুনতা নাই কারণ তার মা নাই 
তার বাবা বিয়ে করেছে সেখানে বছরে একবার যাওয়া হয়,হ্যার বাফে বিয়া করছে হেইহানে বছরে একবার যাওন হয়,ইবার বাপ বিয়া কইজ্জে এরে বছরোত একবার যাওয়া অয়,তার বাপ বিয়া করসে অইহানে বছরে একবার যাওয়া হয়,হেতার বাপ বিয়া কইরছে হিয়ানো বছরে একবার যাওয়া হয়,তার বাফ বিয়া করছইন হনো বছ্‌রে এখবার যাওয়া অয়। 
আমি তোমাকে খাবার দেই,মুই তোমারে খাওন দেতেয়াছি,আই তুয়ারে হানা দিয়ির,আমি তোমারে খাওন দেই,আই তোয়ারে খাবার দেই,মুই তুমারে খানি দেই 
আপনারা বলেন যে স্বামী ভালোবেসে কথা বলেনা,আমনেরা কন যে জামাই ভালবাইসসা কথা কয়না,ওনেরা হোন যে জামাই বালোবাসিয়েরে হতা নো হো,আফনেরা কন যে জামাই ভালোবাসে কথা কয়না,আন্নেরা কন যে স্বামী ভালোবাসি কথা কয়না,আফনারা খইন যে জামাই ভালোবাসিয়া মাতে না 
এসব সমস্যার সমাধান কোথায় পাবো,এইহগল সমেস্যার সমাধান কোম্মে পামু,এসবোর ঝামেলার সমাধান হরে ফাইয়ুম,এসব সমস্যার সমাধান কোনখানে পায়াম,ইগিন সমস্যার সমাধান কোনাই হাইতাম,অতা সমস্যার সমাধান খই পাইমু
আমি অনেক চেষ্টা করেছি যে আমার কোন ভুল আছে কিনা,মুই ম্যালা চেষ্টা করছি যে মোর কোন ভুল আছে কিনা,আই বঊত চেষ্টা গইজ্জি যে আর হোনো বুল আছে কিনা,আমি অনেক চেষ্টা করসি যে আমার কোন ভুল আসে কিনা,আই অনেক চেষ্টা কইরছি যে আর কোন ভুল আছে কিনা,মুই বাক্কা চেষ্টা করছি যে মোর কুচ্চু ভুল আছে নাকিতা 
সে সবাই কে বলে আমি তো ওর সাথেই সংসার করি,হ্যায় হগলডি রে কয় মুই তো অর লগেই সংসার করি,ইতে বেজ্ঞুনোরে হইয়্যে দে আই তো ইতার লয় সংসার গরি,হেয় সবাই রে কয় আমি তো ওর লগেই সংসার করি,হেতে বেকে রে কয় আই তো হেতির লগেই সংসার করি,হে হখলরে কয় মুই তার লগে সংসার খরি 
এমন না যে আমি দেখতে অসুন্দর,এইয়া না যে মুই দ্যাখতে অসুন্দর,এরিম্মা নাো দে আই দেহিতে সুন্দর নো,এমন না যে আমি দেখতে অসুন্দর,এরুম ন যে আই দেইখতে অসুন্দর,অলান নায় যে আমি দেখতে বাদ 
যে কেউ আমাকে এক দেখা তে পছন্দ করবে,যে কেউ মোরে এক দেহা তে পছন্দ করবে,কোনিক্কা কেউ আরে এক দেহাত ফছন্দ করিবো,যে কেউ আমারে এক দেহা তে পসন্দ করব,যে কেউ আরে এক দেয়া তে হছন্দ কইরবো,যেছা খেউ আমারে এখ দেখাত পছন্দ খরবা
কোন উপায় পাইনা কি করব,কোন উপায় পাইনা কি করমু,হনো উফায় নো ফাই যে কি কইজ্জুম,কোন উপায় পাইনা কি করবাম,কোন উপায় হাইনা কি কইরতাম,কুনো উফায় ফাইনা কিতা খরতাম
শুধু ছেলের মুখের দিকে তাকিয়ে চুপ করে আছি,খালি পোলার মুহের দিক চাইয়া চুপ কইররা আছি,উদু মাত্র ফুয়ার মুখোত  তাকিয়েরে চুপ গরি আছি,খালি পোলার মুহের দিকে তাকায়া চুপ কইরা আসি,শুধু হোলার মুখের দিকে রেনি চুপ করি আছি,খালি ফুয়াটার মুকর বায় চাইয়া চুফ মারি আছি
কিন্তু আমি বেঁচে থেকে মরে আছি,তয় মুই বাইচচা থাইক্কাও মইররা আছি,কিন্ত আই বাচি থাকিয়েরে মরি গিয়ি,কিন্তু আমি বাইচ্চা থাইক্কা মইরা আসি,কিন্তু আই বাঁচি থাই ও মরি আছি,কিন্তু আমি বাছিয়া থাকিয়াও মরিয়া আছি 
আমি আমার স্বামীর ভালবাসা চাই,মুই মোর জামাইর ভালোবাসা চাই,আই আরি জামাইয়োর বালোবাসা সাই,আমি আমার স্বামীর ভালবাসা চাই,আই আর স্বামীর ভালবাসা চাই,মুই  মোর জামাইর ভালোবাসা চাই 
আমার পরিবারের সবার সাথে ও কথা বলুক এটা চাই,মোর পরিবারের হগলডির লগে অয় কথা কউক হেইডা চাই,আর ফরিবার বেগুনের লয় ও হতা খোক ইবা চাই,আমার পরিবারের বেহের সাথে ও কথা কওক এইডা চাই,আর হরিবারের বেকের লগে হেতনে কথা কক এইডা চাই,মোর পরিবারর হখলর লগে হে মাতউক অখটা চাই 
আমার বাবা মা অনেক বার মাফ চাইছে,মোর বাপ মায় বেমালা বার মাফ চাইছে,আর বাবা মা বোত বার মাফ সাইয়ে,আমার আব্বা আম্মা মেলা বার মাফ চাইসে,আর বাপ মা অনেক বার মাফ চাইছে,মোর আব্বা আম্মা অনেখ বার মাফ চাইছিল
যা হইছে হয়ে গেছে তোমার কথাই মানলাম আমাদের দোষ,যেইয়া হইছে হইয়া গ্যাছে তোমার কথাই মানছি মোগো দোষ,যিবা ওইয়ে ওয় গিয়োয় তুয়ার হতাই নো মানিলে আরোর দোষ,যা হইসে হয়া গেসে তোমার কথাই মানলাম আমরার দোষ,যা অইছে অই গেছে তোয়ার কথাই মাইনলাম আঙ্গো দোষ,যেতা অউয়ার অই গেছে তুমার খতাউ মানলাম আমরার দুষ
আমি চাইলেই আমার বাবার বাসায় চলে যেতে পারি,মুই চাইলেই মোর বাফের বাড়ি চইললা যাইতে পারি,আই  সাইলেও আর বাবার বাসায় চলি যাইত ফারি,আমি চাইলেই আমার আব্বার বাসায় চইল্লা যাইতে পারি,আই চাইলেই আর বাপের বাড়িত চলি যাইতে হারি,মুই চাইলেউ মোর বাফর বাসাত যাইতাম গি ফারি 
সমাজের মানুষ নানান কথা বলবে,সমাজের মানু বিভিন্ন কথা কইবে,সমাজোর মানুষ বোত হতা খইবো,সমাজের মানুষ নানান কথা কইব,সমাজের মানুষ নানান কথা কইবো,সমাজর মানুষ নানান মাত মাতবা
আমার বাবা অসুস্থ হয়ে যাবে,মোর বাফে অসুস্থ্য হইয়া যাইবে,আর বাবা বেরাইম্মা অয় যাইবো,আমার আব্বা অসুস্থ হয়া যাইব,আর বাপ অসুস্থ অই যাইবো,মোর আব্বা বেমার অই যাইবা
সে এখন নিজে মুখেই বলে তোমার সাথে আবার ও সব ঠিক করছি,হ্যায় এহন নিজের মোহে কয় তোমার লগে ফিররা সব ঠিক করতেয়াছি,ইতে এহন নিজোর মুখোত কইয়েরে তুয়ার লাই আবার বেজ্ঞুন টীক কইজ্জে,হেয় এহন নিজে মুহেই কয় তোমার লগে আবার ও সব ঠিক করসি,হে অন নিজের মুখেই কয় তোয়ার লগে আবার ও বেগগিন ঠিক কইরছি,হে এখন নিজোর মুখেউ কয় তুমার লগে আরখবার হখলতা ঠিক করিয়ার 
অন্য কোথাও বিয়ে করে ভালো থাকবা তা কীভাবে হয়,অন্য কোনহানে বিয়া কইররা ভালো থাকবা হেইয়া ক্যামনে হয়,আরেক জায়াগাত বিয়া গরি গম থাহিবা কেনে ওইবো,অন্য কোনেহানে বিয়া কইরা ভালা থাকবা তা কেমনে হয়,অন্য কোনানো বিয়া করি ভালা থাইকবা হেডা কেন্নে অয়,আরখ জাগাত বিয়া খরিয়া ভালা থাখবায় ইতা কিলা অয় 
সে বাহিরে যা ইচ্ছা করবে বউ হিসাবে আমাকে রাখবে,হ্যায় বায়রায় যা ইচ্ছা করবে বউ হিসাবে মোরে রাখবে,ইতে বাইজ্জা যা ইচ্ছা গরিবো বঊ হিসাবোত আরে রাখিবো,হেয় বাইরে যা ইচ্ছা করব বউ হিসাবে আমারে রাখব,হে বাইরে যা ইচ্ছা কইরবো বউ হিসাবে আরে রাইখবো,হে  বারে যা ইচ্ছা খরবো বউ হিসাবে মোরে রাখবো
এদিকে আমার পরিবারের সাথে সম্পর্ক রাখবে না,এইহানে মোর পরিবারের লগে সম্পর্ক রাখবে না,এরে আর ফরিবারের লয় সম্পর্ক নো রাইক্কম,এদিকে আমার পরিবারের সাথে সম্পর্ক রাখব না,এম্মির দিকে আর হরিবারের লগে সম্পর্ক রাইখতো ন,ইবায়দি আমার পরিবারর লগে সম্পর্ক রাখতো নায় 
আমাকে অনেক মারত,মোরে ম্যালা মারতে,আরে বেশি মারিতো,আমারে অনেক মারত,আরে অনেক মাইরতো,মোরে খুব পিটাইতো 
ছেলেটার ভবিষ্যতের কথা ভেবে চুপ করে আছি,পোলাডার ভবিষ্যতের কথা ভাইব্বা চুপ কইররা রইছি,ফুয়াার ববিশোতোর হতা বাবিয়েরে চুপ গরি আছি,ছেড়াটার ভবিষ্যতের কথা ভাইব্বা চুপ কইরা আসি,হোলাগার ভবিষ্যতের কথা ভাবি চুপ করি আছি,ফুয়াগুতার ভবিষ্যতর খতা ভাবিয়া চুফ মারি আছি
আমার বাবা মাও এটা নিয়ে অনেক কষ্ট পাচ্ছে,মোর বাপ মায়ও এইডা ল্পইয়া ম্যালা কষ্ট পাইতেয়াছে,আর বাবা মাও এবা লয় বোত হষ্ট ফার,আমার আব্বা আম্মাও এডা নিয়া মেলা কষ্ট পাইতাসে,আর বাপ মাও এডা লই অনেক কষ্ট হাইতেছে,মোর আব্বা আম্মাও ইকান লইয়া খুব খষ্ট পাইরা 
আমি বড় মেয়ে আমার ছোট বোন আছে শুধু,মুই বড় মাইয়া মোর ছোডো বুইন আছে খালি,আর ডোর মাইয়ে  শুধু   ছুডো বোন আছে,আমি বড় মাইয়া আমার ছোট বোইন আসে খালি,আই বড় জি আর ছোডো বোইন আছে খালি,মুই বড় ফুড়ি আমার ছুটো বইন আছে খালি
আপনার পরামর্শ দেন আমি কি করব,আমনেরা পরামর্শ দ্যান মুই কি করমু,ওনোর  ফরামর্শ দেতোক আই কি কইজ্জুম,আফনের পরামর্শ দেন আমি কিতা করবাম,আন্নেরা হরামর্শ দেন আই কিরতাম, আফনারা যুক্তি দেইন মুই কিতা খরতাম
দিন দিন মানসিক ভাবে অসুস্থ হয়ে যাচ্ছি,দিন দিন মানসিক ভাবে অসুস্থ্য হইয়া যাইতেয়াছি,দিন দিন মানসিক অসুস্থ ওয় যাইর গয়,দিন দিন মানসিক ভাবে অসুস্থ হয়া যাইতাসি,দিন দিন মানসিক ভাবে অসুস্থ অই যাইতেছি,দিন দিন মানসিক ভাবে বেমারি অই যাইয়ার
কোন কথা খারাপ লাগলে দয়া করে মাফ করবেন,কোন কথা খারাপ লাগলে দয়া কইররা মাফ কইরেন,কুনো হতা খারাপ লাগিলে দয়া করি মাফ গরি দিয়োন,কোন কথা খারাপ লাগলে দয়া কইরা মাফ করবেন,কোন কতা খারাপ লাইগলে দয়া করি মাফ কইরবেন,কুনো মাত খারাফ পাইলে দয়া খরি মাফ খরি দিবা 
আমি প্রেম করে বিয়ে করেছি,মুই প্রেম কইররা বিয়া করছি,আই ফিরিত গরি বিয়া কইজ্জি,আমি প্রেম কউরা বিয়া করসি,আই হেরেম করি বিয়া কইরছি,মুই  পেরেম খরি বিয়া করছিলাম
আমি আমার স্বামীকে অনেক ভালোবাসি,মুই মোর জামাইরে বেমালা ভালোবাসি,আর জামাইরে বেশি বালোবাসি,আমি আমার জামাইরে অনেক ভালবাসি,আই আর স্বামীরে অনেক ভালোবাসি, মুই  মোর জামাইরে অনেখ ভালাপাই 
আমার বয়স উনিশ বছর,মোর বয়স উনিশ বছর,আর বয়স উনিশ বছর,আমার বয়স উনিশ বছর,আর বয়স উনিশ বছর,মোর বয়স উন্নিশ বত্‌শর 
একজন মানুষ কি এমনি এমনি খারাপ হয় বলেন,এউক্কা মানু কি এমনে এমনে খারাপ হয় কন?,এইজ্ঞ মানুষ কি এনে এনে খারাপ হো,একজন মানুষ কি এমনি এমনি খারাপ হয় কন,ওকগা মানুষ কি হুদাই খারাপ অয় কন,এখজন মানুষ কিতা এমনে এমনে খারাফ অইন নি খইন
এমন কিছু করবো যাতে তার কাছে আমাকে না যেতে হয়,এরহম কিছু করমু যাতে হ্যার ধারে মোরে না যাইতে হয়,এরিম্মা কিছু কইজ্জুম যে ইতার হাছে আরে নো যাওয়া লাগে,এমন কিসু করবাম যাতে হের কাসে আমার না যাইতে হয়,এরুম কিছু কইরগুম যাতে হেতার কাছে আরে না যাইতে অয়,অলান কিচ্ছু খরমু যাতে তার ধারে মোর যাওয়া না লাগে 
আমি কার কাছে চাইবো?,মুই ক্যার ধারে চামু?,আই হা্র কাছে চাইয়ুম,আমি কার কাসে চায়াম?,আই কার কাছে চাইয়ুম?,মুই  কার ধারে চাইতাম? 
আপনি থানায় গিয়ে একটা মামলা করেন,আমনে থানায় যাইয়া এউক্কা মামলা করেন,ওনে থানাত গিয়িরে এইজ্ঞো মামলা কইজ্জোন,আফনে থানায় গিয়া একটা মামলা করেন,আন্নে থানায় যাই ওকগা মামলা করেন,আফনে থানাত গিয়া এখটা মামলা খরইন
পুলিশকে সবকিছু প্রথম থেকে শেষ পর্যন্ত খুলে বলেন আপনার সাথে যা যা হয়েছে,পুলিশরে হগলকিছু পরথোম গোনে শ্যাষ পর্যন্ত খুইললা কন আমনের লগে যেইয়া যেইয়া হইছে,ফুলিশেরো বেয়াক্কুন খুলিয়েরে হন অনের ফোয়ারিত যাযা অইয়ে,পুলিশরে বেগকিসু প্রথম থাইক্কা শেষ পর্যন্ত খুইল্লা কন আফনের সাথে যা যা হইসে,হুলিশরে বেগগিন হথম তুন শেষ হইর্যন্ত খুলি কন আন্নের লগে কি কি অইছে,পুলিশরে হখলতা পয়লা থাকি হেষ পর্যন্ত খুলিয়া খইন আফনার লগে যা যা অইছে 
পুলিশকে এটাও বলেন যে আমি যদি আমার সমস্যার কোন সমাধান পাইনি,পুলিশরে এইডাও কন যে মুই যদি মোর সমেস্যার কোন সমাধান পাইনাই,ফুলিশেরো ইয়ানো হন আই যদি হোন সমইস্যার সমাধান নো ফাই,পুলিশরে এটাও কইয়েন যে আমি যদি আমার সমস্যার কোন সমাধান পাইনাই,হুলিশরে এডাও কন যে আই যদি আর সমস্যার কোন সমাধান না হাই, পুলিশরে অটাও খইন যে মুই যদি মোর সমস্যার কুনো সমাধান পাই না তে
আমি কিন্তু আত্মহত্যা করতে বাধ্য হব,মুই কোলো আত্মহত্যা করতে বাইধ্য হমু,আই কিন্তু আত্মহত্যা গরিবেল্লাই বাধ্য অইয়ুম,আমি কিন্তু আত্মহত্যা করতে বাধ্য হয়াম,আই কিন্তু আত্মহত্যা কইরতে বাধ্য অইয়ুম,মুই   কিন্তু আত্মহত্যা খরতে বাধ্য অইমু
এতে পুলিশের উপর চাপ আসবে,এইতে পুলিশের উপরে চাপ আইবে,ইয়ানত ফুলুশর উওরত চাপ আইবোদে,এতে পুলিশের উরের চাপ আইব,এডাতে হুলিশের উপর চাপ আইবো,তউ পুলিশর উফরে চাপ আইবো
আপনার মা এবং স্বামী দুজনেই সতর্ক হবে আপনার প্রতি,আমনের মায় আর আমনের জামাই দুইজনি সতর্ক হইবে আমনের জইন্য,অনের মা আর জামাই সতর্ক অইবো অনর ফ্রতি,আফনের মা এবং জামাই দুইজনেই সতর্ক হইব আফনের প্রতি,আন্নের মা আর স্বামী দুনোগাই সতর্ক অইবো আন্নের হতি, আফনার আম্মা আর জামাই দুইজনেউ সতর্ক অইবা আফনার প্রতি
আপনি যদি পুলিশকে সবটা খুলে বলেন তাহলেই দেখবেন সমস্যার সমাধান হয়ে গেছে,আমনে যদি পুলিশরে পুরাডা খুইললা কয়ন হেইলেই দ্যাখবেন সমেস্যার সমাধান হইয়া গ্যাছে,অনে যদি ফুলুশেরে বেয়াক্কুন খোওয়াইয়েরে হন তাইলে দেখিবান সমইস্যা সমধান অই গিয়ি,আফনে যদি পুলিশরে বেগটা খুইল্লা কন তাইলেই দেখবেন সমস্যার সমাধান হয়া গেসে,আন্নে যদি হুলিশরে বেগগিন খুলি কন তাইলেই চাইবেন সমস্যার সমাধান অই গেছে,আফনে যদি পুলিশরে হখলতা খুলিয়া খইন তে দেখবা সমস্যার সমাধান অই গেছে
আপনি একটা সাহায্য পাচ্ছেন পুলিশের কাছ থেকে,আমনে এউক্কা সাহাইয্য পাইতেয়াছেন পুলিশের ধারে গোনে,অনে এক্কান সাহাইয্য ফাইতে লাইজ্ঞন গুলুশর হাসত্তুন,আফনে একটা সাহায্য পাইতসেন পুলিশের কাস থাইক্কা,আন্নে ওকগা সাহায্য হাইতেছেন হুলিশের কাছ তুন, আফনে এখটা সাহায্য পাইড়া পুলিশর ধার থাকি
আমি বলব আপনি বিবাহবিচ্ছেদ পথ বেছে নেন,মুই কমু আমনে বিয়া ভাঙ্গার রাস্তা বাইচছা লন,আই হইয়ুম অনে তালাকর ফত বাসি লইয়ন,আমি কমু আফনে বিবাহবিচ্ছেদ পথ বাইচ্ছা নেন,আই কইয়ুম আন্নে তালাকের হথ বাছি লন,মুই খইমু আফনে তালাকর পথ বাছিয়া লইন 
নিজের মতন করে বাঁচুন,নিজের নাহান কইররা বাচেন,নিজের ডইল্লে গরিয়েরে বাসন,নিজের মতন কইরা বাঁচেন,নিজের মতন করি বাঁচেন,নিজর মতো খরি বাচইন 
দুই বেলা ডাল ভাত খেয়ে নিজের মত একা থাকা অনেক ভালো,দুজ্ঞা ব্যালা ডাইল ভাত খাইয়া নিজের নাহান একলা থাহা ম্যালা ভালো,বুই বেলাত দাইল ভাত হাইয়েরে নিজের ডইল্লে তন বহুত ভালা,দুই বেলা ডাল ভাত খায়া নিজের মত একলা থাহা মেলা ভালা,দুই বেলা ডাল ভাত খাই নিজের মত একা থান অনেক ভালা,দুইবেলা ডাইল ভাত খাইয়া নিজর মত এখলা থাকা অনেখ ভালা 
যাই হোক মায়ের কাছে অনেক কিছু পাওয়ার থাকলেও আপনি তেমন কিছু পান নাই,যাই হোক মায়ের ধারে ম্যালা কিছু পাওনের থাকলেও আমনে তেমন কিছু পান নাই,যাই অক মায়ের হাসে বহুত কিছু ফোনের তাকিলেও তেমন কিছু নো ফান,যাই হোক মায়ের কাসে মেলা কিসু পাওনের থাকলেও আফনে তেমন কিসু পান নাই,যেডাই অক মার কাছে অনেক কিছু হাওনের থাইকলেও আন্নে হেরুম কিছু হান ন,যাই অউক মার থাকি বাক্কা কিছু পাওয়ার থাখলেও আফনে তেমন কিচ্ছু পাইছইন না
অন্যদিকে আপনার স্বামীও লোক হিসেবে ভাল না,অন্যদিক আমনের জামাইও মানু হিসাবে ভাল না,অন্যসাইডদ্দি অনের জামাই ও ভালা নো,অন্যদিকে আফনের জামাইও লোক হিসাবে ভালা না,অন্যদিকে আন্নের স্বামীও লোক হিসাবে ভালা ন,আরোখবায় আফনার জামাইও মানুষ হিসাবে ভালা নায়
আপনার দুই দিকেই জ্বালা হইছে,আমনের দুই দিকই জ্বালা হইছে,অনের দুই মিক্কেই জালা আসেদে,আফনের দুই দিকেই জ্বালা হইসে,আন্নের দুই দিকেই জ্বালা অইছে,আফনায় দুইবায় অউ জ্বালা অইছে 
কিছু কিছু বিষয়ের কোন সমাধান থাকে না,কিছু কিছু বিষয়ে কোন সমাধান থাহে না,কিছু কিছু বিষয়ত হোন সমাধান নো তাহে,কিসু কিসু বিষয়ের কোন সমাধান থাহে না,কিছু কিছু বিষয়ের কোন সমাধান থায় না,কিছুু কিছু বিষয়র কুনো সমাধান থাকে না
অবশ্যই আপনি নিয়মিত নামাজ পড়ে আল্লাহর কাছে শান্তি প্রার্থনা করতে পারেন,অবশ্যই আমনে পেরতেকদিন নামাজ পইররা আল্লাহর ধারে শান্তি দোয়া করতে পারেন,আবশ্যই আল্লার হাসে নমাজ ফরিয়েরে দোয়া গরিবান শান্তির লাই,অবশ্যই আফনে নিয়মিত নামাজ পইড়া আল্লাহর কাসে শান্তি প্রার্থনা করতে পারেন,অবশ্যই আন্নে নিয়মিত নামাজ হড়ি আল্লার কাছে শান্তি চাই দোয়া কইরতে হারেন,অবশ্যই আফনে নিয়মিত নামাজ পড়িয়া আল্লার টাইন শান্তি প্রার্থনা খরতা পারইন
নিজেকে যোগ্য করে গড়ে তুলতে পারেন,নিজেরে যোগ্য কইররা গইড়রা তোলতে পারেন,নিজেরে যোগ্য গরিয়েরে তুলিত্তারিবান,নিজেরে যোগ্য কইরা গইড়া তুলতে পারেন,নিজেরে যোগ্য করি গড়ি তুইলতে হারেন, নিজোরে যোগ্য খরি তুলতা পারইন
নিজেই নিজের জীবন পরিচালনা করতে পারেন,নিজেই নিজের জীবন চালাইতে পারেন,নিজে নিজর জীবন ফরিচালনা গরিত্তারিবান,নিজেই নিজের জীবন পরিচালনা করতে পারেন,নিজেই নিজের জীবন হরিচালনা কইরতে হারেন, নিজেউ নিজর জীবন পরিচালনা খরতা পারইন
আপনার জন্য শুভকামনা রইল,আমনের লইজ্ঞা শুভকামনা রইল,অনর লাই শুভকামনা,আপনার লাইজ্ঞা শুভকামনা রইল,আন্নের লাই শুভকামনা রইলো,আফনার  লাগি শুভ কামনা রইলো
আপনি নিজে কিছু করার চেষ্টা করেন যেন পরিবারের সাহায্য হয়,আমনে নিজে কিছু করার চেষ্টা করেন যেন পরিবারের সাহাইয্য হয়,অনে নিজে কিছু গরিবার চেস্টা গরিবান যেন ফরিবারর সাহাইয্য  অয়,আফনে নিজে কিসু করনের চেষ্টা করেন যেন পরিবারের সাহায্য হয়,আন্নে নিজে কিছু করার চেষ্টা করেন যেন হরিবারের সাহায্য হয়,আফনে নিজে কিচ্ছু করার চেষ্টা খরইন যাতে পরিবারর হায় অয়
সবাই একসাথে খারাপ হয় না,হগলডি একলগে খারাপ হয় না,বেয়াক্কুন এক ফোয়ারিত হারাফ নো অয়,সবাই একলগে খারাপ হয় না,বেকে একলগে খারাপ অয় না,হখলে এখলগে বাদ অইন  না
"ওরা আপনাকে কিভাবে চায়, ওদের মতো হবার চেষ্টা করুন","অরা আমনেরে ক্যামনে চায়, অগো মতো হওনের চেষ্টা করবেন","ওরা অনেরে কেনে চায়, ইতারার ডইল্লে অইবের চেস্টা গরন","ওরা আফনেরে কেমনে চায়, ওরার মতো হওনের চেষ্টা করেন","হেতারা আন্নেরে কেমনে চায়, হেতাগো মতন অনের চেষ্টা করেন",তারা আফনারে কিলা চাইন তারার লাখান অওয়ার চেষ্টা খরইন
আশা করছি সব কিছু সমাধান হবে,আশা করতেয়াছি হগল কিছু সমাধান হইবে,আশা গরির বেয়াক্কিছু সমাধান অই যাইবোদে,আশা করতাসি সব কিসুর সমাধান হইব,আশা করছি সব কিছু সমাধান হবে,আশা কররাম হখলতা সমাধান অইবো
আমার বিয়ে হয়েছে ৯ বছর,মোর বিয়া হইছে নয় বছর,আর বিয়া অইয়েদে ৯ বছর,আমার বিয়া হইসে ৯ বছর,আমার বিয়ে হয়েছে ৯ বছর,মোর বিয়া অইছে ৯ বত্‌শর 
প্রেম করে বিয়ে কিন্তু পারিবারিক ভাবেই হয়েছে,প্রেম কইররা বিয়া তয় পারিবারিক ভাবেই হইছে,ফ্রেম হরিয়েরে বিয়া কিন্তু ফারাবারিক ভাবে অইয়ে,প্রেম কইরা বিয়া কিন্তু পারিবারিক ভাবেই হইসে,প্রেম করে বিয়ে কিন্তু পারিবারিক ভাবেই হয়েছে,পেরেম খরি বিয়া কিন্তু পারিবারিক ভাবেউ অইছিল
প্রথম থেকেই আমার শাশুড়ি আমাকে অনেক ভালবাসে,পরথোম গোনেই মোর হাউরি মোরে বেমালা ভালোবাসে,ফ্রতমেত্তু আর অউরি আরে ভালোবাসে,প্রথম থাইক্কাই আমার শাশুড়ি আমারে অনেক ভালবাসে,প্রথম থেকেই আমার শাশুড়ি আমাকে অনেক ভালবাসে,পয়লা থাকি অউ মোর হড়ি মোরে খুব ভালাপাইন
ওনারা আমার স্বামীকে অশিক্ষিত মেয়ের সাথে বিয়ে দিতে চেয়েছিল,হ্যারা মোর জামাইরে অশিক্ষিত মাইয়ার লগে বিয়া দেতে চাইল্লেহ,ইতারা আর জামাইর ফোয়ারি এক্কান অশিক্ষিত মাইয়াফোয়ার বিয়া দিত চাইল,ওনারা আমার জামাইরে অশিক্ষিত মাইয়ার লগে বিয়া দিতে চাইসিল,ওনারা আমার স্বামীকে অশিক্ষিত মেয়ের সাথে বিয়ে দিতে চেয়েছিল,তারা মোর জামাইরে অশিক্ষিত ফুড়ির লগে বিয়া দিতা চাইছলা
তাদের ঘরের কাজের মানুষ হিসেবে রাখতে চেয়েছিল,হ্যাগো ঘরের কামের মানু হিসাবে রাখতে চাইল্লেহ,তারার গরর হামর লোক রাহিবেল্লাই চাইলো,তারার ঘরের কামের মানুষ হিসাবে রাখতে চাইসিল,তাদের ঘরের কাজের মানুষ হিসেবে রাখতে চেয়েছিল,তারার ঘরর কামর মানুষ হিসাবে রাখতা চাইছলা
আমার স্বামী নিজ পছন্দে আমাকে বিয়ে করেছে,মোর জামাই নিজের পছন্দে মোরে বিয়া করছে,আর জামাই আরে ফসন্দ গরিয়েরে বিয়া গইজ্জে,আমার জামাই নিজ পসন্দে আমারে বিয়া করসে,আমার স্বামী নিজ পছন্দে আমাকে বিয়ে করেছে,মোর জামাই নিজর পছন্দে মোরে বিয়া করছিলা
গত ৯ বছরে একটানা ৯ দিনের জন্যও তারা আমার সাথে কথা বলেনি,গ্যাছে ৯ বছর একটানা ৯ দিনের লইজ্ঞাও হ্যারা মোর লগে কথা কয় নাই,গত ৯ কান বছর তারা আফোয়ারিত আইজো টানা ৯ দিন হতা নো হয়,গত ৯ বছরে একটানা ৯ দিনের লাইজ্ঞাও হেরা আমার লগে কথা কয়নাই,গত ৯ বছরে একটানা ৯ দিনের জন্যও তারা আমার সাথে কথা বলেনি,গত ৯ বছ্‌রে এখটানা ৯ দিনর লাগিও তারা মোর লগে মাতছইন না
কোনো আত্মীয় আমার বাসায় এলে তাদের সাথেও সম্পর্ক নষ্ট করতো,কোনো মেহমান মোর বাড়ি আইলে হ্যাগো লগেও সম্পর্ক নষ্ট করতে,হোন আত্মীয়-স্বজন আর বাসাত আইলে তারার ফোয়ারির সম্পর্ক হারাফ গইত্ত,কোনো আত্মীয় আমার বাসায় আইলে তারার লগেও সম্পর্ক নষ্ট করতো,কোনো আত্মীয় আমার বাসায় এলে তাদের সাথেও সম্পর্ক নষ্ট করতো, কুনো কুটুম মোর বাসাত আইলেও তারার লগে খাতির নষ্ট খরতা
আমরা পারিবারিক কারনে ১ বছরের জন্য এখন নিজ বাড়ি থেকে অন্য জায়গায় ছিলাম,মোরা পারিবারিক কারনে ১ বছরের লইজ্ঞা এহন নিজেগো বাড়ি গোনে অন্যহানে আল্লাহম,আরা ফারিবারিকরহারনে ১ বছরর লাই এহন নিজ বাড়িত্তুন আন্য জায়গাত আসি,আমরা পারিবারিক কারনে ১ বছরের লাইজ্ঞা এহন নিজ বাড়ি থাইক্কা অন্য জায়গায় আসিলাম,আমরা হারিবারিক কারনে বছর ওকগার লাই অন নিজ বাড়ি ছাড়ি অন্য জাগাত আছিলাম,আমরা পারিবারিক কারনে ১ বত্‌শরর লাগি এখন নিজর বাড়ি থাকি অইন্য জাগাত আছলাম
নিজ বাড়িতে এসে শুনি পুরো এলাকাতে আমাদের নামে খারাপ কথা বলেছে,নিজেগো বাড়িতে আইয়া হুইয়া পুরা এলাকায় মোগো নামে খারাপ কথা কইছে,নিজর বারিত আইয়েরে ফুনি ফুরো এলাহাত আরার নামে হারাফ হতা হর,নিজ বাড়িত আয়া হুনি পুরা এলাকাত আমরার নামে খারাপ কথা কইসে,নিজ বাড়িত আই হুনি হুরা এলাকাত আঙ্গো নামে খারাপ কথা কইছে, নিজর বাড়িত আইয়া হুনি পুরা এলাকাত আমরার নামে খারাফ খতা কইছে 
আমার বিরুদ্ধে বুঝিয়েছে যে আমি আমার স্বামীর কে তাবিজ করে নিজ বাড়ি থেকে সরিয়ে ফেলেছি,মোর বিরুদ্ধে বুজাইছে যে মুই মোর জামাইরে তাবিজ কইররা নিজেগো বাড়ি গোনে সরাইয়া হালাইছি,আরার বিরুদ্ধে বুঝাইয়ে আর জামাইরে তাবিজ গইজ্জে দে নিজ বাড়িত্তুন সরাই ফেলাই,আমার বিরুদ্ধে বুঝাইসে যে আমি আমার জামাইরে তাবিজ কইরা নিজ বাড়ি থাইক্কা সরায়া ফালাইসি,আর বিরুদ্ধে বুঝাইছে যে আই আর স্বামী রে তাবিজ করি নিজ বাড়ির তুন হরা হালাইছে,মোর বিরুদ্ধে বুঝাইছে যে মুই মোর জামাইরে তাবিজ খরিয়া নিজর বাড়ি থাকি সরাই লাইছি
সমস্ত সম্পত্তি বিক্রি করিয়ে স্বামীকে ছেড়ে চলে যাবো,হগল সম্পত্তি বেইচ্চা জামাইরে হালাইয়া চইললা যামু,বেয়াক্কুন সম্পত্তি বেসিয়েরে জামাইরে সারি জাইয়ুম দে।,সমস্ত সম্পত্তি বিক্রি করায়া জামাইরে ছাইড়া চইল্লা যায়াম,সম্পত্তি বেগগিন বেচি দি স্বামীরে ছাড়ি চলি যাইয়ুম,সারা সম্পত্তি বেচাইয়া জামাইরে ছাড়িয়া যাইমুগি 
তোমার বৌ নাকি তোমাকে সম্পত্তি বিক্রি করিয়ে ফেলতেছে,তোমার বউ বোলে তোমারে সম্পত্তি বেইচ্চা হালাইতেয়াছে,তোওয়ার বউ নাকি তোওয়ার সম্পদ বেসি ফেলাইয়ে,তোমার বউ নাকি তোমারে সম্পত্তি বিক্রি করায়া ফালাইতাসে,তোয়ার বৌ বেলে তোয়ার সম্পত্তি বেচি হালাইতেছে,তুমার বউ বুলে তুমার সম্পত্তি বেচাইলার 
আমার স্বামী সবাইকে বুঝিয়ে বুঝিয়ে ক্লান্ত যে আমি এরকম কিছু করছি না,মোর জামাই হগলডিরে বুজাইয়া বুজাইয়া কেলান্ত যে মুই এরহম কিছু করতেয়াছি না,আর জামাই বেয়াক্কুনর বুঝাই বুঝাই যে আই এইল্লে কিছু নো গরির,আমার জামাই সবাইরে বুঝায়া বঝায়া ক্লান্ত যে আমি এরকম কিসু করতাসি না,আর স্বামী বেকেরে বুঝাই বুঝাই ক্লান্ত যে আই ইরুম কিছু কইরতেছি না,মোর জামাই হখলরে বুঝাই বুঝাই ক্লান্ত যে মুই ইলান কিচ্ছু খরিয়ার না
মান সন্মানের ভয়ে কেউ কিছু বলে না,মান সম্মানের ডরে কেউ কিছু কয় না,মান-সম্মানের ভাই  হনিক্কে কিছু নো হর,মান সন্মানের ভয়ে কেউ কিসু কয় না,মান সন্মানের ডরে কেউ কিছু কয় না,মান সম্মানর ডরে খেউ কুনতা খইন না
আমাদের ৩ বছরের প্রেম,মোগো ৩ বছরের প্রেম,আরার ৩ বছরর ফ্রেম,আমরার ৩ বছরের প্রেম,আঙ্গো ৩ বছরের হেরেম,আমরার ৩ বত্‌শরের পেরেম
ছেলেটি বাবা চাচার ভয়ে বাড়িতে কিছু বলতে পারে নাহ,পোলাডা বাপ চাচার ডরে বাড়িতে কিছু কইতে পারে না,ফওয়া ইবা বাপ চাচার ডরত কিছু নো হর,ছেড়াডার বাপ চাচার ভয়ে বাড়িত কিসু কইতে পারে নাহ,হোলাগা বাপ চাচার ডরে বাড়িত কিছু কইতে হারে না,ফুয়াটায় বাফ চাচার ডরে বাড়িত কিচ্চু কইতো ফারে না
আমার কাছে আরও সময় চাইতো,মোর ধারে আরও সময় চাইতে,আর হাসদ্দি আরো সময় চাইতো,আমার কাসে আরও সময় চাইতো,আর কাছে আরও সময় চাইতো,মোর টাইন আরো সময় চাইতো
বয়স আমার তখন ১৬ তে পড়লো,বয়স মোর তহন ১৬ তে পড়ছেলে,আর বয়স তহন ১৬ত ফইজ্জে,বয়স আমার তহন ১৬ তে পড়লো,বয়স আর তন হোলোতে হইড়লো,বয়স মোর তখন ১৬ত পড়লো 
তখনকার সময় মেয়েদের জন্যে এটি অনেক বয়স,হেই সময় মাইয়াগো লইজ্ঞা এইডা বেমালা বয়স,এসমত মাইয়াফোয়ার লাই ইন বহুত বয়স,তহনকার সময় মাইয়ারার লাইজ্ঞা এইডা অনেক বয়স,তনকার সময় মাইয়া গো লাই এটা অনেক বয়স,তখনকুর সময় ফুড়িন্তর লাগি ইখটা অনেখ বয়স
বাড়ি থেকে ছেলে দেখা শুরু করলো,বাড়ি গোনে পোলা দ্যাহা শুরু করছে,নারিত্তুন ফোয়া চার,বাড়ি থাইক্কা ছেড়া দেহা শুরু করল,বাড়ির তুন হোলা দেয়া শুরু কইরলো,বাড়ি থাকি ফুয়া দেখা শুরু কর্‌লা
তোর বড় ভাইয়ের সাথে বিয়ে ঠিক হইল,তোর বড় ভাইর লগে বিয়া ঠিক হইছে,তোর ডর ভাইর ফোয়ারিত বিয়া ঠিক অইল,তর বড় ভাইয়ের সাথে বিয়া ঠিক হইল,তোর বড় ভাইয়ের লগে বিয়া ঠিক হইলো,তর বড় ভাইর লগে বিয়া ঠিক অইলো 
আমি এখন তোর ভাইকে বিয়ে করতে চাই না,মুই এহন তোর ভাইরে বিয়া করতে চাই না,আই এহন তোর ডর ভাইর ফোয়ারিত বিয়া গইত্তাম নো চাইর,আমি এহন তর ভাইরে বিয়া করতাম চাই না,আই অন তোর ভাইরে বিয়া কইরতে চাই না,মুই এখন তর ভাইরে বিয়া খরতাম চাই না
আমি আরও এক বছর পরে বিয়ে করতে চাই,মুই আরও এউক্কা বছর পর বিয়া করতে চাই,আই আরো এক্কান বছর ফোর বিয়া গইত্তাম চাই,আমি আরও এক বছর পরে বিয়া করতাম চাই,আই আরও এক বছর হরে বিয়া কইরতে চাই,মুই আরো এখ বত্‌শর বাদে বিয়া খরতাম চাই 
ছেলেটি আমার বাবার সাথে কথা বলে আমাদের বিয়ে ঠিক করেছে,পোলাডা মোর বাফের লগে কথা কইয়া মোগো বিয়া ঠিক করছে,ফওয়া ইবা বাবার লোগে হতা হইয়েরে আর বিয়া ঠিক গরে,ছেড়াডা আমার আব্বার লগে কথা কয়া আমরার বিয়া ঠিক করসে,হোলাগা আর বাপের লগে কতা কই আঙ্গো বিয়া ঠিক কইরছে,ফুয়াটা মোর আব্বার লগে মাতিয়া আমরার বিয়া ঠিক করছে
এরই মাঝে একটি অঘটন ঘটে গেলো,হেইয়ার মইধ্যে এউক্কা অঘটন ঘইটটা গ্যালে,ইয়ার মাঝদ্দি এক্কান দূর ঘটনা গটি গিল,এরই মধ্যে একটা অঘটন ঘইটটা গেল,এডারই মাঝে এককান অঘটন ঘটি গেলো,এর মাঝেউ এখটা অঘটন ঘটি গেলো
সে তাঁর বাবার ভয়ে কোন কথাই বলতে পারলো না,হ্যায় হ্যার বাফের ডরে কোনো কথাই কইতে পারলে না,সে তার বাবার ডরত হতা হইন্নো ফারে,হেয় হের বাপের ভয়ে কোন কথাই কইতে পারলো না,হেতে হেতাঁর বাপের ডরে কোনো কতাই কইতে হাইরলো না,হে তার বাফর ডরে কুনো মাত মাততো ফারলো না 
আমি এখনই বিয়ে করে ফেলতে চাই,মুই এহনই বিয়া কইররা হালাইতে চাই,আই এহনি বিয়া গইত্তাম চাইর,আমি এহনই বিয়া কইরা ফালাইতাম চাই,আই অনই বিয়া করি হেলতাম চাই,মুই এখন অউ বিয়া করিলতাম চাই 
আমার সব শেষ হয়ে যাবে,মোর সব শ্যাষ হইয়া যাইবে,আর বেয়াক শেষ অই গিয়ি,আমার সব শেষ হয়া যাইব,আর বেগগিন শেষ অই যাইবো,মোর হখলতা শেষ অই যাইবো গিয়া
দয়া করে তুমি তোমার পরিবারের পছন্দে বিয়ে করে ফেলো,দইয়া কইররা তুমি তোমার পরিবারের পছন্দে বিয়া কইররা হালাও,দয়া গরি তুই তোওয়ার ফরিবারর ফসন্দ মতন বিয়া গরি ফেলো,দয়া কইরা তুমি তোমার পরিবারের পসন্দে বিয়া কইরা ফেলো,দয়া করি তুমি তোয়ার হরিবারের হছন্দে বিয়া করি হালাও,দয়া খরি তুমি তুমার পরিবারর ফছন্দে বিয়া খরি লাও
এই সাহস আমার নাই,এই বল মোর নাই,এই সাহস কান আর নাই,এই সাহস আমার নাই,এই সাহস আর নাই,অউ সাহস মোর নাই
আমাকে ভালোবাসলে এইটুকু উপকার করো পায়ে পড়ি তোমার,মোরে ভালোবাসলে এউডু উপকার উপকার করো পাও ধরি তোমার,আরে ভালোবাসিলে উফকার ইয়ান গরো তোওয়ার টেংত ফরি,আমারে ভালবাসলে এইটুকু উপকার কর পায়ে পড়ি তোমার,আরে ভালোবাইসলে এদ্দুর উপকার করো হাত হড়ি তোয়ার,মোরে ভালাপাইয়া থাখলে অতোখান উফোকার খরো পায়ো পড়ি তুমার
সব কিছু শুনে বুঝলাম যে এখন আর এখানে থেকে কোন লাভ হবে না,হগল কিছু হুইননা বোঝলাম যে এহন আর এইহানে থাইককা কোন লাভ হইবে না,বেজ্ঞুন উনিয়েরে  টিক বুইজ্জি দে এহন আর এরের তুন লআব ন অইবো,বেগ কিসু হুইন্না বুঝলাম যে এহন আর এইহানে থাইক্কা কোন লাভ হইত না,বেগগিন হুনি বুইঝলাম যে অন আর ইয়ানো থাই কোন লাভ অইতো ন,হখলতা হুনিয়া বুঝলাম যে এখন আর ইকানো থাকিয়া কুনো লাভ অইতো নায়
তোর বড় ভাইকেই বিয়ে করতে হবে এখন,তোর বড় ভাইরেই বিয়া করতে হইবে এহন,তোর ডর ভাইরে বিয়া গরন ফরিব এহন,তর বড় ভাইরেই বিয়া করতে হইব এহন,তোর বড্ডা ভাইরেই বিয়া কইরতে অইবো অন,তর বড় ভাইরেউ বিয়া খরা লাগবো এখন
বাড়ীতে বললাম আমি এই বিয়েতে রাজি,বাড়ি কইলাম মুই এই বিয়ায় রাজি,নাড়িত হইলাম বিয়া ইয়ানত আই রাজি নো,বাড়ীত কইলাম আমি এই বিয়াতে রাজি,বাড়ীত কইলাম আই এই বিয়াত রাজি,বাড়িত কইলাম আমি অউ বিয়াত রাজি
যত তাড়াতাড়ি সম্ভব বিয়ের ব্যবস্থা করো,যত হওয়ালে সম্ভব বিয়ার আয়োজন করো,যত হারাহারি সম্ভব বিয়ার ব্যবস্থা গরো,যত তাড়াতাড়ি সম্ভব বিয়ার ব্যবস্থা কর,যত তাড়াতাড়ি সম্ভব বিয়ার ব্যবস্থা করো,যত জলদি সম্ভব বিয়ার ব্যবস্থা খরো
১৫ দিনের মধ্যেই আমাদের বিয়ে হইলো,পনরো দিনের মইধ্যেই মোগো বিয়া হইলে,১৫ দিনের ভিতরত আর বিয়া অইগিল,১৫ দিনের মধ্যেই আমরার বিয়া হইল,হনরো দিনের মইধ্যে আঙ্গো বিয়া অইলো,পন্ডো দিনর মাঝে আমরার বিয়া অইলো
এই কাহিনী পুরোটা শুনে আমি অবাক,এই কাহিনি পুরাডা হুইননা মুই অবাক,এই কাহিনি ইয়ান ফুনিয়েরে অভাক অইলাম,এই কাহিনী পুরাডা হুইন্না আমি অবাক,এই কাহিনী হুরাটা হুনি আই অবাক,অউ কাহিনী আস্তাটা হুনিয়া মুই তাইজ্জব 
আমি একটা খুব বড় সমস্যায় পড়েছি দয়া করে কেউ হাসাহাসি করবেন না,মুই এউক্কা বড় সমেস্যায় পরছি দয়া কইররা কেউ হাসাহাসি করবেন না,আই এক্কান সমইস্যাত ফরি গেইলামদয়া গরিয়েরে হনিক্কায় আসাআসি নো গইজ্জন,আমি একটা খুব বড় সমস্যায় পড়সি দয়া কইরা কেউ হাসাহাসি করবেন না,আই এককান খুব বড্ডা সমস্যাত হইড়ছি দয়া করি কেউ হাসাহাসি কইরবেন না,মুই এখটা বিরাট সমস্যাত পড়ছি দয়া খরি খেউ হাসাহাসি খরবা না
আমার গার্লফ্রেন্ড এর পরিবারের ডিফেন্স এর জব নাকি পছন্দ না,মোর গার্লফ্রেন্ড এর পরিবারের ডিফেন্স এর জব বোলে পছন্দ না,আর ফ্রেমিকার ফরিবার ডিফেন্সর লোক ফসন্দ নো গরে,আমার গার্লফ্রেন্ড এর পরিবারের ডিফেন্স এর জব নাকি পসন্দ না,আর গার্লফ্রেন্ড এর হরিবারের ডিফেন্স এর জব বোলে হছন্দ ন,মোর গার্লফ্রেন্ডর পরিবারর বুজি ডিফেন্সর জব ফছন্দ না
তবে আমার গার্লফ্রেন্ড আমাকে বলেছে আমি তাকে যেভাবে রাখবো সে সেভাবেই থাকবে,তয় মোর গার্লফ্রেন্ড মোরে কইছে মুই হ্যারে যেমনে রাখমু হ্যায় হেমনেই থাকবে,তবে আর ফ্রেমিকা আরে হইয়ে আই তারে যেনে রাইক্কুন এনেই তাকিবো,তবে আমার গার্লফ্রেন্ড আমারে কইসে আমি তারে যেমনে রাখবাম হেয় অম্নেই থাকব,তবে আর গার্লফ্রেন্ড আরে কইছে আই হেতিরে যেন্নে রাইখখুম হেতি হেন্নেই থাইকবো,তেবো মোর গার্লফ্রেন্ড মোরে খইছে মুই তাইরে যেলা রাখমু তাই হলাউ থাখবো
তাই আমি তাকে লুকিয়ে বিয়ে করতে চাই,হেইতে মুই হ্যারে পলাইয়া বিয়া করতে চাই,তাই আই তারে লুকাইয়েরে বিয়া গইত্তাম চাই,তাই আমি তারে লুকায়া বিয়া করতাম চাই,তাই আই হেতিরে হলাই বিয়া কইরতাম চাই,এর দায় আমি তাইরে লুকাইয়া বিয়া খরতাম চাই
আমার গার্লফ্রেন্ড এর বয়স ১৯ বছর,মোর গার্লফ্রেন্ড এর বয়স ১৯ বছর,আর ফ্রেমিকার বয়স ১৯,আমার গার্লফ্রেন্ড এর বয়স ১৯ বছর,আর গার্লফ্রেন্ড এর বয়স ১৯ বছর,মোর গাার্লফ্রেন্ডর বয়স উন্নিশ বৎসর
আমি চাচ্ছি ট্রেনিং থেকে ফিরেই তাকে বিয়ে করতে,মুই চাইতেয়াছি টেরনিং দিয়া আইয়াই হ্যারে বিয়া করতে,আই যাইর ট্রেনিং অত আইয়েরে বিয়া গইজ্জুম।,আমি চাইতাসি ট্রেনিং থাইক্কা ফিরাই তারে বিয়া করতে,আই চাইতেছি ট্রেনিং তুন হিরি আই হেতিরে বিয়া কইরতে,মুই  চাইরাম ট্রেনিং থাকি ফিরিয়াউ তাইরে বিয়া খরিলতাম
যদি লুকিয়ে বিয়ে করি পরবর্তীতে কি তার ফ্যামিলি কোনো সমস্যা করতে পারবে?,যদি পলাইয়া বিয়া করি পরে কি হ্যার ফেমিলি কোনো সমেস্যা করতে পারবে?,যদি লুকাইয়েরে বিয়া গরি তারফরে তার ফ্যামিলি কি হোন সমইস্যা গরিবো না?,যদি লুকায়া বিয়া করি পরে কি হের ফ্যামিলি কোন সমস্যা করতে পারব?,যদি হলাই বিয়া করি হরে কি হেতির ফ্যামিলি কোনো সমইস্যা কইরতে হাইরবো?,যদি লুকাইয়া বিয়া খরি তে বাদেদি তাইর ফ্যামিলি কুনো সমস্যা খরতো পারবো নি?
আমাদের ফ্যামিলি থেকে ওদের ফ্যামিলি অনেক বড়লোক,মোগো ফেমিলি গোনে অগো ফেমিলি ম্যালা বড়লোক,আরার ফরিবারেত্তুন তার ফরিবার বহুত ডর,আমাদের ফ্যামিলি থাইক্কা ওরার ফ্যামিলি অনেক বড়লোক,আঙ্গো ফ্যামিলির তুন হেতিগো ফ্যামিলি অনেক বড়লোক,আমরার ফ্যামিলি থাকি তারার ফ্যামিলি বাক্কা ধনী
আমি গ্রামের ছেলে ঢাকাতে একটা প্রাইভেট বিশ্ববিদ্যালয়ে পড়াশোনা করি,মুই গেরামের পোলা ঢাহায় এউক্কা পেরাইভেট বিশ্ববিদ্যালয়ে পড়ালেহা করি,আই ঢাহা তাহি এক্কা ফ্রাইবেট বিশ্ববিদ্যালয়ত ফন্না ফরি,আমি গ্রামের পোলা ঢাকাত একটা প্রাইভেট বিশ্ববিদ্যালয়ে পড়াশুনা করি,আই গেরামের হোলা ঢাকাত ওকগা হাইভেট বিশ্ববিদ্যালয়ে হড়াশোনা করি,মুই গাউর ফুয়া ঢাকাত এখটা প্রাইভেট বিশ্ববিদ্যালয়ো পড়িয়ার
তার সাথে পরিচয় তাকে প্রাইভেট পড়াতে গিয়ে,হ্যার লগে পরিচয় হ্যারে পেরাইভেট পড়াইতে যাইয়া,তার ফোয়ারির ফরিচয় তারে ফরাইতে গেইল।,হের লগে পরিচয় তারে প্রাইভেট পড়াইতে গিয়া,হেতির লগে হরিচয় হেতিরে হাইভেট হড়াইতে যাই,তাইর লগে পরিচয় তাইরে প্রাইভেট পড়ানিত গিয়া
দয়া করে পরামর্শ দিন বিয়ের পরে কি তার পরিবার কোনো সমস্যা করতে পারবে?,দয়া কইররা পরামর্শ দ্যান বিয়ার পর কি হ্যার পরিবার কোনো সমেস্যা করতে পারবে?,দয়া গরিয়েরে ফরামর্শ দোন বিয়ার ফরদ্দি কি তার ফরিবার হোন সমইস্যা গরিত্তারে না?,দয়া কইরা পরামর্শ দেন বিয়ার পরে কি তার পরিবার কোনো সমস্যা করতে পারব?,দয়া করি হরামর্শ দেন বিয়ার হরে কি হেতির হরিবার কোনো সমস্যা কইরতে হাইরবো?,দয়া খরি পরামর্শ দেইন বিয়ার বাদে কিতা তাইর পরিবার কুনো সমস্যা খরতো পারবো নি? 
আমি আর আমার বয়ফ্রেন্ড একি স্কুলে পড়তাম,মুই আর মোর বয়ফ্রেন্ড এক ইস্কুলে পড়তাম,আই আর ফ্রেমিত একই স্কুলত ফইত্তাম,আমি আর আমার বয়ফ্রেন্ড একি ইস্কুলে পড়তাম,আই আর আর বয়ফ্রেন্ড একি স্কুলে হইড়তাম,মুই আর মোর বয়ফ্রেন্ড এক অউ ইস্কুলো ফরতাম
ক্লাস নাইনে আমাদের প্রথম কথা হয় ফেসবুকে,কেলাস নাইনে মোগো পোরথোম কথা হয় ফেসবুকে,ক্লাস নাইনত আরার ফ্রথম হতা অয় আরার ফেসবুকত,ক্লাস নাইনে আমরার প্রথম কথা হয় ফেসবুকে,ক্লাস নাইনে আঙ্গো হথম কতা অয় ফেসবুকে,ক্লাস নাইনো আমরার পয়লা মাত অয় ফেসবুকো
এরপর থেকে ক্লাস টেনে রিলেশনে যাই,হেইয়ারপ গোনে কেলাস টেনে রিলেশনে যাই,এয়ার ফরত ক্লাস টেনত রিলেশনত গেইলাম,এরপর থাইক্কা ক্লাস টেনে রিলেশনে যাই,এরহর তুন ক্লাস টেনে রিলেশনে যাই,এরবাদে থাকি ক্লাস টেনে রিলেশনো যাই
আমার বন্ধুত্ব ছাড়া অন্য কিছুর ইচ্ছা ছিল না,মোর বন্ধুত্ব থুইয়া অন্য কিছুর ইচ্ছা আল্লেহ না,আর বন্ধুত্ব ছাড়া অন্য কিছুর ইচ্ছা নো আসিল,আমার বন্ধুত্ব ছাড়া অন্য কিসুর ইচ্ছা আসিল না,আর বন্ধুত্ব ছাড়া অন্য কিছুর ইচ্ছা আছিলো না,মোর বন্ধুত্ব ছাড়া আর কিচ্ছুর ইচ্ছা আছিল না
কিন্তু ছেলেটা অনেক ভালো মানুষ কোনো নেশা নাই,তয় পোলাডা বেমালা ভালো মানু কোনো নেশা নাই,কিন্তু ফোয়া ইবা বহুত ভালা হনো নেশা নো আসিল,কিন্তু ছেলেটা অনেক ভালা মানুষ কোনো নেশা নাই,কিন্তু হোলাগা অনেক ভালা মানুষ কোনো নেশা নাই,কিন্তু ফুয়াটা বহুত ভালা মানুষ কুনো নেশা নাই
আমি সবকিছু বুঝে প্রেম করতে গেলাম,মুই হগল ব্যাপার বুইজঝা প্রেম করতে গেল্লাম,আই বেয়াক্কিছু বুঝিয়েরে ফ্রেমত গেইলাম,আমি সবকিছু বুঝে প্রেম করতে গেলাম,আই বেগগিন বুঝি হেরেম কইরতে গেলাম,মুই হখলতা বুজিয়া পেরেম খরাত গেলাম
প্রথমদিকে অত ভালোবাসতাম না,পোরথোমদিক অত ভালোবাস্তাম না,ফ্রথম দিকত এইল্লে ভালোনোবাসিতাম,প্রথমদিকে অত ভালবাসতাম না,হথমদিকে অত ভালোবাইসতাম না,পয়লা দিকে অতো ভালাপাইতাম না
আমাদের ম্যাক্সিমাম কথা হয়েছে অনলাইনে,মোগো মেক্সিমাম কথা হইছে অনলাইনে,আরার ম্যাক্সিমাম হতা অইয়ে অনলাইনত,আমরার ম্যাক্সিমাম কথা হইসে অনলাইনে,আঙ্গো ম্যাক্সিমাম কতা অইছে অনলাইনে,আমরার ম্যাক্সিমাম মাত অইছে অনলাইনো
ততদিনে আমি অনেক ভালোবেসে ফেলেছি ওকে,অতদিনে মুই ম্যালা ভালোবাইসসা হালাইছি অরে,ততদিনত আই তারে বহুত ভালোবাসি ফেলাইয়ে,ততদিনে আমি অনেক ভালোবাইসা ফালাইসি ওরে,ততদিনে আই অনেক ভালোবাসি হালাইছি ওরে,ততদিনে মুই বাক্কা ভালাপাইলাইছি তারে
ওর আর আমার স্কুল ফ্রেন্ডরা সব জানত,অর আর মোর ইস্কুল ফ্রেন্ডরা ব্যাবাক জানতে,তার আর আর স্কুলত ফ্রেন্ড তারা জানিত,ওর আর আমার ইস্কুল ফ্রেন্ডরা সব জানত,ওর আর আর স্কুল ফ্রেন্ডরা বেগগিন জাইনতো,তার আর মোর ইস্কুল ফ্রেন্ডরা সবে জানতা
তারা আমাকে পছন্দ করত চাইত আমাদের সম্পর্ক আবার জোড়া লাগুক,হ্যারা মোরে পছন্দ করতে চাইতে মোগো সম্পর্ক ফিররা জোরা লাগুক,তারা আরে ফসন্দ গইত্ত চাইত আরার সনফরক আবার জোড়া লাগিবেল্লাই,তারা আমারে পসন্দ করত চাইত আমাদের সম্পর্ক আবার জোড়া লাগুক,হেতিরা আরে হছন্দ কইরতো চাইতো আঙ্গো সম্পর্ক আবার জোড়া লাগুক,তারা আমরারে ফছন্দ করতা চাইতা আমরার সম্পর্ক আবার জোড়া লাগউক
এভাবে গেঞ্জাম হয় আবার মিল এরকম করতে করতে ৫ বছর হয়েছে এখন,এমনে ক্যাচাল হয় ফিররা মিল এইরহম করতে করতে ৫ বছর হইছে এহন,এইল্লে গরিয়েরে গেঞ্জাম অয় আবার মিল অয় এইল্লে গইত্তে গইত্তে ৫ বছর ফার অই গিয়ে,এমনে গেঞ্জাম হয় আবার মিল এরকম করতে করতে ৫ বছর হইসে এহন,এন্নে গেঞ্জাম হয় আবার মিল এরুম কইরতে কইরতে হাছ বছর অইছে অন, অলান গেঞ্জাম লাগে আবার মিল অয় অলা খরি খরি ৫ বৎসর অই গেছে এখন
আমার অসুস্থতার কারণে আমার ১ বছর গ্যাপ গিয়েছে,মোর অসুস্থতার লইজ্ঞা মোর ১ বছর গ্যাপ গ্যাছে,আর অসুস্ততার লাই আর ১ বছর  গ্যাপ অই গেইল,আমার অসুস্থতার কারণে আমার ১ বছর গ্যাপ গেসে,আর অসুস্থতার কারণে আই ওকগা বছর গ্যাপ গেছে,মোর বেমারর লাগি মোর ১ বৎসর গ্যাপ গেছে
আমি এখন সুস্থ অনেক,মুই এহন সুস্থ ম্যালা,আই এহন বহুত অসুস্থ,আমি এহন সুস্থ অনেক,আই অন সুস্থ অনেক,মুই এখন বাক্কা সুস্থ
আমি কিভাবে এখন ওকে ভুলে যাই?,মুই ক্যামনে এহন অরে ভুইললা যাই?,আই কেনে এহন তারে ভুলি যাই?,আমি কেমনে এহন ওরে ভুলে যাই?,আই কেন্নে অন হিগারে ভুলি যাই?,মুই কিলান এখন তারে ভুলতাম? 
আমার বয়স ২৫ হলেও আমি ৫ বছর কন্সিডার করতাম,মোর বয়স ২৫ হইলেও মুই ৫ বছর কন্সিডার করতাম,আর বয়স ২৫ অইলেও আই ৫ বছর হন্সিডার গইত্তাম,আমার বয়স ২৫ হইলেও আমি ৫ বছর কন্সিডার করতাম,আর বয়স হছিশ অইলেও আই হাছ বছর কন্সিডার কইরতাম,মোর বয়স ২৫ অইলেও মুই ৫ বৎসর কন্সিডার খরতাম 
আমিও তাকে ছাড়া কিছু ভাবি নাই ৫ বছরে,মুই হ্যারে থুইয়া কিছু ভাবি নাই ৫ বছরে,আই তারে ছাড়া হোন ভাবেই নাই ৫ বছরত,আমিও তারে ছাড়া কিসু ভাবি নাই ৫ বছরে,আইও হিগারে ছাড়া কিছু ভাবি ন হাছ বছরে,মুইও তারে ছাড়া কুনতা ভাবছি না ৫ বৎসরে
মজা করে অন্য ছেলের কথা বলে তাকে চেতাইছি অনেক,মজা কইররা অন্য পোলার কথা কইয়া হ্যারে চেতাইছি বেমালা,মজা গরিয়েরে তারে অন্য ফোয়ার হতা হইয়েরে চেতাইয়ি বহুত,মজা কইরা অন্য ছেড়ার কথা বইল্লা তারে চেতাইসি অনেক,মজা করি অন্য হোলাগো কতা কই হিগারে চেতাইছি অনেক,ফাইজলামি খরি অইন্য ফুয়ার লগে মাতিয়া তারে বহুত চেতাইছি
তাকেই ভালোবাসি আমি তাকে ছাড়তে চাই না,হ্যারেই ভালোবাসি মুই হ্যারে ছারতে চাই না,তারেই বহুত ভালোবাদি তারে ছারিনেল্লাই নো চাই,তারেই ভালোবাসি আমি তারে ছাড়তে চাই না,হিগারেই ভালোবাসি আই হিগারে ছাইড়তে চাই না,তারেউ ভালাপাই আমি তারে ছাড়তাম চাই না
আমি বুঝে গেছি ওই ছেলেকে ছাড়া আমি থাকতে পারব না,মুই বুইজঝা গ্যাছি অই পোলারে থুইয়া মুই থাকতে পারমু না,আই বুঝি গেয়ি ফোয়া ইবারে ছাড়া আই তাকিন্নো ফাইজ্জুম,আমি বুইজ্ঝা গেসি ওই পোলারে ছাড়া আমি থাকতে পারতাম না,আই বুঝি গেছি হোলা হিগারে ছাড়া আই থাইকতে হাইরতান ন, মুুইও বুঝিল্‌চি অউ ফুয়ারে ছাড়া মুই থাখতাম ফারতাম নায়
এখন সে আমাকে বলে তার লাইফ থেকে চলে যেতে,এহন হ্যায় মোরে কয় হ্যার লাইফ গোনে চইললা যাইতে,এহঅন সে আরে হদ্দে আই যেন তার লাইফ্রত্তুন চলি যাই,এহন হেয় আমারে কয় তার লাইফ থাইক্কা চইল্লা যাইত,অন হিগা আরে কয় হিগার লাইফ তুন চলি যাইতে,এখন হে মোরে কয় তার লাইফ থাকি যাইতাম গিয়া
আমি অনেক চিন্তার মধ্যে পড়ে গেছি আমি কি করব,মুই ম্যালা চিন্তায় পইররা গ্যাছি মুই কি করমু,আই বহুত চিন্তায় ফরি গিয়ি আই কিত্তাম,আমি মেলা চিন্তার মধ্যে পইড়া গেসি আমি কিতা করবাম,আই অনেক চিন্তার মইধ্যে হড়ি গেছি আই কি কইরগুম,আমি বাক্কা চিন্তার মাঝে পড়ি গেছি আমি কিতা খরতাম
এক সময় গিয়ে যদি বলে যে ধরে রাখলেই তো পারতা,এক কালে যাইয়া যদি কয় যে ধইররা থুইলেই তো পারতা,এক সমত যাই যদি হয় সে দরি রাকিত্তাইত্তো,এক সময় গিয়া যদি কয় যে ধরে রাখলেই তো পারতা,এক সময় যাই যদি কই যে ধরি রাইখলেই তো হাইরতা,এখ সময় গিয়া যদি কই যে ধরিয়া রাখলেউ তো পারতায়
আপনারা বলেন এখন আমি আসলে করব কি?,আমনেরা কন এহন মুই আসলে করমু কি?,অনেরা হন আই আসলে কিত্তাম?,আফনেরা কন এহন আমি আসলে করবাম কি?,আন্নেরা কন অন আই আসলে কি কইরতাম?,আফনারা কইন এখন আমি আসলে কিতা খরতাম? 
বাংলাদেশী মেয়েটি পরিবার সহ নিউজিল্যান্ড থাকে,বাংলাদেশি মাইয়াডা পরিবার লইয়া নিউজিল্যান্ড থাহে,বাংলাদেশী মাইয়াফোয়া ইবা ফরিবার সহ নিউজিল্যান্ডত তাহে,বাংলাদেশী মাইয়াডা পরিবার সহ নিউজিল্যান্ড থাকে,বাংলাদেশী মাইয়াগা হরিবার লই নিউজিল্যান্ড থায়,বাংলাদেশী ফুড়িটা পরিবার লইয়া নিউজিল্যান্ড থাকে
ওখানেই এক বাংলাদেশী ছেলের সাথে পরিচয় তারপর সম্পর্ক,ঐহানে এউক্কা বাংলাদেশি পোলার লগে পরিচয় হেইয়ারপর সম্পর্ক,ইয়ানতঐ এক বাংলাদেশী ফোয়ার ফোয়ারিত ফরিচয় অয় ইয়ার ফর সম্পর্ক,ওইহানেই এক বাংলাদেশী ছেড়ার লগে পরিচয় তারপর সম্পর্ক,হিয়ানেই ওকগা বাংলাদেশী হোলার লগে হরিচয় তারপর সম্পর্ক,হনউ এখ বাংলাদেশী ফুয়ার লগে পরিচয় এরবাদে সম্পর্ক 
বিয়েটা ওই দেশে করতে চেয়েছিল মেয়ে কিন্তু ছেলের ইচ্ছা বাংলাদেশে এসে দুজন বিয়ে করবে,বিয়াডা ঐ দ্যাশে করতে চাইছেলা মাইয়া তয় পোলার ইচ্ছা বাংলাদেশে আইয়া দুইজন বিয়া করবে,বিয়া ইয়া অই দেশেত গইত্তে চাইলো কিন্তু ফোয়ার ইচ্ছা মতন বাংলাদেশত আইয়েরে দুইজন বিয়া গরিবো।,বিয়াডা ওই দেশে করতে চাইসিল মাইয়া কিন্তু পোলার ইচ্ছা বাংলাদেশে আইসা দুইজন বিয়া করব,বিয়া কান হেই দেশেই কইরতে চাইছিলো মাইয়া কিন্তু হোলার ইচ্ছা বাংলাদেশে আই দুনোগা বিয়া কইরবো,বিয়াটা হউ দেশে খরতে চাইছিল ফুড়িয়ে কিন্তু ফুয়ার ইচ্ছা বাংলাদেশো আইয়া দুইজনে বিয়া খরবা
ছেলে এক মাস আগে বাংলাদেশে আসে এই ঈদে তাদের বিয়ে হওয়ার কথা,পোলা এক মাস আগে বাংলাদেশে আইছে এই ঈদে হ্যাগো বিয়া হওনের কথা,ফোয়া এক মাস আগদ্দি বাংলাদেশত আইসসে এই ঈদত তারার বিয়া অইবের হতা,পোলা এক মাস আগে বাংলাদেশে আসে এই ঈদে তারার বিয়া হওয়ার কথা,হোলা এক মাস আগে বাংলাদেশে আই এই ঈদে হেতাগো বিয়া অওনের কতা,ফুয়া এখ মাস আগে বাংলাদেশো আইয়া অউ ইদো তারার বিয়া অউয়ার কথা
মেয়ে তার পরিবার নিয়ে ঈদের কয়েকদিন আগে দেশে আসার কথা ছিল,মাইয়া হ্যার পরিবার লইয়া ঈদের কয়দিন আগে দ্যাশে আওয়ার কথা আল্লেহ,মাইয়া ফোয়া ঈদর হয়েকদিন আগদ্দি দেশত আইবের হতা আসি,মাইয়া হের পরিবার নিয়া ঈদের কয়েকদিন আগে দেশে আসার কথা আসিল,মাইয়া হেতির হরিবার লই ঈদের কয়েকদিন আগে দেশে আইওনের কতা আছিলো,ফুড়ি তাইর পরিবার লইয়া ইদর খয়েকদিন আগে দেশো আওয়ার খতা আছিল
কিন্তু ছেলে বাংলাদেশে আসার পর ওই মেয়েটি সাথে যোগাযোগ বন্ধ করে দেয়,তয় পোলা বাংলাদেশে আওয়ার পর হেই মাইয়াডার লগে যোগাযোগ বন্ধ কইররা দ্যায়,কিন্তু ফোয়া বাংলাদেশত আইবের ফোরে অই মাইয়া ফোয়া ইবার ফোয়ারিত যোগাযোগ বন্ধ গরি দিয়ি,কিন্তু পোলা বাংলাদেশে আওনের পর ওই মাইয়াডার লগে যোগাযোগ বন্ধ কইরা দেয়,কিন্তু হোলা বাংলাদেশে আইওনের হর হেই মাইয়ার লগে যোগাযোগ বন্ধ করি দেয়,কিন্তু ফুুয়া বাংলাদেশো আওয়ার বাদে হউ ফুড়ির লগে যুগাযুগ বন খরি দেয়
মেয়েটি বিভিন্নভাবে চেষ্টা করে তার সাথে কোন ধরনের যোগাযোগ করতে পারছিল না,মাইয়াডা বিভিন্নতারায় চেষ্টা করছে হ্যার লগে কোন ধরনের যোগাযোগ করতে পারছেলে না,মাইয়া ফোয়া ইবা বিভিন্নভাবে চেস্টা গরিয়েরে যোগাযোগ গরিন্নো ফারের,মাইয়াডা বিভিন্নভাবে চেষ্টা কইরা তার লগে কোন ধরনের যোগাযোগ করতে পারতাসিল না,মাইয়াগা বিভিন্নভাবে চেষ্টা করে হেতার লগে কোন ধরনের যোগাযোগ কইরতে হাইরতেছিলো না,ফুড়িয়ে বহুতভাবে চেষ্টা খরে তার লগে কুনো ধরনর যুগাযুগ করতো পারছিল্‌ না
মেয়েটি সপ্তাহখানেক আগে তার সাথে ঘটে যাওয়া ঘটনা আমাদের সাথে শেয়ার করে,মাইয়াডা কয়ডাসপ্তা আগে হ্যার লগে ঘইট্টা যাওয়া কাহিনি মোগো লগে সেয়ার করে,মাইয়া ফোয়া ইবা সপ্তা হানিক আগদ্দি তার ফোয়ারিত ঘটি যন হতা ইন আরারে ফুনাইয়ে,মাইয়াডা সপ্তাহখানেক আগে হের লগে ঘইটটা যাওয়া ঘটনা আমারার লগে শেয়ার করে,মাইয়াটা সপ্তাহখানেক আগে হেতির লগে ঘটি যাওয়া ঘটনা আঙ্গো লগে শেয়ার করে,ফুড়িটায় সাপ্তাখানেক আগে তাইর লগে ঘটি যাওয়া ঘটনা আমরার লগে শেয়ার করছিল
ওই ছেলেকে খুঁজে বের করার ব্যাপারে আমাদের সাহায্য চায়,হেই পোলাডারে বিসরাইয়া বাইর করার ব্যাপারে মোগো সাহাইয্য চাইতেয়াছে,ফোয়া ইবারে কুঝি বাইর গরিবেল্লাই আরাত্তুন সাহায্য চাইয়ে,ওই ছেড়ারে খুঁইজ্জা বাইর করনের ব্যাপারে আমরার সাহায্য চায়,হোলা হিগারে খুঁজি বাইর করোনের ব্যাপারে আঙ্গো সাহায্য চায়,হউ ফুয়ারে খুজিয়া বার খরাত আমরার সাহায্য চাইছিল
মেয়েটির ঘটনার শুনে আমরা উনাকে দেশে আসতে বলি,মাইয়াডার কাহিনি হুইননা মোরা হ্যারে দ্যাশে আইতে কই,মাইয়া ফোয়া ইবার ঘটনা ফুনিয়েরে তারে দেশত আইবেল্লেই হইলাম,মাইয়াডার  ঘটনা হুইন্না আমরা হেরে দেশে আইতে কই,মাইয়াগার ঘটনা হুনি আমরা ওনারে দেশে আইতে কই,ফুড়ির ঘটনা হুনিয়া আমরা তানরে দেশো আওয়ার লাগি কই 
সে তার পরিবার ছাড়া ঈদের আগের দিন বাংলাদেশে আসে,হ্যায় হ্যার পরিবার থুইয়া ঈদের আগের দিন বাংলাদেশে আইল্লেহ,সে তার ফরিবার ছাড়া ঈদর আগদ্দিন আইসসে,হেয় হের পরিবার ছাড়া ঈদের আগের দিন বাংলাদেশে আইসে,হেটি হেতির হরিবার ছাড়া ঈদের আগের দিন বাংলাদেশে আইয়ে,তাইন তানর পরিবার ছাড়া ইদর আগর দিন বাংলাদেশো আইছলা
ছেলেকে খুঁজে পাওয়ার মতো শুধু উনার কাছে ছেলের পাসপোর্ট কপি ছিল একটা,পোলাডারে বিসরাইয়া পাওয়ার মতো খালি হ্যার ধারে পোলার পাস্পোর্ট কপি আল্লেহ এউক্কা,ফোয়ারে কুঝি ফাইবেল্লাই শুধু উনার হাসত ফোয়ার পাসপোর্ট  কফি চবি আসিল এক্কান,পোলারে খুঁইজ্জা পাওনের মতো খালি হের কাসে পোলার পাসপোর্ট কপি ছিল একটা,হোলারে খুঁজি হাওনের মতন এলা হেতনের কাছে হোলার হাসপোর্ট কপি আছিলো এককান,ফুয়ারে খুজিয়া পাওয়ার মতো তানর ধারে খালি ফুয়ার পাসপোর্টর এখটা কপি আছিল
আমরা মেয়েটিকে নিয়ে ছেলের বাসায় যাই,মোরা মাইয়াডারে লইয়া পোলার বাড়ি যাই,আরা মাইয়া ফোয়া ইবারে লইয়েরে ফোয়া ইবার বাসাত গেইয়ি,আমরা মাইয়াডারে  নিয়া পোলার বাসায় যাই,আমরা মাইয়াগারে লই হোলার বাসাত যাই,আমরা ফুড়িরে লইয়া ফুয়ার বাসাত যাই
বাসায় ছেলে ছিল এবং তার পরিবারের সমস্ত সদস্যরা ছিল,বাড়িতে পোলা আল্লেহ আর হ্যার পরিবারের হগলডি আল্লেহ,বাসাত ফোয়া উদ্দো বেয়াক্কুন আসিল,বাসায় পোলা আসিল আর হের পরিবারের সমস্ত সদস্যরা আসিল,বাসাত হোলা আছিলো আর হেতার হরিবারের বেক সদস্যরা আছিলো,বাসাত ফুয়া আছিল আর তার পরিবারর হখল সদস্যরা আছলা
মেয়েটিকে দেখে ছেলে ভয় পেয়ে যায়,মাইয়াডারে দ্যাইকখা পোলাডা ডরাইয়া যায়,মাইয়াফোয়া ইবারে দেহিয়েরে ডর ফাইয়ে,মাইয়াডারে  দেইক্ষা পোলাডা ভয় পায়া যায়,মাইয়াগারে ছাই হোলা ডরাই যায়,ফুড়িরে দেখিয়া ফুয়ায় ডরাই গেছিল 
ছেলে বাংলাদেশে এসে বিয়ে ঠিক করেছে,পোলা বাংলাদেশে আইয়া বিয়া ঠিক করছে,ফোয়া বাংলাদেশেত আইয়েরে বিয়া ঠিক গইজ্জে দে,পোলা বাংলাদেশে আয়া বিয়া ঠিক করসে,হোলা বাংলাদেশে আই বিয়া ঠিক কইরছে,ফুয়ায় বাংলাদেশো আইয়া বিয়া ঠিক করছে
এই শুক্রবারে তার বিয়ে তার পরিবারের পছন্দ করে রেখেছে মেয়ে,এই শুক্কুরবার হ্যার বিয়া হ্যার পরিবার পছন্দ কইররা থুইছে মাইয়া,সামনোর শুক্রবার ফোয়ার বিয়া ইতার ফরিবারর ফসন্দর মাইয়াফোয়ার ফোয়ারিত,এই শুক্রবারে হের বিয়া হের পরিবারের পসন্দ কইরা রাখসে মাইয়া,এই শুক্কুরবারে হেতার বিয়া হেতার হরিবারের হছন্দ করি রাখছে মাইয়া,ওউ শুক্রবার তার বিয়া তার পরিবারর ফছন্দ খরি ফুরি রাখছে
মেয়েটি তার সাথে ঘটে যাওয়া ঘটনা সম্পূর্ণ ছেলেটির পরিবারকে জানায়,মাইয়াডা হ্যার লগে ঘইট্টা যাওয়া কাহিনি পুরাডা পোলাডার পরিবাররে কয়,মাইয়া ফোয়া ইবা বেয়াক হতা ইয়াতারারে হই দিয়ি,মাইয়াডা হের লগে ঘইটটা যাওয়া ঘটনা সম্পূর্ণ পোলাডার পরিবাররে জানায়,মাইয়াগা হেতির লগে ঘটি যাওয়া ঘটনা বেগগিন হোলার হরিবাররে জানায়,ফুড়িয়ে তানর লগে ঘটা ফুয়ার সব ঘটনা ফুয়ার পরিবাররে জানায় 
ছেলের পরিবার থেকে মেয়ের পরিবার অনেক ভালো,পোলাডার পরিবার চাইয়া মাইয়াডার পরিবার বেমালা ভালো,ফোয়ার ফরিবার ভালা বহুত আসিল,পোলার পরিবার থাইক্কা মাইয়ার পরিবার মেলা ভালা,হোলার হরিবার তুন মাইয়ার হরিবার অনেক ভালা,ফুয়ার পরিবার থাকি ফুড়ির পরিবার অনেক ভালা
মেয়েটি দেখতে যথেষ্ট সুন্দরী,মাইয়াডা দ্যাখতে যথেষ্ট সুন্দরী,ফোয়া বাংলাদেশেত আইয়েরে বিয়া ঠিক গইজ্জে,মাইয়াডা দেখতে যথেষ্ট সুন্দরী,মাইয়াগা দেইখতে যথেষ্ট সুন্দরী,ফুড়িটা দেখতে যথেষ্ট সুন্দরী 
ছেলের মা বাবা বিয়েতে রাজি হয়,পোলার মা বাপ বিয়ায় রাজি  হয়,ফোয়ার মা বাবা বিয়াত রাজি অয়,পোলার মা বাপ বিয়াতে রাজি হয়,হোলার মা বাপ বিয়াত রাজি অয়,ফুয়ার মা বাফ বিয়াত রাজি অইন 
মেয়ের পরিবারের সাথে ফোনে কথা বলে,মাইয়া পরিবারের লগে ফোনে কথা কয়,মাইয়াফোয়া ইবার ফরিবারর ফোয়ারিত হতা হয়,মাইয়ার পরিবারের লগে ফোনে কথা কয়,মাইয়ার হরিবারের লগে ফোনে কতা কয়,ফুড়ি পরিবারর লগে ফোনে মাতে
তারা দুজনে আবার নিউজিল্যান্ড ফিরে যাবে,হ্যারা দুইজন ফিররা নিউজিল্যান্ড ফেরত যাইবে,তারা দুইজন নিউজিল্যান্ড ফিরি যাইবো দে,হেরা দুইজনে আবার নিউজিল্যান্ড ফিরা যাইব,হেতারা দুইজনে আবার নিউজিল্যান্ড হিরি যাইবো,তারা  দুইয়োজন আবার নিউজিল্যান্ড ফিরিয়া যাইবা
আমি বিবাহিত,মুই বিয়াইত্যা,আই বিয়েত্তে,আমি বিবাহিত,আই বিবাহিত,আমি  বিয়াতি
দুই বছর আগে নিজের পছন্দেই বিয়ে করেছিলাম,দুই বছর আগে পছন্দেই বিয়া করছেলাম,দুই বছর আগদ্দি আই নিজর ফসন্দ মতন বয়া গইজ্জিলাম,দুই বছর আগে নিজের পসন্দেই বিয়া করসিলাম,দুই বছর আগে নিজের হছন্দেই বিয়া কইরছিলাম,দুই বৎসর আগে নিজর ফছন্দেউ  বিয়া খরছিলাম
আমার স্ত্রী আমার থেকে বয়সে ৮ বছরের ছোট,মোর বউ মোর চাইয়া বয়সে আষ্ট বছরের ছোডো,আর বউয়াত্তুন ৮ বছরর ছোড,আমার বউ আমার থাইক্কা বয়সে ৮ বছরের ছোট,আর বৌ আর তুন বয়সে ৮ বছরের ছোড,মোর বউ মোর থাকি বয়সে ৮ বৎসরর ছুটো
আমার স্ত্রী দেখতেও সুন্দরী,মোর বউ দ্যাখতেও সুন্দার,আই বউ দেহিতও সুন্দর,আমার বউ দেখতেও সুন্দরী,আর বৌ দেখতেও সুন্দরী,মোর বউ দেখতেও সুন্দরী
আমি বেকার,মুই বেকার,আই বেহার,আমি বেকার,আই বেকার,মুই বেকার
টুকটাক টিউশনি করে যেটুকু আয় হয় তা দিয়ে নিজের হাতখরচই ঠিকমতো চলে না,টুকটাক টিউশানি কইররা যেইকয়ডা টাহা হয় হেইয়া দিয়া নিজের হাতখরচই ঠিক্মতো চলেনা,টুকটাক ফন্না ফরাইয়েরে যা আইয়ে তা দিয়েরে হাতহরস নো চলে,টুকটাক টিউশনি কইরা যটটুকু আয় হয় তা দিয়া নিজের হাতখরচই ঠিকমতো চলে না,টুকটাক টিউশনি করি যদ্দুর কামাই অয় হেটা দি নিজের আতখরচই ঠিকমতন চলে না, টুকিটাকি টিউশনি খরিয়া যেটুক আয় অয় ইতা দিয়া নিজোর হাত খরচা অউ ঠিকমতো চলে না
তার যাবতীয় খরচ তার বাবা-মা ই বহন করেন,হ্যার যাবতীয় খরচ হ্যার বাপ-মায় ই বহন করে,তার বেয়াক হরস তার মা বাবা চালায়দে,হের যাবতীয় খরচ হের বাপ-মা ই বহন করেন,হেতির যাবতীয় খরচ হেতির বাপ-মা ই বহন করে,তার সব খরচা তার বাফ মায় চালাইন
সে কখনো আমার কাছে আমার সামর্থ্যের বাইরে কিছুই চায় নাই,হ্যায় কহনো মোর ধারে মোর সামর্থের বায়রায় কিছুই চায় নাই,সে হন সমত আর আতর বাইরত নো চায়,হেয় কহনো আমার কাসে আমার সামর্থ্যের বাইরে কিসুই চায় নাই,হেতি কোনোদিন আর কাছে আর সামর্থ্যের বারে কিছু চায় ন,হে কুনোদিনও মোর গেছে মোর সামর্থ্যর বারে কুচ্চু চাইছে না
আমাদের মধ্যে ভালোবাসার কোনো কমতি নেই,মোগো মইধ্যে ভালোবাসার কোন কমতি নাই,আরার ভিতরত ভালোবাসার হোন হমতি নাই,আমরার মধ্যে ভালোবাসার কোন কমতি নাই,আঙ্গো মইধ্যে ভালোবাসার কোনো কমতি নাই,আমরার মাঝে পিরিতর কুনো কমতি নায়
আমাকে সবসময় এগিয়ে চলার অনুপ্রেরণা যোগায়,মোরে হগলসময় আগাইয়া যাওয়ার অনুপ্রেরণা দ্যায়,আরে বেয়াগ সমত আগাই যাইবার অনুফ্রেরনা গরে,আমারে বেগসময় আগায়া চলার অনুপ্রেরণা যোগায়,আরে বেকসময় আগাই যানের অনুহেরোনা যোগায়,মোরে হখল সময় আওগাইয়া চলার 
ভালোবাসা থাকলে সবকিছুই সুন্দর,ভালোবাসা থাকলে হগলডি সুন্দর,ভালোবাসাতাহিলে বেয়াক কিছুই সুন্দর,ভালোবাসা থাকলে বেগকিসুই সুন্দর,ভালোবাসা থাইকলে বেগগিনই সুন্দর,ভালোবাসা থাখলে সবতাউ সুন্দর
যেকোনো পরিস্থিতি মোকাবেলা করা সম্ভব,যেকোনো পরিস্থিতি মোকাবিলা করা সম্ভব,যেকোন সমত মোকাবেলা গরন যাই,যেকোনো পরিস্থিতি মোকাবেলা করন সম্ভব,যেকোনো হরিস্থিতি মোকাবেলা করা সম্ভব, যেকুনো পরিস্থিতি মোকাবিলা করা সম্ভব
আপনারাও আপনাদের জীবনসঙ্গীকে ভালোবাসুন,আমনেরাও আমনেগো জীবনসঙ্গীরে ভালোবাইসেন,অনেরাও অনেরার জীবনসঙ্গীরে ভালোভাসন,আফনেরাও আফনেরার জীবনসঙ্গীরে ভালবাসেন,আন্নেরাও আন্নেগো জীবনসঙ্গীরে ভালাবাসেন,আফনারাও আফনারার পেয়ারের মানুষরারে ভালাফান
তাদের চাওয়া -না চাওয়ার গুরুত্ব দিন,হ্যাগো চাওয়া না চাওয়ার গুরুত্ব দ্যান,তারার চন নো চন গুরুত্ব দোন,হেরার চাওয়া -না চাওয়ার গুরুত্ব দেন,হেতাগো চাওয়া -না চাওয়ার গুরুত্ব দেন,তারার চাওয়া না চাওয়ার গুরুত্ব দেইন
একে অপরকে পাশে থেকে সাহস যোগান,একজন আরেকজনের ধারে থাইককা বল দ্যান,একে অফোরর ফাসে তাহিবার সাহস্কান দোন,একজন আরেকজনের পাশে থাইক্কা সাহস যোগান,একে অপরকে হাশে থাই সাহস যোগান,এখজন আরোখজনর লগে থাকিয়া সাওস যোগাইন
আমি ২০১৬ থেকে তাহুরা কে ভালবাসি,মুই ২০১৬ গোনে তাহুরা রে ভালবাসি,আই ২০১৬ ত্তুন তাহুরারে ভালোবাসি,আমি ২০১৬ থেকে তাহুরা রে ভালবাসি,আমি দুই হাজার হোলোর তুন তাহুরা রে ভালবাসি, মুই ২০১৬ থাকি তাহুরারে ভালাপাই
আজ আমাকে বলে আমি নাকি তার যোগ্য না,আইজগো মোরে কয় মুই বোলে হ্যার যোগ্য না,আজিয়া আরে হর আই নাকি অযোগ্য,আইজ আমারে কয় আমি নাকি তার যোগ্য না,আইজগা আরে কয় আই বেলে হেতির যোগ্য ন,আইজ মোরে কয় মুই বুলে তাইর উপযুক্ত নায়
আমি নাকি বেইমান,মুই বোলে বেইমান,আই নাকি বেইমান,আমি নাকিতা বেইমান,আই বেলে বেইমান,মুই বুলে বেঈমান
আমি নাকি মারা গেলে তার একটি আফসোস থাকবে শুধু আমি নাকি তাকে বুঝিনি কখনো,মুই বোলে মরলে হ্যার এউক্কা আফসোস থাকবে খালি মুই বোলে হ্যারে বুঝিনাই কহনো,আই নাকি মরি গেলে তার এক্কান আফসোস তাকিবো ইন অইলদেকি আই নাকি তারে হোন দিন নো বিঝি,আমি নাকি মইরা গেলে হের একটা আফসোস থাকব শুধু আমি নাকি তারে বুঝিনাই কহনো,আই বেলে মরি গেলে হেতির ওকগা আফসোস থাইকবো শুধু আই নাকি হেতিরে বুঝিনো কখনো,মুই বলে মরি গেলে তাইর এখটা আফসোস থাকি যাইবো খালি মুই বলে তাইরে কুনোদিন বুঝছি না
আমি বললাম চলো কাজী অফিসে গিয়ে বিয়ে করি,মুই কইলাম লও কাজী অফিসে যাইয়া বিয়া করি,আই হইলা চলো হাজি অফিসত যাইয়েরে বিয়া গরি ফেলাই,আমি কইলাম লও কাজী অফিসে যায়া বিয়া করি,আই কইলাম চলো কাজী অফিসে যাই বিয়া করি,মুই খইলাম চলো কাজী অফিসো গিয়া বিয়া খরিলাই
আমাকে আল্লাহর কসম দিয়ে বলে দিলো এসব সে পারবে না,মোরে আল্লাহর কিরা দিয়া কইয়া দেছে এইয়া হ্যায় পারবে না,আরে আল্লার হসম দিয়েরে হইলো ইন নো ফারিবো,আমারে আল্লাহর কসম দিয়া কয়া দিল এসব হেয় পারব না,আরে আল্লাহর কসম দি কই দিলো ইগিন হেতি হাইরতো ন,মোরে খুুদার কছম দিয়া কই দিলো তাই ইতা ফারতো নায়
আমার ফোন নম্বর ব্লক করে দেয়,মোর ফোন নাম্বার বোলোক কইররা দ্যায়,আর ফোন নাম্বার ব্লক গরি দিয়ি,আমার ফোন নম্বর ব্লক কইরা দেয়,আর হোন নম্বর ব্লক করি দেয়,মোর মুবাইল নাম্বার ব্লক খরি দেয়
আমার পরিবারের অর্থনৈতিক অবস্থা বর্তমানে খুব খারাপ,মোর পরিবারের অর্থনৈতিক অবস্থা এহন বেমালা খারাপ,আরার ফরিবারর অর্থনৈতিক অবস্থা বর্তমানে খুব হারাফ,আমার পরিবারের অর্থনৈতিক অবস্থা বর্তমানে মেলা খারাপ,আর হরিবারের অর্থনৈতিক অবস্থা বর্তমানে খুব খারাপ,মোর পরিবারর অর্থনৈতিক অবস্থা অখন খুব মান্দা
আমি টুকটাক অনলাইনে কাজ করি,মুই টুকটাক অনলাইনে কাম করি,আই টুকটাক অনলাইনত হাম গরি,আমি টুকটাক অনলাইনে কাম করি,আই টুকটাক অনলাইনে কাম করি,মুই টুকিটাকি অনলাইনে কাম খরি
আমি অনেক বার তাঁর কাছে ক্ষমা চেয়েছি,মুই বেমালা বার হ্যার ধারে মাফ চাইছি,আই বহুতবার তার হাসে ক্ষমা চাইলাম,আমি অনেক বার হের কাসে ক্ষমা চাইসি,আই অনেক বার হেতির কাছে ক্ষমা চাইছি,মুই বাক্কা খয়বার তাইর গেছে মাফ চাইছি
অনেক বলেছি যে এরকম আর ভুলেও হবেনা কখনো,ম্যালা কইছি যে এইরহম আর ভুলেও হইবে না কহনো,আই বহুবার হইয়ি এল্লা আর নো অইবো,অনেক কইসি যে এরকম আর ভুলেও হইবনা কহনো,অনেক কইছি যে এরুম আর ভুলেও অইতোনো কখনো,বাক্কা কইছি যেন ইলা ভুল আর কুনোদিন অইতো নায়
সে রাগ করে আমার সাথে কথা বলে না,হ্যায় চেইত্যা মোর লগে কথা কয় না,সে রাগ গরিয়েরে আর হতা নো হয়,হেয় রাগ কইরা আমার লগে কথা কয় না,হেতি রাগ করি আর লগে কতা কয় না,তাই গুসা খরি মোর লগে মাতে না
কিন্তু সে তার মন মতোই,তয় হ্যায় হ্যার মনএর নাহানই,কিন্তু সে তার মনর ডইল্লে,কিন্তু হে হের মন মতোই,কিন্তু হেতি হেতির মন মতোনই, কুিন্তু তাই তাইর মন মতোউ
আমি অসুস্থ আমাকে একবারও জিগ্গেস করেনা আমি কেমন আছি,মুই অসুস্থ মোরে একফিরও জিগায় নাই মুই ক্যামন আছি,আই অসুস্থ আরে একবারও জিজ্ঞেস নো গরে আই কেন আসি,আমি অসুস্থ আমারে একবারও জিগ্গেস করেনা আমি কেমন আসি,আই অসুস্থ আরে ওকগাবারও জিজ্ঞায় না আই কেরুম আছি,মুই বেমার মোরে এখবারো জিগাইছে না আমি কিলান আছি
গতকাল রাতে আমাকে বলে দিলো আমি নাকি বেইমান,গ্যাছেকাইল রাইতে মোরে কইয়া দেলে মুই বোলে বেইমান,গতহাল লাতিয়া আরে হই দিয়ে আই নাকি বেইমান,গতকাল রাতে আমারে কয়া দিলো আমি নাকি বেইমান,গতকাইল রাইতে আরে কই দিলো আই বেলে বেইমান, কাইল রাইত মোরে কই দিলো মুই বুলে বেইমান
তার জন্য পরিবার মানলে বিয়ে হবে না হলে সে পারবে না,হ্যার লইজ্ঞা পরিবার মানলে বিয়া হইবে নাইলে হ্যায় পারবেনা,তার লাই ফরিবার মানিকে বিয়া অইবো নো অইলে নো অইবো,হের লাইজ্ঞা পরিবার মানলে বিয়া হইব না হইলে হেয় পারব না,হেতির লাই হরিবার মাইনলে বিয়া অইবো না হলে হেতি হাইরতো ন, তাইর লাগি পরিবার মানলে বিয়া অইবো নইলে তাই ফারতো নায়
আমার ৭ বছরের সব কিছু শেষ,মোর ৭ বছরের হগল কিছু শ্যাষ,আর ৭ বছরর বেয়াক্কিসু শেষ,আমার ৭ বছরের বেগ কিসু শেষ,আর হাত বছরের বেগগিন শেষ,মোর ৭ বৎসরর সবতা শেষ
আমাদের তিন বছরের সংসার বাচ্চা হয়নি,মোগো তিন বছরের সংসারে গেদু হয়নাই,আরার ৩ বছরর সংসার বাইচ্চা নো অয়,আমাদের তিন বছরের সংসার বাচ্চা হয়নাই,আঙ্গো তিন বছরের সংসারে হোলামাইয়া অয়নো, আমরার ৩ বৎসরর সংসার হুরুতা অইছে না
আমি একটা সরকারি চাকরি করি কিন্তু সে কিছু করে না,মুই এউক্কা সরকারি চাকরি করি তয় হ্যায় কিছু করে না,আই এক্কান সরহারি যরি গরি সে কিছু নো গরে,আমি একটা সরকারি চাকরি করি কিন্তু হেয় কিসু করে না,আই ওকগা সরকারি চাকরি করি কিন্তু হেতে কিছু করে না,মুই এখটা সরখারি চাকরি খরি কিন্তু হে কুনতা খরে না
"বাবার টাকার উপরে বসে খায়, নেশা করে প্রতিদিন ঝগড়া তার নিয়মিত কাজ","বাফের টাহার উফর বইয়া খায়, নেশা কইররা পেরতেকদিন কাইজ্যা হ্যার নিয়মিত কাম","বাবার টেয়ার উওরত হায়, নেশা গরন হইজ্জে গরন নিয়মিত হাম।","বাপের টেহার উপরে বয়া খায়, নেশা করে প্রতিদিন ঝগড়া হের নিয়মিত কাজ","বাপের টাকার উপরে বই খায়, নেশা করে হতিদিন ঝগড়া হেতের নিয়মিত কাজ","বাফর টেখার উফরে বইয়া খায়, নেশা খরে ফত্তেকদিন ঝগড়া তার নিয়মিত কাম"
আজকে রাতে গায়ে হাত তুলেছে,আইজগো রাইতে গায়ে হাত তোলছে,আজিয়া লাতিয়া গাত আত তুইল্লে,আজকে রাতে গায়ে হাত তুলসে,আইজগা রাতে গাত আত তুইলেছে, আইজকু রাইত গাত হাত তুলছে
আমার বড় বোনের বিয়ে হয়েছে ১৩ বছর,মোর বড় বুইনের বিয়া হইছে ১৩ বছর,আর ডর ভোইনর বিয়া অইয়ে ১৩ বছর,আমার বড় বইনের বিয়া হইসে ১৩ বছর,আর বড় বোইনের বিয়া অইছে ১৩ বছর,মোর আফার বিয়া অইছে ১৩ বৎসর
বিয়ের ১ বছরের পরপরই ওদের মেয়ে হয়,বিয়ার ১ বছরের পরেই অগো মাইয়া হইছে,বিয়ার এক বছর ফর এক্কান মাইয়াফোয়া অয়,বিয়ার ১ বছরের পরপরই ওরার মাইয়া হয়,বিয়ার ১ বছরের হরহরই হেতাগো মাইয়া হয়,বিয়ার ১ বৎসর ফরেও তারার ফুড়ি অইছে
কিন্তু কিছুদিন পরেই তাদের মধ্যে ঝামেলা শুরু হয়,তয় কয়দিন পরেই হ্যাগো মইধ্যে ঝামেলা শুরু হয়,কিন্তু কিছু ফরি তারার ভিতরত ঝামেলা শুরু অয়,কিন্তু কিসুদিন পরেই তারার মধ্যে ঝামেলা শুরু হয়,কিন্তু কিছুদিন হরেই হেতাগোর মইধ্যে ঝামেলা শুরু অয়,কিন্তুক কিছুদিন যাওয়া ফরেও তারার মাঝে লাগালাগি শুরু অয়
অনেকবার সবাই কথা বলেছে বোঝাতে চেয়েছে যে কি সমস্যা কিন্তু কোনো সমাধান হয়নি,বেমালাবার হগলডি কথা কইছে বুজাইতে চাইছে যে কি সমেস্যা তয় কোন সমাধান হয়নাই,বহুবার বেয়াকে হতা হইয়ে বোঝাইত চাইয়ে যে কি সমইস্যা সমাধান নো অয়,অনেকবার বেহেই কথা কইসে বুঝাইতে চাইসে যে কি সমস্যা কিন্তু কোনো সমাধান হয়নাই,অনেকবার বেকে কতা কইছে বুঝাইতে চাইছে যে কি সমইস্যা কিন্তু কোনো সমাধান অয়নো,বাক্কাবার হখলে মাতিয়া বুঝাইতে চাইছইন যে কিতা সমস্যা কিন্তু সমাধান অইছে না
আমার বোনও চাইতো না কোনো ছাড়াছাড়িতে যেতে,মোর বুইনও চাইতে না কোন ছাড়াছাড়িতে যাইতে,আর ভোইনও নো চাইতো চত তালাকর লাই,আমার বইনও চাইতো না কোনো ছাড়াছাড়িতে যাইতে,আর বোনও চাইতো না কোনো ছাড়াছাড়িতে যাইতে,মোর বইনেও চাইতা না কুনো ছাড়াছাড়িত যাইতে
মেয়ের মুখের দিকে তাকিয়ে ঝগড়া করেই থাকতো,মাইয়ার মুহের দিক চাইয়া কাইজ্যা করতেই থাকতে,মাইয়াফোয়ার মুখর মিক্কে সাইয়েরে হইজ্জে গরি যাইতো,মাইয়ার মুহের দিকে তাকায়া ঝগড়া কইরাই থাকত,মাইয়ার মুখের দিকে রেনি ঝগড়া করিই থাইকতো,ফুড়ির মুখ বায় চাইয়া ঝগড়া খরিয়াও থাখতো
মেয়ের পড়ার খরচ দেয়না ঠিকমত,মাইয়ার পড়ার টাহা দ্যায়না ঠিকমত,মাইয়াফোয়ার ফড়ার হরন নো দেয় ঠিকগরি,মাইয়ার পড়ার খরচ দেয়না ঠিকমত,মাইয়ার হড়ার খরচ দেয়না ঠিকমতন,ফুড়ির পড়ার খরচা দেয় না ঠিক করি
আমার পরিবারের সবাইকে নিয়ে আজেবাজে কথা বলে,মোর পরিবারের হগলডিরে লইয়া আজেবাজে কথা কয়,আর ফরিবারর বেয়াক্কুনে আজে বাযে হতা হর,আমার পরিবারের বেহেইরে নিয়া আজেবাজে কথা কয়,আর হরিবারের বেকেরে লই আজেবাজে কতা কয়,মোর পরিবারর হখলরে লইয়া আজেবাজে মাতে
সে বোনের গায়ে হাত তোলে এই কথা সবাই জানে,হ্যায় বুইনের গায় হাত তোলে হেই কথা হগলডি জানে,সে ভোইনর গাত আত তুলে ইন বেয়াক্কুন যানে,হেয় বইনের গায়ে হাত তুলে এই কথা বেহেই জানে,হেতে বোইনের গাত আত উডায় এই কতা বেকে জানে,হে আফার গাত হাত তুলে এই কথা হখলে জানে
আমরা তাকে বলেছি একসাথে কথা বল কি সমস্যা,মোরা হ্যারে কইছি একলগে কথা কও কি সমেস্যা,আরা তারে হইলাম মিলিয়েরে হতা হোনা কি সমইস্যা,আমরা তারে কইসি একলগে কথা ক কি সমস্যা,আমরা হেতেরে কইছি একলগে কতা কইতে কি সমইস্যা,আমরা তারে কইছি এখলগে মাতো কিতা সমস্যা
কিন্তু সে বলেছে যা বলার ডিভোর্স লেটারে বলবে।,তয় হ্যায় কইছে যা কওয়ার ডিফোর্স লেটারে কইবে,কিন্তু সে হইয়ে যা হোনর তালাক নামাত হইবো,কিন্তু হেয় কইসে যা কওনের ডিভোর্স লেটারে কইব,কিন্তু হেতে কইছে যা কউনের ডিভোর্স লেটারে কইবো,কিন্তু হে খইছে যা কওয়ার  ডিভোর্স লেটারো কইবো
এখন আমরা কি করবো?,এহন মোরা কি করমু?,এহন আরা কিত্তাম?,এহন আমরা কিতা করবাম?,অন আমরা কি কইরতাম?,খান আমরা কিতা খরতাম?
একজন মা মেয়ের সংসারে এইভাবেই কি অশান্তি করতে পারে,এউক্কা মা মাইয়ার সংসারে এইরহম অশান্তি করতে পারে?,একজন মাইয়াফোয়ার সংসারত এইল্লে অসান্তি অইত্তারে না?,একজন মা মাইয়ার সংসারে এমনেই কি অশান্তি করতে পারে,এককান মা মাইয়ার সংসারে এইভাবেই কি অশান্তি কইরতে হারে!,এখজন মা ফুড়ির সংসারো কিতা অলান অশান্তি খরতো ফারে নি
আমার ভাই আমদের পুরো পরিবার দেখাশোনা করে,মোর ভাই মোগো পুরাডা পরিবার দ্যাহাশুনা করে,আর ভাই আরার গডা ফরিবার দেহা শুনা গরে দে,আমার ভাই আমরার পুরা পরিবার দেহাশুনা করে,আর ভাই আঙ্গো হুরা হরিবার দেয়াশোনা করে,মোর ভাই আমরার পুরা পরিবারর দেখাশুনা করে
আমার আব্বু রাজি ছিল না তবুও আমি আর আম্মু জোর বিয়ে করাই,মোর বাফে রাজি আল্লেহ না হ্যাও মুই আর মায় জোর কইররা বিয়া করাই,আর আব্বু রাজি নো আসিন কিন্তু আই আর আম্মু মিলিয়েরে জোর গরি রাজি গরাইয়ি।,আমার আব্বা রাজি আসিল না তবুও আমি আর আম্মা জোর বিয়ে করায়,আর বাপ রাজি আছিলো না তবুও আই আর মা জোর করি বিয়া করাই,মোর আব্বা রাজি আছলা না তেবো মুই আর আম্মায় জোর খরি বিয়া খরাইছি
মেয়েকে দেখে ভাইয়ের পছন্দ হয়েছিল,মাইয়ারে দ্যাইকখা ভাইর পছন্দ হইছেলে,মাইয়া দেহিয়েরে ভাইয়ার ফসন্দ অইয়ে,মেয়েরে দেইক্ষা ভাইয়ের পসন্দ হইসিল,মাইয়ারে চাই ভাইয়ার হছন্দ অইছিলো,ফুড়িরে দেখিয়া ভাইর ফছন্দ অইছিল 
বিয়ের প্রথম ৩ মাস ভালোই চলছে,বিয়ার পরথোম ৩ মাস ভালই চলছে,বিয়ার ৩ বছর ভালোই চইল্লে,বিয়ার প্রথম ৩ মাস ভালাই চলতাসে,বিয়ার হথম ৩ মাস ভালাই চইলছে, বিয়ার পয়লা ৩ মাস ভালাউ চলছিল
আমার ভাইয়ের অবস্থা ওতো ভালো না,মোর ভাইর অবস্থা অতো ভালো না,আর ভাইওর অবস্থা এইল্লে ভালা নো,আমার ভাইয়ের অবস্থা ওতো ভালা না,আর ভাইয়ের অবস্থা ওতো ভালা ন,মোর ভাইর অবস্থা অতো ভালা নায়
মেয়ের মা এগুলো দেখেই বিয়ে দিছে,মাইয়ার মায় এইডি দ্যাইকখাই বিয়া দেছে,মাইয়ার মা ইন দেহিয়্য্যেরে বিয়া দিয়ি,মাইয়ার মা এগুলা দেইক্ষাই বিয়া দিসে,মাইয়ার মা ইগিন দেই ই বিয়া দিছে, ফুড়ির আম্মায় অতা জানিয়াউ বিয়া দিছইন
তারপর থেকেই মেয়ের আচরনে পরিবর্তন দেখা যায়,হেইয়ারপর গোনেই মাইয়ার আচরনে পাল্ডাইয়া যায়,ইয়ার ফরত্তুন মাইয়ার ফরিবরতন দেহা যার,তারপর থাইক্কাই মাইয়ার আচরনে পরিবর্তন দেহা যায়,তারপর থেকেই মেয়ের আচরনে পরিবর্তন দেখা যায়, এর বাদ থাকি ফুড়ির আচরণ বদলানি দেখা যায়
আমার মা সব কাজ একা করছে,মোর মায় হগল কাম এল্লাহ করছে,আর মা বেয়াক হাম এহ্লা গইজ্জে,আমার মা বেগ কাম একলা করসে,আর মা বেগগিন কাজ একা কইরছে, মোর আম্মায় হখল কাম এখলা খরইন
মেয়ের মা একদিনও আমাদের বাড়ীতে আসে নাই,মাইয়ার মায় একদিনও মোগো বাড়ি আয় নাই,মাইয়ার মা একদিনউ আরার বাড়ি নো আইয়ে,মাইয়ার মা একদিনও আমরার বাড়ীত আয় নাই,মাইয়ার মা একদিনও আঙ্গো বাড়ীত আইয়ে ন,ফুড়ির আম্মায় এখদিনও আমরার বাড়িত আইছইন না
আমার আম্মুর সাথে ঝগড়া করে আমার ভাইয়ের বউ,মোর মায়ের লগে কাইজ্জা করে মোর ভাইর বউ,আর আম্মু ফোয়ারিত ঝগড়া গরেদে আর ভাইয়র বউ,আমার আম্মার লগে ঝগড়া কইরা আমার ভাইয়ের বউ,আর মার লগে ঝগড়া করে আর ভাইয়ের বউ,মোর আম্মার লগে ঝগড়া খরইন মোর ভাইর বউয়ে
এই দুনিয়াতে আম্মু আব্বু ভাই ছাড়া আমার কেও নাই,এই দুনিয়ায় মা বাপ ভাই ছাড়া মোর কেউ নাই,এই দুনিয়াত আম্মু আব্বু ভাই ছাড়া হনিক্কা নাই আর,এই দুনিয়াতে আম্মা আব্বা ভাই ছাড়া আমার কেও নাই,এই দুনিয়াত মা বাপ ভাই ছাড়া আর কেও নাই,অউ দুনিয়াত আম্মা আব্বা ভাই ছাড়া মোর আর খেউ নায়
এই মেয়ে রীতিমতো আমার ভাই আর মাকে কষ্ট দিচ্ছে,এই মাইয়া এককালে মোর ভাই আর মায়রে কষ্ট দেতেয়াছে,এই মাইয়া রিতিমত আর ভাই আর মারে হস্ট দেদ্দে,এই মাইয়া রীতিমতো আমার ভাই আর মারে কষ্ট দিতাসে,এই মাইয়া রীতিমতো আর ভাই আর মারে কষ্ট দিতাছে, অউ ফুড়ি রীতিমতো মোর ভাই আর আম্মারে খষ্ট দের
আমার ভাই আম্মুকে ধরে শুধু কান্না করে,মোর ভাই মায়রে ধইররা খালি কান্দে,আর ভাই আম্মুরে দরিয়েরে হালি হাদে,আমার ভাই আম্মারে ধইরা খালি কানদে,আর ভাই মারে ধরি খালি কাঁদে, মোর ভাই আম্মারে ধরিয়া খালি কান্দইন
মা কেন আমি এই জাগায় গেলাম,মা মুই কির লইজ্ঞা এইহানে গ্যাল্লাম,মা কিল্লাই আই এই যায়গাত গেইলাম,আম্মা কেন আমি এই জাগায় গেলাম,মা কিল্লেই আই এই জাগাত গেলাম, আম্মা মুই খেনে অউ জাগাত গেলাম
মেয়ের মা আমার আম্মুকে বলছিল যে আপনাদের টিনের ঘড় দেখে বিয়ে দিছি,মাইয়ার মায় মোর মায়রে কইছিলো যে আমনের টিনের ঘর দ্যাইকখা বিয়া দিছি,মাইয়ার মা আর আম্মুরে হইলো অনেরার টইনর ঘর সাইয়েরে বিয়া দিয়ি,মাইয়ার মা আমার আম্মারে কইসিল যে আফনেরার টিনের ঘড় দেইক্ষা বিয়া দিসি,মাইয়ার মা আর মারে কইছিলো যে আন্নেগো টিনের ঘর দেই বিয়া দিছি, ফুুড়ির আম্মাত মোর আম্মারে কইছলা যে আফনারার টিনর ঘর দেকিয়া বিয়া দিসি
এখন এটার সমাধান কোথায় পাবো,এহন এইয়ার সমাধান কোম্মে পামু,এহ্ন ইয়ানর সমাধান হিদে ফাইয়ুম,এহন এইডার সমাধান কোনখানে পায়াম,অন ইয়ানের সমাধান কোনাই হাইয়ুম, অখন অটার সমাধান খই ফাইতাম
আমার স্বামী হাসপাতাল এসেছে আমার বাবাকে দেখতে নয় আমাকে নিতে,মোর জামাই হাসপাতাল আইছে মোর বাফেরে দ্যাখতে না মোরে নেতে,আর জামাই হাসফাতালত আইসসে আর আব্বুরে দেহিতো নয় আরে লইবেল্লাই আইসসে দে,আমার জামাই হাসপাতাল আইসে আমার আব্বারে দেখতে না আমারে নিতে,"আর স্বামী হাসপাতাল আইছে আর বাপরে দেইখতে ন, আরে নিতো", মোর জামাই হাসপাতাল আইছে মোর আব্বারে দেখাত নায় আমারে নেওয়াত
হাসপাতালে এসেই আমাকে বলে চলো বাসায় যাই,হাসপাতালে আইয়াই মোরে কয় লও বাড়ি যাই,হাসফাতালত আইয়েরে হর চলো বাসাত যাই,হাসপাতালে আয়াই আমারে কয় চল বাসায় যাই,হাসপাতালে আই  আরে কয় চলো বাসাত যাই,হাসপাতাল আইয়াও মোরে খয় চলো বাসাত যাই
কালকে আমাদের বাসায় মেহমান আসবে,কাইলগো মোগো বাড়ি মেহমান আইবে,হালিয়া আরার বাসাত মেহমান আইবো,কালকে আমরার বাসায় মেমান আইব,কাইলগা আঙ্গো বাসাত মেহমান আইবো,কাইল আমরার বাসাত মেমান আইবা
মানুষের বিবেকবুদ্ধি কতটা খারাপ হতে পারে,মানের চিন্তা কতডা খারাপ হইতে পারে,মানুষর বিবেকবুদ্ধি হত হারাফ অইত্তারে,মানুষের বিবেকবুদ্ধি কতডা খারাপ হইতে পারে,মানুষের বিবেকবুদ্ধি কতটা খারাপ অইতে হারে,মাইনশর বিবেকবুদ্ধি কতখান খারাফ অইতো ফারে
আমার বাবা অসুস্থ হাসপাতালে আর সে এসেছে আমাকে নিতে,মর বাফে অসুস্থ হাসপাতালে আর হ্যায় আইছে মোরে নেতে,আর বাবা অসুস্থ আর সে আইসসে আরে লইবেল্লাই,আমার আব্বা অসুস্থ হাসপাতালে আর হেয় আইসে আমারে নিতে,আর বাপ অসুস্থ হাসপাতালে আর হেতে আইছে আরে নিতো,মোর আব্বা বেমার হাসপাতালো আর হে আইছে আমারে নেওয়াত
আমি ওকে বলে দিয়েছি আমি আর তোমার সাথে সংসার করবো না,মুই অরে কইয়া দিছি মুই আর তোমার লগে সংসার করমু না,আই ওরে হইদিয়ি আই তোওয়ার ফোয়ারিত সংসার নো গইজ্জুম,আমি ওরে কয়া দিসি আমি আর তোমার লগে সংসার করতাম না,আই হেতনরে কই দিছি আই আর তোমার লগে সংসার কইরতাম ন, মুই তারে খই দিসি মুই আর তুমার লগে সংসার করিয়ার না
তোমার সংসারের প্রয়োজন মেটানোর জন্য আমার জন্ম হয়নি,তোমার সংসারের দরকার মিডাইন্নার লইজ্ঞা মোর জন্ম হয়নাই,তোওয়ার সংসারত ফ্রয়োজন মিটাইবেল্লাই আই জন্ম নো লই,তোমার সংসারের প্রয়োজন মিটানোর লাইজ্ঞা আমার জন্ম হয় নাই,তোমার সংসারের হয়োজন মিটানোর লাই আর জন্ম অয়নো,তুমাার সংসারর দরখার মিটানির লাগি আমার জনম অইছে না
আমার বাবার প্রতি আমার কিছু দায়িত্ববোধ আছে,মোর বাফের লইজ্ঞা মোর কিছু দায়িত্ববোধ আছে,আর বাবার ফ্রতি তোওয়া দায়িত্ব আসে না,আমার বাপের প্রতি আমার কিসু দায়িত্ববোধ আসে,আর বাপের হতি আর কিছু দায়িত্ববোধ আছে,মোর আব্বার প্রতি মোর কিছু দায়দায়িত্ব আছে
অনেক তোমার সংসারে দায়িত্ব পালন করেছি,ম্যালা তোমার সংসারের দায়িত্ব পালন করছি,বহুত তোওয়ার সংসারর দায়িত্ব ফালন গইজ্জি,অনেক তোমার সংসারে দায়িত্ব পালন করসি,অনেক তোয়ার সংসারে দায়িত্ব হালন কইরছি, অনেখ তুমার সংসারর দায়িত্ব পালন খরছি
এখন আমি আমার বাবা দায়িত্ব পালন করব,এহন মুই মোর বাফের দায়িত্ব পালন করমু,এহন আই আর বাবার দায়িত্ব ফালন গইজ্জুম,এহন আমি আমার বাপের দায়িত্ব পালন করবাম,অন আই আর বাপের দায়িত্ব হালন কইরগুম,ওখন মুই মোর আব্বার দায়িত্ব পালন খরতাম
আমার স্বামী আমার কথা শুনে রাগে হাসপাতাল থেকে বের হয়ে গেছে,মোর জামাই মোর কথা হুইননা চেইত্যা হাসপাতাল গোনে বাইর হইয়া গ্যাছে,আর জামাই আর হতা ফুনিয়েরে রাগ অইয়েরে হাসফাতালত্তুন বাইর অই গিয়ি,আমার জামাই আমার কথা হুইন্না রাগে হাসপাতাল থাইক্কা বাইর হয়া গেসে,আর স্বামী আর কতা হুনি চেতি হাসপাতাল তুন বার অই গেছে, মোর জাামাই মোর কথা হুনিয়া গুসা খরি হাসপাতাল থাকি বারই গেছে
আমার একটুও কষ্ট হচ্ছে না,মোর একটুহানেও কষ্ট হইতেয়াছে না,আর এক্কানউ হস্ট নো অর,আমার একটুও কষ্ট হইতাসে না,আর এককানাও কষ্ট অইতেছে না,মোর থুরাও খষ্ট অর না
দয়া করে পরিচয় গোপন রাখবেন,দয়া কইররা পরিচয় গোপন থুইবেন,দয়া গরি হনিক্কেরে ফরিচয় নো দিওন,দয়া কইরা পরিচয় গোপন রাখবাইন,দয়া করি হরিচয় গোপন রাইখবেন,দয়া খরি  পরিচয় গুফন রাখবা
অনেক পরিচিত লোকজন আছেন,বেমালা পরিচিত মানু আছে,বহুত ফরিচিত লোকজন আসে,অনেক পরিচিত লোকজন আসেন,অনেক হরিচিত লোকজন আছেন,বাক্কা পরিচিত লোকজন আছইন
আমি জানি না কীভাবে শুরু করবো,মুই কইতে পারিনা ক্যামনে শুরু করমু,আই নো জানি কেনে শুরু গইজ্জুম,আমি জানি না কেমনে শুরু করবাম,আই জানি না কেন্নে শুরু কইরগুম,মুই বুজিয়ার না কিলা শুরু খরতাম
কখনো ভাবিও নাই আমার এখানে পোস্ট করে সাহায্য চাইতে হবে,কহনো ভাবি নাই মোর এইহানে পোস্ট কইররা সাহাইয্য চাইতে হইবে,হনোদিন নো ভাবি এইল্লে গরি পোস্ট গরন ফরিবো,কহনো ভাবিও নাই আমার এহানে পোস্ট কইরা সাহায্য চাইতে হইব,কখনো ভাবিও ন আর ইয়ানো পোস্ট করি সাহায্য চাইতে অইবো,কুনোসময় ভাবছিও না মোর অখানো পোস্ট খরি সাহায্য চাওয়া লাগবো
আমি নিজেই অনেক জনকে উপদেশ দিয়েছি,মুই নিজে ম্যালা জনরে বুদ্ধি দিছি,আই নিজেই বহুত মানুষরত উফদেস দিয়ি,আমি নিজেই অনেক জনরে উপদেশ দিসি,আই নিজেই অনেক জনরে উপদেশ দিছি, মুই নিজেউ বহুত জনরে জ্ঞান দিছি
এখন নিজেই আর পারছি না,এহন নিজেই আর পারতেয়াছি না,এহন নিজেই আর নো ফারির,এহন নিজেই আর পারতাসি না,অন নিজেই আর হাইরতেছি না, অখন নিজেউ আর ফারিয়ার না
যাইহোক আসল কথায় আসি,যাইহউক আসল কথায় আহি,যাই অক আসল হতাত আই,যাইহোক আসল কথায় আই,যেডাই হোক আসল কথাত আই,যাই অউক আসল মাতো আই
আমার বিয়ে হয়েছে দেড় বছর,মোর বিয়া হইছে দ্যাড় বছর,আর বিয়া অইয়েেদে দেড় বছর,আমার বিয়া হইসে দেড় বছর,আর বিয়া অইছে দেড় বছর,মোর বিয়া অইছেে দেড় বৎসর অয়
বলে রাখা ভালো এইটা আমার এবং আমার স্বামীর ২ জনেরই দ্বিতীয় সংসার,কইয়া রাহা ভালো এইডা মোর আর মোর জামাইর ২ জনেরই দুইনাম্বার সংসার,বলি রাহা ভালা আসিল আই আর আর জামাইর দুই বিয়া,কয়া রাহা ভালা এইডা আমার আর আমার জামাইয়ের ২ জনেরই দ্বিতীয় সংসার,বলি রান ভালা এইটা আর এবং আর স্বামীর ২ জনেরই দ্বিতীয় সংসার,কইয়া রাখা ভালা যে ইকান মোর আর মোর জামাইর দুয়োজনর দুই নাম্বার সংসার
"আমার বাবা,ভাই,বোন কেউ নেই","মোর বাপ, ভাই, বুইন কেউ নাই",আর বাবা ভাই ভোইন হনিক্কে নাই,"আমার বাপ,ভাই,বোন কেউ নাই","আর বাপ,ভাই,বোন কেউ নাই","মোর বাফ, ভাই, বইন খেউ নাই"
আমার বিয়ের ২ মাসের মাথায় আব্বু মারা গেছেন,মোর বিয়ার ২ মাসের মইধ্যে আব্বায় মইরা গ্যাছে,আর বিয়ার দুই মাসর মাতাত আর বাবা ইন্তেকাল গইজ্জে,আমার বিয়ার ২ মাসের মাথায় আব্বা মারা গেসেন,আর বিয়ার ২ মাসের মাথাত আব্বা মরি গেছেন,মোর বিয়ার দুই মাসর কালে আব্বা মারা গেছইন
আমার শুধু আম্মু আছেন,মোর কখালি মায় আছে,আর হাাইল্লে আম্মু আসে দে,আমার শুধু আম্মা আসেন,আর হুদা আম্মা আছেন,মর খালি আম্মা আছইন
প্রথমে আমার স্বামীর কথায় আসি,পোরথোমে মোর জামাইর কথায় আহি,ফ্রথমত আর জামাইর হতাত আই,প্রথমে আমার জামাইয়ের কথায় আই,হথমে আর স্বামীর কথাত আই, পয়লা মোর জামাইর মাতো আই
আলহামদুলিল্লাহ সে খুব ভালো একজন মানুষ,আলহামদুলিল্লাহ হ্যাহ খুব ভালো এউক্কা মানু,আলহামদুলিল্লাহ সে এক্কান ভালা মানুষ,আলহামদুলিল্লাহ হেয় খুব ভালা একজন মানুষ,আলহামদুলিল্লাহ হেতে খুব ভালা এককান মানুষ, আলহামদুলিল্লাহ তাইন খুব ভালা এখজন মানুষ
স্বামী হিসেবে একদম নিখুঁত,জামাই হিসাবে এককালে নিখুঁত,জামাই হিসেবে সে খুব নিখুদ,জামাই হিসাবে একদম নিখুঁত,স্বামী হিসাবে এককারি নিখুঁত,জামাই হিসাবে পুরাপুরি ঠিক
তাকে নিয়ে আমার অভিযোগ এর কোন জায়গা নেই,হ্যারে লইয়া মোর বিচার এর কোন জায়গা নাই,তারে লই আর হোন অভিজগ নাই,তারে নিয়া আমার অভিযোগ এর কোন জায়গা নাই,হেতেরে লই আর অভিযোগ এর কোন জায়গা নাই,তানরে লইয়া মোর অভিযোগর কুনো জায়গা নায়
সমস্যা টা হচ্ছে কয়েক মাস আগে থেকে আমার শাশুড়ী মাকে নিয়ে,সমেস্যা ডা হইলে কয়ডা মাস আগে গোনে মোর হাউরি আম্মারে লইয়া,সমইস্যা কান অইলদে কি আর ওরি মারে লই,সমস্যা টা হইতাসে কয়েক মাস আগে থাইক্কা আমার শাশুড়ী মারে নিয়া,সমস্যা টা অইতেছে কয়েক মাস আগে থেকে আর শাশুড়ী মারে লই, সমস্যাটা অইলো কয়েক মাস আগে মোর হড়িরে লইয়া
আমি খেয়াল করছি উনি আর উনার ছেলের সম্পর্ক খুব খারাপ,মুই খেয়াল করছি হ্যায় আর হ্যার পোলার সম্পর্ক ম্যালা খারাপ,আই খেইয়াল গইজ্জি দে তারার মার ফুতর সম্পর্ক খুব হারাফ,আমি খেয়াল করসি হেয় আর হের পোলার সম্পর্ক খুব খারাপ,আই খেয়াল কইরছি উনি আর ওনার হোলার সম্পর্ক খুব খারাপ,মুই খেয়াল খরছি তাইন আর তাইনর ফুয়ার সম্পর্ক খুব খারাফ
"আমার স্বামীর একটা সমস্যা আছে ,ও একটু চিল্লায় কথা বলে","মোর জামাইর এউক্কা সমেস্যা আছে, অয় এট্টু চিল্লাইয়া কথা কয়",আর জামাইর এক্কা্কান সমইস্যা আসে সে এক্কানা সিল্লাই হতা হয়,"আমার জামাইয়ের একটা সমস্যা আসে ,ওয় একটু চিল্লায় কথা কয়","আর স্বামীর ওকগা সমস্যা আছে ,ও একটু চিল্লাই কতা কয়",মোর জামাইর এখটা সমস্যা আছে তাইন এখটু চিল্লাইয়া মাতইন
আমি দেখেছি সব সময় এমন কাজ করেন যার জন্য উনার ছেলে অনেক রাগ করেন,মুই দেখছি বেবাক কালে এরহম কাম করে যের লজ্ঞা হ্যার পোলা বেমালা চেইত্যা যায়,আই দেইক্কি সব সমত এনে হাম গরে যার হারনে তার ফোয়া রাগ গরে,আমি দেখসি বেগ সময় এমন কাম করেন যার লাইজ্ঞা হের পোলা মেলা রাগ করে,আই দেখেছি বেক সময় এরুম কাম করেন যেডার লাই হেতোনের হোলা অনেক রাগ করেন,মুই দেখছি হখল সময় তাইন হউ কাম খরবা যার লাগি তান ফুয়া গুসা করইন
কিছু বললে উনি সেইটা অন্যভাবে নিয়ে চিল্লাচিল্লি করেন,কিছু কইলে হ্যায় হেইডা অন্যভাবে লইয়া চিল্লাচিল্লি করে,কিছু হইলে ইয়ান আন্য ভাবে লইয়েরে চিল্লাচিল্লি গরে,কিসু কইলে হেয় ওইডা অন্যভাবে নিয়া চিল্লাচিল্লি করে,কিছু কইলে হেতনে হেইটা অন্যভাবে লই চিল্লাচিল্লি করেন,কুনতা মাতলে তাইন অটা অইন্যভাবে লইয়া চিল্লানি লাগাইন
উনি যেইটা বলবে সেইটাই ঠিক আর সেইটাই করবে,হ্যায় যেইডা কইবে হেইডাই ঠিক আর হেইডাই করবে,উনি যিয়ান হইয়ে ইয়ানই ঠিক আর ইয়ানি হইবো,উনি যেইডা কইব ওইডাই ঠিক আর ওইডাই করব,হেতোনে যেইটা কইবো হেইটাই ঠিক আর হেইটাই কইরবো,তাইন যা খইবা তাও ঠিক আর হটাউ খরবা
কারো কথা উনি শুনেন না,কেউর কথা হ্যায় হোনে না,হারো হতা উনি নো ফরে,কারো কথা হেয় হুনে না,কারো কতা হেতনে হুনেন না, খেউরো মাত তাইন হুনোইন না
উনার কারো সাথে ভালো সম্পর্ক নেই,হ্যার কাউর লগে ভালো সম্পর্ক নাই,উনির ফোয়ারিত হনিক্কের এল্লে সম্পর্ক নাই,হের কারো লগে ভালা সম্পর্ক নাই,হেতোনের কারো লগে ভালা সম্পর্ক নাই,তানর লগে খেউরো ভালা খাতির নাই
আমার স্বামীর সবকিছুতে উনি দোষ দেখেন,মোর জামাইর হগলকিছুতে হ্যায় দোষ খোঁজে,আর জামাই বেয়াাক্কিসুত দোস কুজে,আমার জামাইয়ের বেগকিসুতে হেয় দোষ দেহে,আর স্বামীর বেগগিনে হেতন দোষ দেন,মোর জামাইর হখলতাত তাইন দুষ দেখইন
সবাইকে বলেন ইদানীং আমার ছেলে বদলে গেছে,হগলডিরে কয় ইদানিং মোর পোলা পাল্ডাইয়া গ্যাছে,বেয়াক্কুনেরে হইদোন আর ফোয়া ইদানিং ফালটি গিয়োই,সবাইরে কয় ইদানীং আমার পোলা বদলায়া গেসে,বেকেরে কয় ইদানীং আর হোলা বদলি গেছে,হখলরে খইন ইদানীং মোর ফুয়া বদলি গেছে
গতকাল একটা ছোট বিষয় নিয়ে বলেন বিয়ের পর ছেলেরা কেমন বদলে যায়,গ্যাছেকাইল এউক্কা ছোডো বিষয় লইয়া কইছে বিয়ার পর পোলারা ক্যামন পাল্ডাইয়া যায়,হালিয়া এক্কান ছোডো বিষয় লইয়েরে হোন বিয়ার ফোর মরত ফওয়াইন হইল্লে ফালটি যায়,গতকাল একটা ছোট বিষয় নিয়া কইলেন বিয়ার পরে পোলারা কেমন বদলায়া যায়,গতকাইলগা ওকগা ছোট্ট বিষয় লই কইলেন বিয়ার হর হোলারা কিরুম বদলি যায়,গত কাইল ছুটো এখটা বিষয় লইয়া তাইন খইরা বিয়ার বাদে ফুয়াইন কিলান বদলি যাইন
উনাদের মা ছেলের সম্পর্ক খারাপ এর প্রভাব আমার উপর আসে,হ্যাগো মায় পুতের সম্পর্ক খারাপ হেইয়ার পোরভাব মোর উপরে আয়,ইতারার মা ফোয়ার সম্পর্ক হারাপ ইয়েনোর প্রভাব আর উওরত আইয়ে,হেরার মা পোলার সম্পর্ক খারাপ এর প্রভাব আমার উপর আয়,হেতাগো মা হোলার সম্পর্ক খারাপ এর হভাব আর উপর আইয়ে,তারার মা ফুয়ার সম্পর্ক খারাফ আর এর গরম মোর উফরে দিয়া যায়
আমি আমার স্বামীর সাথে রাগ করি কেনো তাদের এরকম কথা কাটাকাটি হয়,মুই মোর জামাইর লগে ব্যাজার হই কির লইজ্ঞা হ্যাগো এইরহম কথা কাডাকাডি হয়,আই আর যামাইর রাগ কিল্লাই গোরি ইতারার হোতা এইল্লে হাডাহাডি অয়,আমি আমার জামাইয়ের লগে রাগ করি কেরে তারার এরকম কথা কাটাকাটি হয়,আই আর স্বামীর লগে রাগ করি কেনো হেতাগো এরুম কতা কাডাকাডি অয়, মুই মোর জামাইর লগে গুসা খরি খেনে তারার অতা খতা কাটাকাটি অয়
ও আমাকে কোন কাজে সাহায্য করে,অয় মোরে কোন কামে সাহাইয্য করে না,ইতি আরে কোন কামত লাগের দে,ও আমারে কোন কামে সাহায্য করে,ও আরে কোন কামে সাহাইয্য করে, হে মোরে কুন কামো সাধ দেয়
"কিছু কিনে দিতে চাইলে,কোথায় ঘুরতে নিয়ে যেতে চাইলে উনি সেইটা ভালোভাবে নেন না","কিছু কিন্না দেতে চাইলে, কোনহানে ঘোরতে নিয়া যাইতে চাইলে হ্যায় হেইডা ভালোমত লয় না","কিছু কিনো দিতু চাইলে,কোনো মিক্কা ঘুরাবাইলার লই যাইত চাইলে ইবার ভালাগরি ন লই","কিসু কিন্না দিতে চাইলে,কোথায় ঘুরতে নিয়া যাইতে চাইলে হেয় হেইডা ভালোভাবে লন না","কিছু কিনি দিতে চাইলে,কোনানো ঘুরতে লই যাইতে চাইলে উনি সেইটা ভালোভাবে লন না"," কুচ্চু কিনিয়া দিতো চাইলে, কুনো জাগাত পাখানিত লইয়া যাইতে চাইলে তাইন ইতা ভালাভাবে নেইন না"
উনার আমলের উদাহরণ দেন উনি কি করেছেন,হ্যার আমলের উদারন দ্যান হ্যায় কি করছেলে,"ইবে দে আমলের কতা হর, ইবি নিজে কি গরজ্জী দে",হের আমলের উদাহরণ দেন হেয় কিতা করসেন,হেতনের আমলের উদাহরণ দেন হেতনে কি কইরছেন,তানর আমলি উদাহরণ দেইন তাইন কিতা খরছিলা
আমাদের আর উনাদের সময় তো এক না,মোগো আর হ্যাগো সময় তো আর এক না,আরার আর ইবার সময় তো এক্কই নো,আমরার আর হেরার সময় তো এক না,আঙ্গো আর হেতাগো সময় তো এক ন,আমরার আর তাইনর সময় তো এখ লাখান নায়
আমার বাসার কেউ আসলে উনি বাসায় ঝগড়াঝাটি শুরু করে দেন,মোর বাড়ির কেউ আইলে হ্যায় বাড়িতে কাইজ্জা শুরু কইররা দ্যায়,আর বাসাত কেউ আইলে ইবে হইজ্জা শুরু গরি দে,আমার বাসার কেউ আইলে উনি বাসায় ঝগড়াঝাটি শুরু কইরা দেন,আর বাসাত কেউ আইলে হেতনে বাসাত ঝগড়াঝাটি শুরু করি দেয়, আমরার বাসাত খেউ আইলে তাইন বাসাত ঝগড়াঝাটি লাগাই দেইন
আমার স্বামী বাসায় কিছু আনলে সবার জন্য নিয়ে আসেন,মোর জামাই ঘরে কিছু আনলে হগলডির লইজ্ঞা লইয়া আয়,আরর জামাই বাড়ীত আইলে বেক্কুনলায় কিছু না কিছু লই আয়ই,আমার জামাই বাসায় কিসু আনলে সবার লাইজ্ঞা নিয়া আসেন,আর স্বামী বাসাত কিছু আইনলে বেকের লাই লই আনে,মোর জামাই বাসাত কুনতা আনলে সবর লাগি লইয়া আইন
তাও মার অভিযোগ ও কিছু আনে না,হ্যাও মায়র বিচার অয় কিছু আনে না,হাজার হইলেও ইতি মারে লই কিছু নো হই,তাও আম্মার অভিযোগ হেয় কিসু আনে না,তার হরেও মার অভিযোগ হেতনে কিছু আনে না, তাও আম্মার অভিযোগ তাইন কুনতা আনইন না
কিন্তু আমি নিজেই দেখেছি ও মাকে কত ভালোবাসে,তয় মুই নিজে দ্যাখছি অয় মোর মায়রে কত ভালোপায়,কিন্তু আই নিজের চোখত হতোবার দেইখ্খি ইতি ইতার মারে বওত ভালোবাসে,কিন্তু আমি নিজেই দেখসি ওয় মারে কত ভালবাসে,কিন্তু আই নিজেই দেখছি হেতনে মারে কত ভালোবাসে,কিন্তু মুই নিজে দেখছি তাইন আম্মারে কতখান ভালাপাইন
এইটা ওইটা কিনে দিতে চাইলে বলে টাকা নষ্ট করিস না,এইডা অইডা কিননা দেতে চাইলে কয় টাহা নষ্ট করিস না,ইবা ইবা কিনতো গেইলে আরে হওয় দে ট্যায়া নষ্ট ন গরিস,এইডা ওইডা কিন্না দিতে চাইলে কয় টাকা নষ্ট করিস না,এইডা ওইডা কিনি দিতে চাইলে কয় টাকা নষ্ট করিছ না,অতা হতা কিনিয়া দিতো চাইলে খইন টেখা নষ্ট করিছ না
আমার আম্মু আসছে আমাদের বাসায় ৬ মাস পরে,মোর মায় আইছে মোগো বাড়ি ৬ মাস পর,আরর আম্মা আইস্সে দে আরার গরত ৬ মাস পর,আমার আম্মা আইসে আমরার বাসায় ৬ মাস পরে,আর মা আইছে আর বাসাত ছ মাস হরে, মোর আম্মায় আইছলা আমরার বাসাত ৬ মাস বাদে
আম্মুর সামনে উনারা যা তা ঝগড়া করেন,মায়ের সামনে হ্যারা যেইয়া হেইয়া লইয়া কাইজ্জা করে,আম্মার মুঅনে ইতারা হইজ্জা গরে,আম্মার সামনে হেরা যা তা ঝগড়া করেন,মার সামনে হেতোনরা যা তা ঝগড়া করে, আম্মার সামনে তারা যা তা ঝগড়া করইন
ভালো ব্যবহার করেন না,ভালো ব্যবহার করে না,ইতার কতা বার্তা ঠিক নাই,ভালা ব্যবহার করেন না,ভালা ব্যবহার করে না, ভালা ব্যবহার করইন না
একসাথে বসে খায় ও না,একলগে বইয়া খায় ও না,এখত্রে বয়ইনে নো খাই,একলগে বয়া খায় ও না,একলগে বই খায় ও না,এখলগে বইয়া খাইনও না
আম্মু এসব দেখে খুব কষ্ট পাচ্ছেন যেহেতু আমার বাবা নেই,মায় এইডি দেইখ্যা বেমালা কষ্ট পাইতেয়াছে যেহেতু মোর বাপ নাই,"আম্মা এইন দেখিনে বওত কষ্ট ফার,তার উদ্দি আর আব্বা ও নাই",আম্মা এসব দেইক্ষা মেলা কষ্ট পাইসেন যেহেতু আমার আব্বা নাই,মা ইগিন দেই খুব কষ্ট হাইতেছেন যেহেতু আর বাপ নাই,আম্মা অতা দেকিয়া খুব খষ্ট পাইরা যেহেতু মোর আব্বা নাই
আমার স্বামী এসব নিয়ে কিছু বলতে গেলে উনি মনে করেন বউ ছেলের হয়ে গেছে,মোর জামাই এইয়া লইয়া কিছু কইতে গ্যালে হ্যায় মনে করে বউ পোলার হইয়া গ্যাছে,আর যামাই ইন লইয়েরে কিছু হইতে গেলে মনে গরেদে বউ ফোয়ার অই গিয়োই,আমার জামাই এসব নিয়া কিসু কইতে গেলে হেয় মনে করেন বউ পোলার হয়া গেসে,আর স্বামী ইগিন লই কিছু কইতে গেলে হেতোনে মনে করেন বউ হোলার অই গেছে, আমার জামাই ইতা লইয়া কিচ্ছু কওয়াত গেলে তাইন ভাবইন ফুয়া বউর অই গেছে
উনার আরো একটা ছেলে আছে,হ্যার আরো এউক্কা পোলা আছে,ইবার উগ্গো ফোয়া আছে,হের আরো একটা পোলা আসে,হেতোনের আরুকগা হোলা আছে,তানর আরো এখান ফুয়া আছে
সে চাকরি করে বিয়ে বিয়ে করে নাই,হ্যায় চাকরি করে বিয়া করে নাই,"ইতে চওরি গরে, বিয়ে বিয়ে নো গরে",হেয় চাকরি করে বিয়া বিয়া করে নাই,হেতে চাকরি করে বিয়া বিয়া করে ন,হে চাকরি করে বিয়া খরছে না
মার কাছে ছোটো ছেলেই সব,মায়ের ধারে ছোডো পোলাই সব,"মা ওর কাছত, ছোড পোয়া বেক",মার কাসে ছোটো পোলাই সব,মার কাছে ছোটো হোলাই বেগগিন,আম্মার টাইন ছুটো ফুয়াও সব
তার ছোটো ছেলের কোন দোষ নেই,হ্যার ছোডো পোলার মোডেও দোষ নাই,ইতার ছোড পোয়ার কোনো দোষ নাই,হের ছোটো পোলার কোন দোষ নাই,হেতোনের ছোটো হোলার কোন দোষ নাই, তান ছুটো ফুয়ার কুনো দুষ নাই
আমি নিজে দেখেছি সে কেমন বাজে ব্যবহার করে মায়ের সাথে,মুই নিজে দেখছি হ্যায় কিরহম নিষ্টা ব্যবহার করে মায়ের লগে,"আই নিজোর চোখত দেইখ্খি ,ইতি ইতার আম্মার লাই খারাপ কতা হয়",আমি নিজে দেখসি হেয় কেমন বাজে ব্যবহার করে মায়ের লগে,আই নিজে দেখছি হিগা কিরুম বাজে ব্যবহার করে মার লগে,মুই নিজে দেখছি হে কিলান বাদ ব্যবহার করে আম্মার লগে
সংসার এর সব খরচ আমার জামাই দেয়,সংসার এর হগল খরচ মোর জামাই দ্যায়,গরর বেক ট্যায়া  আর জামাই দে যে,সংসার এর বেগ খরচ আমার জামাই দেয়,সংসার এর বেগগিন খরচ আর জামাই দেয়,সংসারর সারা খরচা মোর জামাইয়ে দেইন
সব কাজ আমি করি উনি একটা কাজ ও করেন না তাও আমরা খারাপ,হগল কাম মুই করি হ্যায় এউক্কা কাম ও করে না হ্যাও মোরা খারাপ,"বেক খাম আই গরি,ইবে উগ্গোও খাম নো গরে , তওও আরা হারাপ",বেগ কাম আমি করি হেয় একটা কাম ও করেন না তাও আমরা খারাপ,বেগগিন কাম আই করি হেতনে ওকগা কাম ও করেন না তাও আমরা খারাপ,হখল কাম মুই খরি তাইন এখটা কামও খরইন না তাও আমরা ভালা নায়
আমার চাচা শ্বশুর সবাই আলহামদুলিল্লাহ নিজেদের বাড়ি গাড়ি করে ফেলেছেন,মোর চাচা হউর হগলডি আলহামদুলিল্লাহ নিজেগো বাড়ি গাড়ি কইররা হালাইছে,আর চাচা ওওর বেক্কুনে আলহামদুলিল্লাহ নিজেগোর বাড়ি গাড়ি গরি ফেলাইই,আমার চাচা শ্বশুর বেহেই আলহামদুলিল্লাহ নিজেরার বাড়ি গাড়ি কইরা ফালাইসেন,আর চাচা হোড় বেকে আলহামদুলিল্লাহ নিজেগো বাড়ি গাড়ি করি হালাইছেন,মোর চাচা হউর সবে আলহামদুলিল্লাহ নিজরার বাড়ি গাড়ি করি লাইছইন
উনি নামাজ কালাম ও ঠিক মত পড়েন না,হ্যায় নামাজ কালাম ও ভালো কইররা পড়ে না,ইতি নামাজ কালাম ও নো পড়ে,উনি নামাজ কালাম ও ঠিক মত পড়েন না,হেতোনে নামাজ কালাম ও ঠিক করি হড়েন না, তাইন নামাজ কালামও ঠিকঠাক পড়ইন না
আমি এখন এইগুলো মেনে নিতে পারছি না,মুই এহন এইডি মাইননা নেতে পারতেয়াছি না,আই এহন ইউন মানিত নো পারির,আমি এহন এইগুলা মাইন্না নিতাম পারতাসি না,আই অন ইগিন মানি লইতে হাইরতেছি না, মুই অখন অতা মানিয়া নিতাম ফারিয়ার না
আমি চাচ্ছি আলাদা বাসায় চলে যাবো আমরা,মুই চাইতেয়াছি আলাদা বাড়তে চইললা যামু মোরা,"আই চিন্তা গরির দি, আই আলাদা বাসাত চলি যাইয়ুম",আমি চাইতাসি আলাদা বাসায় চইল্লা যায়াম আমরা,আই চাইতেছি আলাদা বাসায় চলি যাইয়ুম আমরা,মুই চাইয়ার আলেদা বাসাত যাইতাম গিয়া আমরা
এইটা কি ঠিক সিদ্ধান্ত হবে আমাদের জন্য?,এইডা কি সঠিক সিদ্ধান্ত হইবে মোগো লইজ্ঞা?,ইবা কি টিক সিদ্ধান্ত ওইবো নে আরোর লায়?,এইডা কি ঠিক সিদ্ধান্ত হইব আমরার লাইজ্ঞা?,এইডা কি ঠিক সিদ্ধান্ত অইবো আঙ্গো লাই?, অখটা কিতা ঠিগ সিদ্ধান্ত অইবো নি আমরার লাগি?
আমার বিয়ে হয়েছে চার বছর,মোর বিয়া হইছে চাইর বছর,আর বিয়া অইয়ে চাইর বছর।,আমার বিয়া হইসে চাইর বছর,আর বিয়া অইছে চাইর বছর, মোর বিয়া অইছে চাইর বৎসর
আমার মা মারা গেছে আট মাস আগে,মোর মায় মইররা গ্যাছে আট মাস আগে,আর মা ইন্তেকাল গইজ্জে আট মাস আগে,আমার মা মারা গেসে আট মাস আগে,আর মা মরি গেছে আট মাস আগে,মোর আম্মা মারা গেছইন আট মাস আগে
আমি আমার বাবা মার একমাত্র সন্তান,মুই মোর বাপ মায়ের একলা সন্তান,আই আর বাফোর একমাত্র সন্তান,আমি আমার বাপ মার একমাত্র সন্তান,আই আর বাপ মার একমাত্র সন্তান,মুই মোর বাফ মার একমাত্র সন্তান
মা মরে যাওয়ার পর বাবা খুব একা হয়ে গিয়েছে,মায় মইররা যাওয়ার পর আব্বা একছের একলা হইয়া গ্যাছে,মার ইন্তেকালোর ফোর খুব এহলা অইগিয়ে,মা মইরা যাওনের পর আব্বা খুব একা হয়া গেসে,মা মরি যাওনের হর বাপে খুব একলা অই গেছে, আম্মা মুরা ফরে আব্বা খুব এখলা অই গেছলা
তাকে দেখার মত তেমন কেউ নেই,হ্যারে দ্যাহার মতো হেইরহম কেউ নাই,তারে দেহার লাই  এইল্লে হনিক্কে নাই।,তারে দেহার মত তেমন কেউ নাই,হেতনরে দেনের মতন হেরুম কেউ নাই, তানরে দেখার মতো তেমন খেউ নাই
আমি আমার সাধ্য অনুযায়ী চেষ্টা করি বাবার খোঁজ খবর নিতে,মুই মোর সাইধ্য মত চেষ্টা করি আব্বার খোঁজ খবর নেতে,আই আর সাধ্য মত চেষ্টা গরি বাফোর হোয হোবর লইবেল্লাই,আমি আমার সাধ্য অনুযায়ী চেষ্টা করি আব্বার খোঁজ খবর নিতে,আই আর সাধ্য অনুযায়ী চেষ্টা করি বাপের খোঁজ খবর নিতে,মুই  মোর সাইদ্ধ অনুযায়ী চেষ্টা খরিয়া আব্বার খোজ খবর নিতাম
আমার শ্বশুরবাড়ির লোকজন এটা একেবারেই পছন্দ করে না,মোর হউরবাড়ির মানু এইডা এক্কালেই পছন্দ করে না,আর অররবাডির মানুষ তারা আরে এক্কেরে ফোছন্দ নো গরে,আমার শ্বশুরবাড়ির লোকজন এটা এক্কেরেই পসন্দ করে না,আমার হোড়বাড়ির লোকজন ইয়ান এক্কেরেই হছন্দ করে না, মোর হউরবাড়ির মাইনশে ইতা এখেবারেউ ফছন্দ খরে না
বাবার খোঁজখবর রাখার চেষ্টা করি সব সময়,আব্বার খেয়াল রাহার চেষ্টা করি হগলকালে,বাফোর হজহবর রাহিবার চেষ্টা গরি সব সমত,আব্বার খোঁজখবর রাখার চেষ্টা করি বেগ সময়,বাপের খোঁজখবর লনের চেষ্টা করি বেক সময়,আব্বার খোঁজখবর রাখার চেষ্টা খরি হখলসময়
আমার স্বামী এবং তার বাড়ির লোকজন কোনভাবেই রাজি না,মোর জামাই আর হ্যার বাড়ির মানু মোডেও রাজি না,আর জামাই আর তারার বাড়ির মানুষ তারা হোনভাবেই রাজি নো,আমার জামাই আর হের বাড়ির লোকজন কোনভাবেই রাজি না,আর স্বামী আর হেতার বাড়ির লোকজন কোনভাবেই রাজি ন,মোর জামাই আর তান বাড়ির মাইনশে কুনোমতেউ রাজি না
একটা মেয়ের বিয়ে যাওয়ার পর তার পরিবারের প্রতি তার কি কোন দায়িত্ব থাকতে পারে না?,এউক্কা মাইয়ার বিয়া হওয়ার পর হ্যার পরিবারের উপরে হ্যার কি কোন দায়িত্ব থাকতে পারে না?,এক্কান মাইয়াফোয়া বিয়েরফোর তার ফরিবারর প্রতিতার কি হোন দায়িত্ব তাকিন্ন ফারে?,একটা মাইয়ার বিয়া যাওয়ার পর হের পরিবারের প্রতি হের কি কোন দায়িত্ব থাকতে পারে না?,ওকগা মাইয়ার বিয়া অই যানের হর হেতির হরিবারের হতি হেতির কি কোন দায়িত্ব থাইকতো হারে না?,এখটা ফুড়ির বিয়া দেওয়ার বাদে কিতা পরিবারর প্রতি তার কুনো দায়িত্ব থাকতো ফারে নানি?
একটা ছেলে যেমন তার বাবা-মার দায়িত্ব পালন করে,এউক্কা পোলা যেমন হ্যার বাপ-মায়ের দায়িত্ব পালন করে,এক্কান মরত ফোয়া তার মা বাফোর দায়িত্ব ফালন গরে,একটা পোলা যেমন হের বাপ-মার দায়িত্ব পালন করে,ওকগা হোলা যেরুম হেতার বাপ-মার দায়িত্ব হালন করে, এখটা ফুয়ায় যেমন তার বাফ মার দায়িত্ব পালন খরে
একটা মেয়েও যদি তার বাবার দায়িত্ব পালন করে সেই ক্ষেত্রে সমস্যাটা কোথায় আমি জানিনা,এউক্কা মাইয়াও যদি হ্যার আব্বা র দায়িত্ব পালন করে হ্যালে সমেস্যাডা কোম্মে মুই জানিনা,এক্কান মাইয়াফোয়াও যদি তার বাফোর দায়িত্ব ফালন গরে ইয়েনত সমইস্যা হডে আই নো যানি,একটা মাইয়াও যদি হের বাপের দায়িত্ব পালন করে সেই ক্ষেত্রে সমস্যাটা কোনখানে আমি জানিনা,ওকগা মাইয়া যদি হেতির বাপের দায়িত্ব হালন করে হেডার বেলায় সমস্যাটা কোনাই আই জানিনা, এখটা ফুুড়িও যদি তাইর বাফর দায়িত্ব পালন খরে তে সমস্যাটা কুন জাগাত আমি বুজি না
ঈদ গেছে দুইদিন পার হয়ে গেল,ঈদ গ্যাছে দুজ্ঞাদিন পার হইয়া গ্যালে,ঈদ অইয়েদে দুইদিন ফার অই গিয়য়ি,ঈদ গেসে দুইদিন পার হয়া গেল,ঈদ গেছে দুইদিন হার অই গেছে, ইদ গেছে দুইদিন পারই গেলো
আমি আমার বাবার বাসায় যাওয়ার অনুমতি পাচ্ছি না,মুই মোর আব্বা র বাড়ি যাওয়ার অনুমতি পাইতেয়াছি না,আই আর বাফোর বাড়ি যাইবার অনুমতি নো ফাইর,আমি আমার আব্বার বাসায় যাওনের অনুমতি পাইতাসি না,আই আর বাপের বাসাত যানের অনুমতি হাইতেছি না,মুই মোর বাফর বাসাত যাওয়ার অনুমতি ফাইয়ার না
তাদের অনুমতির অপেক্ষা করতে হচ্ছে,হ্যাগো অনুমতির অপেক্ষা করতে হইতেয়াছে,তারার অনুমতির অফেক্কা গরন ফরের,তারার অনুমতির অপেক্ষা করতে হইতাসে,হেতাগোর অনুমতির অপেক্ষা কইরতে অইতেছে,তারার অনুমতির অফেক্ষা খরা লাগের
আমরা সবাই ঢাকায় থাকি,মোরা ব্যাবাক ঢাহায় থাহি,আরা বেয়াক্কুন ঢাহাত তাকি,আমরা বেহেই ঢাকায় থাহি,আমরা বেকে ঢাকায় থাই, আমরা হখলে ঢাকা থাকি
আমাদের পুরা বাড়ি জুড়ে বাবা একা দুই তিনজন কাজের লোক আছে সাথে,মোগো হগল বাড়ি জুইররা আব্বা একলা দুজ্ঞা তিউনগা কামের লোক আছে লগে,আরার ফুরা বাড়িত বাবা এহলা দুই তিনজন মাইনসের ফওয়ারিত আসে,আমরার পুরা বাড়ি জুইড়া আব্বা একলা দুই তিনজন কাজের লোক আছে সাথে,আঙ্গো হুরা বাড়ি জুড়ি বাপ একলা দুই তিনজন কামের লোক আছে লগে,আমরার পুরা বাড়ি জুড়িয়া আব্বা এখলা দুই তিনজন কামলা আছে লগে
বাবা খুব করে চাচ্ছিল যেন আমি বাসায় যাই,বাপ ম্যালা চাইতেয়াছেলে যেন মুই বাড়ি যাই,বাবা কুব গরি ছার আরা যেন বাসার যাই,আব্বা খুব কইরা চাইতাসিল যেন আমি বাসাত যাই,বাবা খুব করে চাইতেছিলো যেন আই বাসাত যাই, আব্বায় খুব চাইছলা যাতে মুই বাসাত যাই
আজ রাতে বাবা হঠাৎ করে অসুস্থ হয়ে পড়েছে খবর শুনে হাসপাতালে এলাম,আইজ রাইতে বাপ হুট কইররা অসুস্থ হইয়া পড়ছে খবর হুইননা হাসপাতালে আইলাম,আজিয়া লাতিয়া বাবা হতাৎ অসুস্থ অইগিয়ে ইয়ান ফুনিয়েরে হাসফাতালত আইসসি,আইজ রাইতে আব্বা হঠাৎ কইরা অসুস্থ হয়া পড়সে খবর হুইন্না হাসপাতালে আইলাম,আইজ রাইতে আব্বা হঠাৎ করি অসুস্থ অই হইড়ছে খবর হুনি হাসপাতালে আইলাম, আইজকু রাইত আব্বা আখতা বেমার পড়ায় খবর হুনিয়া হাসপাতাল আইলাম
রাতের বেলায় হাসপাতালে আসতে চাইলাম সেখানেও বাধা,রাইতের কালে হাসপাতালে আইতে চাইছেলাম হেইহানেও বাধা,লাতিয়া হাসফাতালত আইতে সাইলাম ইয়ানতও বাধা,রাইতের বেলায় হাসপাতালে আইতে চাইলাম ওইহানেও বাধা,রাতের বেলা হাসপাতালে আইতে চাইলাম হিয়ানেও বাধা,রাইতকু হাসপাতাল আইতাম চাইলাম হখানও বাধা দিলা
সব বাধাকে পিছনে ফেলে আমি একাই হাসপাতালে এসেছি,হগল বাধা পিছে হালাইয়া মুই একলাই হাসপাতালে আইছি,সব বাধা ফিচ্চে ফেলি এহলা হাসফাতালত আই গিয়ি,বেগ বাধারে পিসনে ফালায়া আমি একলাই হাসপাতালে আইসি,বেক বাধারে হিছনে হালাই আই একলাই হাসপাতালে আইছি,হখল বাধারে  করে ফালাইয়া মুই এখলাউ হাসপাতাল আইলাম
আমার স্বামী আমার সাথে আসেনি,মোর জামাই মোর লগে আয়নাই,আর জামাই আর ফওয়ারিত আইন্নফারের,আমার জামাই আমার লগে আয়নাই,আর স্বামী আর লগে আইয়ে ন,মোর জামাই মোর লগে আইছে না
তাদের কথাবার্তা শুনে মনে হয়েছিল আমাকে বিয়ে করেছে মানে আমাকে কিনে নিয়েছে,হ্যাগো কথাবারতা হুইননা মনে হইছেলে মোরে বিয়া করছে মানে মোরে কিননা নেছে,ইতারার হতাবার্তা ফুনি মনত অর আরে বিয়া গইজ্জে মানে আরে কিনি ফেলাইয়ে,হেরার কথাবার্তা হুইন্না মনে হইসিল আমারে বিয়া করসে মানে আমারে কিন্না নিসে,হেতাগো কতাবার্তা হুনি মনে অইছিলো আরে বিয়া কইরছে মানে আরে কিনি নিছে,তারার মাত হুনিয়া মনে অর মোরে বিয়া খরছে মানে মোরে কিনিলচে
বাবাকে হাসপাতালে দেখে খুব খারাপ লাগছে,আব্বারে হাস্পাতালে দেইক্ষা বেমালা খারাপ লাগছে,বাবারে হাসফাতালত সাইয়েরে খুব হারাফ লাইগগে,আব্বারে হাসপাতালে দেইক্ষা মেলা খারাপ লাগসে,আব্বারে হাসপাতালে দেই খুব খারাপ লাগছে,আব্বারে হাসপাতালো দেকিয়া খুব খারাফ লাগছে
আমি মনে হচ্ছে ভুল মানুষের সাথে সংসার শুরু করেছি,মুই মনে কয় ভুল মানের লগে সংসার শুরু করছি,আত্তুন ভুল মানুষের ফোওয়ারিত সংসার গইজ্জি,আমি মনে হইতাসে ভুল মানুষের লগে সংসার শুরু করসি,আর মনে অইতেছে ভুল মানুষের লগে সংসার শুরু কইরছি,মোর মুনে অর মুই ভুল মাইনশর লগে সংসার শুরু খরছি
নিজের পছন্দ বিয়ে করাটা উচিত হয়নি,নিজের পছন্দে বিয়া করাডা উচিত হয়নাই,নিজের ফসন্দ মতন বিয়া গরন ঠিক নো অয়,নিজের পসন্দ বিয়া করাটা উচিত হয়নাই,নিজের হছন্দে বিয়া করাটা উচিত অয়নো,নিজোর ফছন্দে বিয়া খরাটা উছিত অইছে না
আমি এখন থেকে সিদ্ধান্ত নিয়েছি আর কারো কথা আমি শুনবো না,মুই এহন দিয়া সিদ্ধান্ত নিছি যে আর কাউরো কথা মুই হুনমু না,আই এহনেত্তুন সিদ্ধান্ত লইয়ি আর হনিক্কের হতা নো ফুইন্নুম,আমি এহন থাইক্কা সিদ্ধান্ত নিসি আর কারো কথা আমি হুনতাম না,আমি অন তুন সিদ্ধান্ত নিছি আর কারো কথা আই হুইনতান ন,মুই অঅখন সিদ্ধান্ত নিছি আর খেরুর মাত মুই হুনতাম নায়
যতদিন ইচ্ছা বাবার বাসায় থাকবো বাবার সেবা যত্ন করব,যেকয়দিন ইচ্ছা আব্বা র বাড়ি থাকমু আব্বা র সেবা যত্ন করমু,যতদিন মনত ছায় বাফোর বাড়িততাইক্কুম বাবার সেবা গইজ্জুম,যতদিন ইচ্ছা আব্বার বাসায় থাকবাম আব্বার সেবা যত্ন করবাম,যতদিন ইচ্ছা বাপের বাসাত থাইককুম বাপের সেবা যত্ন কইরগুম, যতদিন ইচ্চা আব্বার বাসাত থাকমু আব্বার সেবা যত্ন খরমু
এতে যদি আমার স্বামীর খুব বেশি সমস্যা হয়,হেতে যদি মোর জামাইর বেমালা সমেস্যা হয়,ইয়েনত যদি আর জামাইর খুব বেসি সমইস্যা অয়,এতে যদি আমার জামাইয়ের খুব বেশি সমস্যা হয়,এডাতে যদি আর স্বামীর খুব বেশি সমইস্যা অয়,এতে যদি মোর জামাইর খুব বেশি সমস্যা অয়
তাহলে তার সাথে আলাদা হয়ে যাব,হেইলে হ্যার লগে আলাদা হইয়া যামু,তাইলে আলাদা অই যাইয়ুম,তাইলে হের লগে আলাদা হয়া যায়াম,তাহলে হেতার তুন আলাদা অই যাইয়ুম,তে তান থাকি আলেদা অই যাইমু
আমার সিদ্ধান্ত ভুল না সঠিক তা জানিনা,মোর সিদ্ধান্ত ভুল না সঠিক হেইয়া জানিনা,আর সিদ্ধান্ত গম না হারাফ তা নো জানি,আমার সিদ্ধান্ত ভুল না সঠিক তা জানিনা,আর সিদ্ধান্ত ভুল না সঠিক হেডা জানিনা,মোর সিদ্ধান্ত ভুল না সঠিক জানি না
আমার সম্পর্কের ৪ বছর হতে চলল,মোর সম্পর্কের ৪ বছর হইলে বইললা,আর সম্পর্কর চার বছর অই যার,আমার সম্পর্কের ৪ বছর হইতে চলল,আর সম্পর্কের চাইর বছর অইতে চললো,মোর  সম্পর্কের ৪ বৎসর অই যার
ছেলে আর কেউ না আমারই খালাতো ভাই,পোলা আর কেউ না মোর খালতো ভাই,ফোয়া আর হনিক্কা নয় আর হালতো ভাই,ছেড়া আর কেউ না আমারই খালাতো ভাই,হোলা আর কেউ ন আরই খালতো ভাই, ফুয়া আর খেউ না আমার অউ মইর ঘরর ভাই
উনি দেশের বাহিরে থাকে খুব ঘন ঘন আসা যাওয়া করত,হ্যায় দেশের বাইরে থাহে খুব ঘন ঘন আওয়া যাওয়া করতে,উনি বিদেশ তাহে বেস বেস আসা যাওয়া আসিল,হেয় দেশের বাইরে থাকে খুব ঘন ঘন আসা যাওয়া করত,হেতোনে দেশের বাইরে থাই খুব ঘন ঘন আসা যাওয়া কইরত,তাইন দেশোর বাইরে থাকইন খুব ঘন ঘন আওয়া যাওয়া খরতা 
তাই সম্পর্কটা বেশ ভালই ছিল,হেইতে সম্পর্কডা ম্যালা ভালোই আল্লেহ,এতেল্লাই সম্পর্কগান ভালা আসিল,তাই সম্পর্কটা বেশ ভালাই আসিল,তাই সম্পর্কটা বেশ ভালাই আছিলো,এর লাগি বেশ ভালা খাতির আছিল
উনি দেশে আসলে আমাকে এয়ার্পোটে যাইতে হইত,হ্যায় দেশে আইলে মোর এয়ারপোর্টে যাইতে হইতে,উনি দেশেত আইলে আত্তুন এয়ারফোর্টত যন ফইত্তো,হেয় দেশে আইলে আমারে এয়ার্পোটে যাইতে হইত,হেতোনে দেশে আইলে আরে এয়ারর্পোটে যান লাইগতো,তাইন দেশো আইলে মুই এয়ারপোর্ট যাওয়া লাগতো
এরপর সে আরেকটা ফ্লাইটে করে বাসায় যাইত,হেইয়ার পর হ্যায় আরডা ফেলাইটে কইররা বাড়ি যাইতে,এয়ারফোরত আরেক্কান ফ্লাইটেত গরি বাসাত যন ফইত্তো,এরপর হেয় আরেকটা ফ্লাইটে কইরা বাসায় যাইত,এরহর হেতোনে আরেককান ফ্লাইটে করি বাসাত যাইত, এরবাদে তাইন আরোখটা ফ্লাইটো খরিয়া বাসাত যাইতা
আমার সাথে সে আগে দেখা করত,মোর লগে হ্যায় আগে দ্যাহা করতে,আগে আর ফোয়ারিত দেহা গইত্তো,আমার লগে হেয় আগে দেহা করত,আর লগে হিগা আগে দেয়া কইরত,মোর লগে তাইন আগে দেখা খরতা
উনি শুধুমাত্র আমার সাথে দেখা করার জন্য দেশে আসছে,হ্যায় খালি মোর লগে দ্যাহা করার লইজ্ঞা দেশে আইছে,উনি শুধুমাত্র আর ফোয়ারিত দেহা গরিবেল্লাই দেশত আইসসে,হেয় শুধুমাত্র আমার লগে দেহা করার লাইজ্ঞা দেশে আইসে,হেতোনে এলা আর লগে দেয়া করার লাই দেশে আইছে, তাইন খালি মোর লগে দেখা খরার লাগি দেশো আইরা 
সে তাঁর বাসায়ও যায়নি,হ্যায় হ্যার বাড়িও যায়নাই,সে নিজের বাসাতও নো যায়,হে হের বাসায়ও যায়নাই,হেতে হেতার বাসাতও যায়নো,তাইন তানর বাসাত গেছইন না
উনার কাজ বাদে যেইটুকু সময় থাকত আমার সাথে কথা বলতো,হ্যার কাম থুইয়া যেইডু সময় থাকতে মোর লগে কথা কইতে,উনার হামকাজর ফরে যদ্দুর সময় তাইতো আর ফোয়ারিত হতা হইত,হের কাম বাদে যেটটুকু সময় থাকত আমার লগে কথা কইতো,হেতোনের কাম বাদে যেদ্দুর সময় থাইকতো আর লগে কতা কইতো,তানর কাম বাদে যতটুক সময় পাইতা মোর লগে মাততা
আমি তাঁর সাথে সারারাত জেগে ফোনে কথা বলতাম,মুই হ্যার লগে হারারাইত জাইজ্ঞা ফোনে কথা কইতাম,আই তার ফোয়ার গোডা লাইত যাগিয়েরে হতা হইতাম,আমি হের লগে সারারাইত জাইজ্ঞা ফোনে কথা কইতাম,আই হেতোনের লগে সারারাত জাগি ফোনে কতা কইতাম,মুই তান লগে আস্তা রাইত জাগিয়া জোনে মাততাম
ডিসেম্বর মাসে সে তার পরিবারকে জানায় আমার কথা,ডিসম্বর মাসে হ্যায় হ্যার পরিবাররে জানায় মোর কথা,ডিসেম্বর মাসত আর হতা হইয়ে তার বাসাত,ডিসেম্বর মাসে হেয় হের পরিবাররে জানায় আমার কথা,ডিসেম্বর মাসে হেতে হেতের হরিবাররে জানায় আর কতা,ডিসেম্বর মাসো তাইন তান পরিবাররে জানাইছলা মোর খতা
তার পরিবার কোনোমতেই এই বিয়েতে রাজি না,হ্যার পরিবার মোডেও এই বিয়ায় রাজি না,তার বাসাত্তুন আরে বিয়াল্লাই হোনভাবেই মানি নো লই,হের পরিবার কোনোমতেই এই বিয়াতে রাজি না,হেতার হরিবার কোনোমতেই এই বিয়াত রাজি ন,তান পরিবার কুনো মতেউ অউ বিয়াত রাজি নায়
এরপর সে আমার সাথে যোগাযোগ রাখেনি,হেইয়ার পর হ্যায় মোর লগে যোগাযোগ রাহে নাই,এয়ার ফরত আর ফোয়ারিত র যোগাযোগ নো রাহে,এরপর  আমার লগে যোগাযোগ রাহে নাই,এরহর হে আর লগে যোগাযোগ রায়নো, এরবাদে তাইন মোর লগে আর যুগাযুগ রাখছইন না
এইটাই আমার সাথে তার শেষ কথা,এইডাই হ্যার লগে মোর শ্যাষ কথা,ইয়ানি তার ফোরাইত আর শেষ হতা,এইডাই আমার লগে হের শেষ কথা,এইডাই আর লগে হেতার শেষ কতা, অখটাউ তান লগে মোর শেষ মাত
আমাকে ব্লক করে দেয় সবখান থেকেই,মোরে বোলোক কইররা দেয় হগলখানে গোনে,আরে ব্লক গরি দিয়ে বেগ যায়গাত্তুন,আমারে ব্লক কইরা দেয় সবখান থাইক্কাই,আরে ব্লক করি দেয় বেক জায়গার তুন, মোরে হখল খানো ব্লক খরি দিছইন
আমি নিজে অনেক অসুস্থ,মুই নিজে বেমালা অসুস্থ,আই বউত অসুস্থ,আমি নিজে মেলা অসুস্থ,আই নিজে অনেক অসুস্থ, মুই নিজে বাক্কা বেমার
আমি বিগত ৬ মাস রাতে ঘুমাতে পারি না,মুই গ্যাছে ৬ মাস রাইতে ঘুমাইতে পারিনা,গিয়েদে ৬ মাস আই গুম যাইন্নো ফারি,আমি বিগত ৬ মাস রাইতে ঘুমাইতে পারি না,আই বিগত ছ মাস রাইতে ঘুমাইতে হারি না,মুই গত ৬ মাস রাইত গুমাইতাম ফারি না
আমি বেশ কিছুদিন আগেই জানতে পারি আমার বড় বোন পরোকিয়ায় লিপ্ত,মুই ম্যালা দিন আগেই জানতে পারছি মোর বুইন পরকিয়ায় জড়াইছে,আই বেস কিছুদিন আগেত্তুন জানি আর ভোইন ডর ইবা ফরোকিয়া গরের,আমি বেশ কিসুদিন আগেই জানতে পারি আমার বড় বইন পরকিয়ায় লিপ্ত,আই বেশ কিছুদিন আগেই জাইনতে হারি আর বড় বোন হরোকিয়ায় লিপ্ত,মুই বাক্কা কয়দিন আগে জানতাম ফারছি মোর আফায় পরকীয়াত আছইন
তার অফিসের বিবাহিত এক লোকের সাথে,হ্যার অফিসের বিয়াইত্যা এউক্কা ব্যাডার লগে,তার অফিসর এক নিয়াইত্তে বেডার ফোয়ারিত,হের অফিসের বিবাহিত এক বেডার সাথে,হেতির অফিসের বিবাহিত এক বেডার লগে, তানর অফিসর এখ বিয়াতি বেটার লগে
আমার বোন অবিবাহিত,মোর বুই আবিয়াইত্যা,আর ভোইন আ-বিয়াইত্তে,আমার বইন অবিবাহিত,আর বোন অবিবাহিত,মোর বইন আবিয়াতি
আমার বোনের কাজ কথা অনেক দিন ধরেই সন্দেহজনক মনে হওয়ায় আমি তাকে নজরে রাখছিলাম,মোর বুইনের কাম কথা বেমালা দিন ধইররাই সন্দেহজনক মনে হওয়ার লইজ্ঞা মুই হ্যারে নজরে রাখতেয়াছেলাম,আর ভোইনর হাম গাজ হতা বাত্রা সন্দেহজনক মনে অইয়ে আই এতাল্লাই তারে নজরত রাইক্কিলাম,"আমার বইনের কাম, কথা অনেক দিন ধইরাই সন্দেহজনক মনে হওনে আমি তারে নজরে রাখসিলাম","আর বোনের কাম, কতা অনেক দিন ধরি সন্দেহজনক মনে অওনে আই হেতিরে নজরে রাইখছিলাম","মোর বইনর কাম, মাত বাক্কাদিন ধরি সন্দেহজনক মনে অওয়ায় মুই তাইরে নজরো রাখছিলাম"
আমি বিশ্বাস করতে পারছিলাম না আমার বোন এই কাজ করবে,মুই বিশ্বাস করতে পারতেয়াছেলাম না মোর বুইন এই কাম করবে,আই বিশ্বাস গরিন্নোফারির আর ভোইন এই হাম্মান গরিবদে,আমি বিশ্বাস করতে পারতাসিলাম না আমার বইন এই কাম করব,আই বিশ্বাস কইরতে হাইরতেছিলাম না আর বোন এই কাম কইরবো,মুই বিশ্বাস খরতাম ফারছিলাম না মোর বইন অলা কাম করবা
সে নানান বাহানায় বাসায় একা থাকতে চাইতো,হ্যায় বিভিন্ন উছিলায় বাড়ি একলা থাকতে চাইতে,সে নানান বাহানা লইয়েরে বাসাত এহলা তাকিবেল্লাই চাইতো,হেয় নানান বাহানায় বাসায় একলা থাকতে চাইতো,হেতোনে নানান বাহানায় বাসাত একলা থাইকতে চাইতো,তাইন নানা ফন্দি ফিকির করিয়া বাসাত এখলা থাকতা চাইতা
বাসায় আমি ছাড়া কেও কিছু জানে না,বাড়িতে মুই ছাড়া কেউ কিছু জানে না,বাসাত আই ছাড়া হনিক্কায় হনো কিছু নো যানে,বাসায় আমি ছাড়া কেও কিসু জানে না,বাসাত আই ছাড়া কেও কিছু জানে না,বাসাত মুই ছাড়া আর খেউ কুনতা জানইন না
আমার বাবা বেচে নেই,মোর আব্বা বাইচ্চা নাই,আর বাবা বাসি নাই,আমার আব্বা বাইচ্চা নেই,আর বাবা বাঁচি নাই,মোর আব্বা  বাছিয়া নাই
সমাজে সবাই আমাদের অনেক সম্মান দিয়ে চলে,সমাজে বেবাকে মোগো বেমালা সম্মান দিয়া চলে,সমাজত বেয়াক্কুন আরারে সম্মান দি চলে,সমাজে বেহেই আমরার অনেক সম্মান দিয়া চলে,সমাজে বেকে আঙ্গো রে অনেক সম্মান দি চলে,সমাজো হখলে আমরারে বাক্কা সম্মান দিয়া চলইন
আমার বোন কেন এই পথে পা বাড়ালো জানাজানি হলে কিভাবে মুখ দেখাবো সেই চিন্তায় ঘুমাতে পারছি না,মোর বুইন কির লইজ্ঞা এই দিকে পাও বাড়াইছে জানাজানি হইলে ক্যামনে মুখ দ্যাহামু হেই চিন্তায় ঘুমাইতে পারতেয়াছি না,আর ভোইন কিল্লাই এই ফোতত ফা বাড়াইয়ে জানাজানি অইলে কেনে মুখ দেহাইয়ুম সেই চিন্তায় গুম যাইন্নফারির,আমার বইন কেন এই পথে পা বাড়াইলো জানাজানি হইলে কেমনে মুখ দেহায়াম হেই চিন্তায় ঘুমাইতে পারতাসি না,আর বোন কিল্লেই এই হথে হা বাড়াইলো জানাজানি অইলে কেন্নে মুখ দেয়াইয়ুম হেই চিন্তায় ঘুমাইতে হাইরতেছি না,মোর বইন খেনে অউ পথো পা বাড়াইলো জানাজানি অইলে কিলা মুখ দেখাইতাম হউ চিন্তাত ঘুমাইতাম পাররাম না
বাসায় কাকে জানাবো কিভাবে জানাবো বুঝতেছিনা,বাড়ি কারে জানামু ক্যামনে জানামু বোঝতেয়াছি না,বাসাত হারে হইয়ুম কেনে হইয়ুম নো বুজির,বাসায় কারে জানায়াম কেমনে জানায়াম বুঝতাসিনা,বাসাত কারে জানামু কেমনে জানামু বুইঝতেছিনা,বাসাাত খারে জানাইতাম কিলা জানাইতাম বুজিয়ার না
আমি আমার বোনের চেয়ে অনেক বছরের ছোট,মুই মোর বুইনের চাইয়া ম্যালা বছরের ছোডো,আই আর ভোইনত্তুন বউত বছরের ছোড,আমি আমার বইনের চেয়ে মেলা বছরের ছোট,আই আর বোনের তুন অনেক বছরের ছোডো,মুই মোর আফা থাকি বাক্কা বছ্‌রর ছুটো
আমার বোনকে কিভাবে এই পথ থেকে সরিয়ে আনবো কিছুই বুঝতে পারছি না,মোর বুইনরে ক্যামনে এই রাস্তা গোনে সরাইয়া আনমু কিছুই বোঝতে পারতেয়াছি না,আর ভোইনেরে কেনে এই ফতেত্তুন সরাই আইন্নুম হনক্কিসু নো বুজির,আমার বইনরে কেমনে এই পথ থাইক্কা সরায়া আনবাম কিসুই বুঝতে পারতাসি না,আর বোনরে কেন্নে এই হথ তুন হরাই আইনগুম কিছুই বুইঝতে হাইরতেছি না,মোর আফারে কিলা অউ রাস্তা থাকি হরাইয়া আনতাম কুনতা বুজিয়ার না
বাসায় ভয়ে বলতে পারছি না,বাড়ি ডরে কইতে পারতেয়াছি না,বাসাত ডরে হইন্নুফারির,বাসায় ডরে কইতে পারতাসি না,বাসাত ডরে কইতে হাইরতেছি না,ডরাইয়া বাসাত খইতাম পাররাম না
যদি আমি জেনে গেছি শুনে আমার ক্ষতি করার চেষ্টা করে,যদি মুই জাইননা গেছি হুইননা মোর ক্ষেতি করার চেষ্টা করে,যদি আই জানি গিয়ে ইন ফুনিলে আর ক্ষতি গরিবেল্লাই চেষ্টা গরিব,যদি আমি জাইন্না গেসি হুনে আমার ক্ষতি করার চেষ্টা করে,যদি আই জানি গেছি হুনি আর ক্ষতি করনের চেষ্টা করে,যদি মুই জানিলাইছি ইকান হুনিয়া মোর খেতি করার চেষ্টা করে
ঐ লোক যদি আমার বোনের কোনো ক্ষতি করে,অই ব্যাডায় যদি মোর বুইনের কোন ক্ষেতি করে,বেডা ইবা যদি আর ভোইনর হনো হতি গরে,ঐ লোক যদি আমার বইনের কোন ক্ষতি করে,ঐ লোক যদি আর বোইনের কোনো ক্ষতি করে, হেউ বেটা যদি মোর আফার কুনো খেতি করার চেষ্টা করে
কি করা উচিত এমন পরিস্থিতিতে,কি করার উচিত এরহম অবস্থায়,কি গরন উচিত এইল্লে ফরিস্থিতিত,কি করন উচিত এমন পরিস্থিতিতে,কি করা উচিত এরুম হরিস্থিতিতে,কিতা খরা উছিত অলা পরিস্থিতিত
আমার মনে হচ্ছে আমি জেনে গেছি শুনে ওরা আমাকে খুন করতেও দুইবার ভাববে না,মোর মনে হইতেয়াছে মুই জাইননা গেছি হুইননা অরা মোরে খুন করতেও দুইফির ভাববে না,আত্তুন মনত অরদে ইতারা জানি গেইলই আরে মারিফেলিবেল্লাই ইতারা দুইবার চিন্তা নো গরিবো,আমার মনে হইতাসে আমি জাইন্না গেসি হুনলে ওরা আমারে খুন করতেও দুইবার ভাববো না,আর মনে অইতেছে আই জানি গেছি হুইনলে হিগুন আরে খুন কইরতেও দুইবার ভাইবতো ন, মোর গেছে লাগে মুই জানিলাইছি ইকান তারা হুনলে মোরে জানে মারতেও তারা দুইবার ভাবতা নায়
এতো এতো সংসারের ঝামেলা দেখে পোস্ট করা,এতোডি সংসারে গ্যাঞ্জাম দেইকখা পোস্ট করা,এতো এতো সংসারর ঝামেলা সাইয়েরে পোস্টান গরন,এতো এতো সংসারের ঝামেলা দেইক্ষা পোস্ট করা,এতো এতো সংসারের ঝামেলা দেই হোস্ট করা, অতো অতো সংসারর ঝামেলা দেকিয়া পোস্ট খরা
সন্ধ্যায় আমার মা এসে আমাকে অভিযোগ দিলো আমার বাবার সাথে ঝগড়া হয়েছে আবার,সন্ধ্যাইয় মোর মায় আইয়া মোরে বিচার দেছে মোর আব্বার লগে কাইজ্জা বাজছে আবার,সন্ধ্যায় আয়ার মা আইয়েরে আরে অভিযোগ গরের আর বাফোর ফোওয়ারিত ঝগরা অইয়ে।,সন্ধ্যায় আমার মা আয়া আমারে অভিযোগ দিলো আমার আব্বার লগে ঝগড়া হইসে আবার,সন্ধ্যায় আর মা আই আরে বিচার দিছে আর বাপের লগে ঝগড়া অইছে আবার, হাইঞ্জার সময় মোর আম্মায় আইয়া মোর গেছে অভিযোগ দিলা মোর আব্বার লগে আরখবার লাগ অইছে
আগে পরের হিসাব বাদ আজকে ঝগড়ার বিষয় আব্বু বিদেশে থাকে,আগে পরের হিসাব বাদ আইজগো কাইজ্জার বিষয় আব্বা বিদেশে থাহে,আগের হতা বাদ আজিয়া ঝগরার বিষয় আব্বু বিদেশত তাজে,আগে পরের হিসাব বাদ আজকে ঝগড়ার বিষয় আব্বা বিদেশে থাকে,আগে হরের হিসাব বাদ আইজগা ঝগড়ার বিষয় আব্বু বিদেশ থায়, আগর ফরর হিসাব বাদ আইজকু ঝগড়ার বিষয় আব্বা বিদেশ থাকইন
সে সারাদিন কত কষ্ট করে কাজ করে,হ্যায় হারাদিন কত কষ্ট কইররা কাম করে,"সে গোডা দিন হত হস্ট গরের,",হেয় সারাদিন কত কষ্ট কইরা কাম করে,হেতনে হারাদিন কত কষ্ট করি কাম করে, তাইন হারাদিন খতো খষ্ট খরি কাম করইন
এক বেলা খাওয়ার সময় পায় এসব আম্মু কে বলছে,এউক্কা বেলা খাওনের সময় পাউ হেইয়া মায়রে কইছে,এক বেলা হানাহাইবার সমত ফায় ইয়েন আম্মুরে হইয়ে,এক বেলা খাওনের সময় পায় এসব আম্মারে  কইসে,ওকগা বেলা খাওনের সময় হায়না ইগিন মারে কইছে, এখবেলা খাওয়ার সময় পাইন ইতা আম্মারে কিগুয়ে কইছে
আম্মু তখন উলটে বলছে আমি ও সারাদিন অনেক কাজ করি,মায় তহন উলডা কইছে মুইও হারাদিন বেমালা কাম করি,আম্মু তহন উল্ডা হইয়ে আইও গোডা দিন বহুত হাম গোরে,আম্মা তহন উলটা কইসে আমি ও সারাদিন মেলা কাম করি,আম্মা তন উলটে কইছে আই ও হারাদিন অনেক কাম করি, আম্মা হেসময় উল্টাইয়া খইরা মুইও হারাদিন বাক্কা কাম খরি
গত কাল না খেয়ে রোজা ছিলাম,গ্যাছে কাইল না খাইয়া রোজা আল্লাহম,গত হালিয়া না হাইয়েরে রোজা আসিলাম,গত কাল না খায়া রোজা আসিলাম,গত কাল না খাই রোজা আছিলাম, গতদিন আনা খাইয়া রুজা আছলাম
এটা শুনে আব্বু রেগে ফোন কেটে দিছে,এইডা হুইন্না আব্বায় চেইত্যা ফোন কাইট্টা দেছে,আব্বু ইয়ান ফুনিয়েরে রাগি ফোন হাডি দিয়ি,এইডা হুইন্না আব্বা রাইজ্ঞা ফোন কাইটটা দিসে,এটা হুনি আব্বা রাগি ফোন কাডি দিছে, অউ মাত হুনিয়া আব্বায় গুসা খরি ফোন কাটি দিছইন
আমি আম্মু কে বললাম আব্বু শুনতে চাইছে একটু সান্ত্বনা,মুই মায়রে কইলাম আব্বা হোনতে চাইছে এট্টুহানে সান্ত্বনা,আই আম্মুরে হইলাম আব্বু সান্ত্বনা ফুনিবেল্লাই সাইয়ে,আমি আম্মা রে কইলাম আব্বা হুনতে চাইসে একটু সান্ত্বনা,আই আম্মা রে কইলাম আব্বা হুইনতে চাইছে কদ্দুর সান্ত্বনা,মুর আম্মারে খইলাম আব্বায় হুনতা চাইছইন এখটু সান্ত্বনা
আমিও বুঝি তুমি অনেক কষ্ট করো,মুইও বুঝি তুমি বেমালা কষ্ট কর,আইও বুঝি তুই বহুত হস্ট গর,আমিও বুঝি তুমি মেলা কষ্ট করো,আইও বুঝি তুমি অনেক কষ্ট করো,মুইও বুজি তুমি বাক্কা খষ্ট করো
আম্মুর কথা কয়দিন আগে আমি তাকে একটা কষ্টের কথা বলছি,মায়ের কথা কয়ডাদিন আগেই মুই হ্যারে এউক্কা কষ্টের কথা কইছি,আম্মুর হতা হয়েকদিন আগোদি আই তারে এক্কান হস্টের হতা হইয়ি,আম্মার কথা কয়দিন আগে আমি তারে একটা কষ্টের কথা কইসি,মার কতা কদিন আগে আই হেতনরে ওকগা কষ্টের কথা কইছি, আম্মার খতা খয়দিন আগে মুই তানরে এখটা খষ্টর মাত কইছি
সে আমার সাথে কি করলো আমাকে ও তাই করতে হবে,হ্যায় মোর লগে কি করলো মোরও হেইয়া করতে হইবে,সে কি হাম গইজ্জে ইন আত্তুনও গরন ফরিবো,হেয় আমার লগে কি করলো আমারে ও তাই করতে হইব,হেতনে আর লগে কি কইরলো আরে ও হেটাই কইরতে হবে,হে আমার লগে কিতা খরলো মোরেও অলা খরা লাগবো
এমন মনোভাব নিয়ে সংসারে কখনো সুখ আসে না,এরহম মন লইয়া সংসারে কহনো সুখ আয় না,এইল্লে মনভাব লইয়েরে হনোদিন সুখ নো আইবো,এমন মনোভাব নিয়া সংসারে কহনো সুখ আয় না,এরুম মনোভাব লই সংসারে কোনোদিন সুখ আইয়ে না, অলা মনোভাব লইয়া সংসারো কুনোদিন সুখ আয় না
আমার মার কাছে আমার জামাই খুব ভাল,মোর মায়ের দ্গারে মোর জামাই বেমালা ভালো,আর মার হাসে আর জামাই বেস গম,আমার মার কাসে আমার জামাই খুব ভালা,আর মার কাছে আর জামাই খুব ভালা,মোর আম্মার টাইন মোর জামাই খুব ভালা
এক কথায় সোনার টুকরো স্বামী আমার,এক কথায় সোনার টুকরা জামাই মোর,এক হতায় সোনার টুকরা জামাই আর,এক কথায় সোনার টুকরো জামাই আমার,এক কতায় সোনার টুকরা স্বামী আর,এখ খতায় সুনার টুকরা জামাই আমার
"আমাকে বোঝে, আমার সব কথা শোনে","মোরে বোঝে, মোর হগল কথা হোনে",আরে বুঝে আর বেয়াগ হতা মানে,"আমারে বুঝে, আমার সব কথা হুনে","আরে বোঝে, আর বেক কতা হুনে", মোরে বুঝে মোর হখল খতা হুনে
আমার হয়ে প্রতিবাদ করে আরো কত গুন,মোর হইয়া পরতিবাদ করে আরো কত গুন,আর অইয়েরে ফ্রতিবাদ গরে আরো হত গুন,আমার হয়া প্রতিবাদ করে আরো কত গুন,আর অই হতিবাদ করে আরো কত গুন,মোর অইয়া ফতিবাদ খরে আরো কতক গুণ
আমি তাকে এইগুলো শিখাইছি,মুই হ্যারে এইগুলান শিখাইছি,আই তারে ইন শিকাইয়ি,আমি তারে এইগুলা শিখাইসি,আই হেতারে ইগিন শিখাইছি,  মুই তানরে অতা হিখাইছি
আমি রেগে থাকলেও সে বুঝতো না,মুই চেইত্যা থাকলেও হ্যায় বোঝতে না,আই রাগি তাকিলেও সে নো বুজিতো,আমি রাইজ্ঞা থাকলেও হেয় বুঝতো না,আই রাগি থাইকলেও হে বুইঝতো না,  মুুই বেমার থাকলেও তাইন বুঝতা না
আমি পাশে বসায়ে বলছি যে এই কাজের জন্য আমার খারাপ লাগছে,মুই ধারে বহাইয়া কইছি যে এই কামের লইজ্ঞা মোর খারাপ লাগছে,আই পাশে বাসাত হইয়ি এই হামোরলাই আর হারাপ লার,আমি পাশে বহায়া কইসি যে এই কামের লাইজ্ঞা আমার খারাপ লাগসে,আই হাশে বইয়াই কইছি যে এই কামের লাই আর খারাপ লাগছে,আমি লগে বওয়াইয়া কইছি যে অতা কামর লাগি আমার বাদ লাগছে
এখন তুমি আমার কাছে ক্ষমা চাও,এহন তুমি মোর ধারে মাফ চাও,এহন তুই আর হাসে মাফ সদ্দে,এহন তুমি আমার কাসে মাফ চাও,অন তুমি আর কাছে মাফ চাও,অখন তুমি আমার টাইন মাফ চাও
আমি তাকে কখনো তার কোনো কাজ নিয়ে খোটা দেই নি,মুই হ্যারে কহনো হ্যার কোন কাম লইয়া খোডা দেইনাই,আই তারে তার হামরলাই হডা নো দি!,আমি হেরে কহনো হের কোনো কাম নিয়া খোটা দেই নাই,আই হেরে কোনোদিন হেতার কোনো কাম লই খোডা দি ন, মুই কুনোসময় তানর কুনো কাম লইয়া খুটা দেই না
আমি একটা কষ্টের কথা বললে সে নিজের কষ্টের কথা বলছে,মুই এউক্কা কষ্টের কথা কইলে হ্যায় নিজের কষ্টের কথা কইছে,আই এক্কান হষ্টের হতা হইলে সেও নিজের হষ্টের হতা হর,আমি একটা কষ্টের কথা কইলে হেয় নিজের কষ্টের কথা কইসে,আই ওকগা কষ্টের কতা কইলে হে নিজের কষ্টের কতা কয়, মুই এখান খষ্টর মাত খইলে তাইন নিজর খষ্টর মাত মাতাত লাগি যাইতা
আমি আমার বিষয় সাইডে রেখে তাকে সান্ত্বনা দিছি,মুই মোর বিষয় সাইডে থুইয়া হ্যারে সান্ত্বনা দিছি,আই আর বিষয়কান সাইডে রাহিয়েরে তারে সান্তনা দোন ফোরের,আমি আমার বিষয় সাইডে রাইক্ষা হেরে সান্ত্বনা দিসি,আই আর বিষয় সাইডে রাই হেতারে সান্ত্বনা দিছি,মুই মোর খান সাইডে রাখিয়া তানরে সান্ত্বনা দিছি
সে যেভাবে আমাকে আশা করছে আমি নিজেকে সেভাবে উপস্থাপন করছি,হ্যায় যেমনে মোরে আশা করছে মুই নিজেরে হেমনেই সামনে আনছি,সে জেইল্লে আত্তুন আসা গরে এইল্লে আই নিজেরে রাহি,হেয় যেমনে আমারে আশা করসে আমি নিজেরে ওমনে উপস্থাপন করসি,হে যেন্নে আরে আশা কইরছে আই নিজেরে হেন্নে উপস্থাপন কইরছি,তাইন যেলা আমারে চাইছইন আমি হলা নিজরে উপস্থাপন করছি
আমার কখনো মনে হয় নি আমি কেন ছোট হবো,মোর কহনো মনে আয়নাই মুই কির লইজ্ঞা ছোডো হমু,আর হনো সমত মনত নো অয় আই ছোট অইয়ুম!,আমার কহনো মনে হয় নাই আমি কেন ছোট হবো,আর কোনদিন মনে অয় ন আই কিল্লেই ছোডো অইয়ুম, মোরে কুনোসময় মনে অইছে না মুই খেনে ছুটো অইতাম
ও আমার সাথে এটা করছে আমিও ওর সাথে এটা করবো,অয় মোর লগে এরহম করছে মুইও অর লগে এইডা করমু,ও আর ফোয়ারিত ইয়ান গইজ্জে এতাল্লাই আইও ইয়ান গইজ্জুম,ও আমার লগে এইডা করসে আমিও ওর লগে এইডা করবাম,হে আর লগে এইডা কইরছে আইও হেতার লগে এইডা কইরগুম,তাাইন আমার লগে অলান খরছইন আমিও তান লগে অলান খরমু
ও বোঝে না আমার ঠেকা নাই বুঝানোর,অয় বোঝেনা মোর ঠ্যাহা নাই বুঝাইন্নার,ইতে নো বুজে আত্তুনও ঠেকা আসে না আইও বুজাইতাম,ওয় বুঝে না আমার ঠেকা নাই বুঝানোর,হে বোঝে না আর ঠেয়া নাই বুঝানের,তাইন বুঝইন না তে আমার ঠেকা নি তানরে বুঝানির
মানুষ যার যার নিজের মত,মানু যের যের নিজের নাহান,মানুষ যার যার নিজের ডইল্লে,মানুষ যার যার নিজের মত,মানুষ যেতার যেতার নিজের মতন,মানুষ যার যারি নিজর লাখান
আমি বিশ্বাস করি কাউকে যদি আমি নিজের মত চাই তাহলে নিজের মত বানিয়ে নিতে হবে,মুই বিশ্বাস করি কেউরে যদি মুই নিজের নাহান চাই হ্যালে নিজের নাহান বানাইয়া লইতে হইবে,আই বিশ্বাস গরি হনইক্কে যদি আরে নিজের ডইল্লে চায় তাইলে বানাইত্তারিবো,আমি বিশ্বাস করি কাউরে যদি আমি নিজের মত চাই তাইলে নিজের মত বানায়া নিতে হইব,আই বিশ্বাস করি কাউরে যদি আই নিজের মতন চাই তাইলে নিজের মতন বানাই লইতে অইবো, মুই ইখান বিশ্বাস করি খেউরে যদি মুই নিজর মন মতো চাই তাইলে নিজর মন মতো বানাইয়া নেওয়া লাগবো
কাউকে নিজের মত বানানোর জন্য আগে আমাকে তার মত হতে হবে,কেউরে নিজের নাহান বানাইন্নার লইজ্ঞা আগে মোর হ্যার নাহান হইতে হইবে,হনইক্কেরে নিজের ডইল্লে বানাইবের আগদ্দি আরে তার ডইল্লে অন ফরিব,কাউরে নিজের মত বানানোর লাইজ্ঞা আগে আমারে তার মত হইতে হইব,কাউরে নিজের মতন বানানের লাই আগে আরে হেতার মতন অইতে অইবো,খেউরে নিজর লাখান বানাইতে অইলে আগে মুই তার লাখান অওয়া লাগবো
এটা জরুরি না সব সময় সব কিছু অপর জন করবে,এইডা জরুলি না হগল সময় হগল কিছু অপর জন করবে,ইয়ান জরুরি নো সব সমত বেয়াক্ককিসু অরেকজন গরিবো,এটা জরুরি না বেগ সময় বেগ কিসু আরেকজন করব,এডা জরুরি ন বেক সময় বেগগিন অপর জন কইরবো, অখটা জরুলি না যেন হখল সময় সবতা আরেখ জন করিয়া দিবো
আপনি নিজে কিছু একটা করেন,আমনে নিজে কিছু এউক্কা করেন,অনে নিজে কিছু এক্কা গরন,আফনে  নিজে কিসু একটা করেন,আন্নে নিজে কিছু এককান করেন,আফনে নিজে কিচ্চু এখটা খরইন
আমার স্বামী পর পর ৩ বছর আমার জন্মদিন মনেও রাখে নি,মোর জামাই পর পর ৩ বছর মোর জন্মদিন মনেও রাহেনাই,আই জামাই ফর ফর ৩ বছর আর জন্মদিন মনত নো রাহে,আমার জামাই পর পর ৩ বছর আমার জন্মদিন মনেও রাহে নাই,আর স্বামী হর হর ৩ বছর আর জন্মদিন মনে রায় ন,মোর জামাই লাগা লাগা ৩ বৎসর আমার জন্মদিন মনউ রাখছে না
আমি পর পর ৩ বছর তাকে সারপ্রাইজ দিয়েছি জন্মদিনে,মুই পর পর ৩ বছর হ্যারে সারপ্রাইজ দিছি জন্মদিনে,আই ফর ফর ৩ বছর তারে সারপ্রাইজ দিয়ি জন্মদিন,আমি পর পর ৩ বছর তারে সারপ্রাইজ দিসি জন্মদিনে,আই হর হর ৩ বছর হেতন রে সারপ্রাইজ দিছি জন্মদিনে,মুই লাগা লাগা ৩ বৎসর তানরে চমকাই দিছি জন্মদিনো
আমি কিন্তু এটা ভাবি নি যে ও মনে রাখে না আমি কেন করতে যাবো,মুই তয় এইডা ভাবি নাই যে অয় মনে রাহেনা মুই কির লইজ্ঞা করতে যামু,আই কিন্তু ইয়ান চিন্তা নো গরি যে ও মনত নো রাহে আই কিল্লাই মনত রাহিতাম,আমি কিন্তু এইডা ভাবি নাই যে ও মনে রাহে না আমি কেন করতে যায়াম,আই কিন্তু এডা ভাবি ন যে হেতনে তো মনে রায় ন আই কিল্লেই কইরতাম যাইয়ুম,মুই কিন্তু অলা ভাবিছি না যেন তাইন মনো রাখলা না তে আমি খেনে রাখাত যাইতাম
আর এবছর সে বিশাল করে সারপ্রাইজ দিয়েছে আমাকে,আর এই বছর হ্যায় বিশাল কইররা সারপ্রাইজ দেছে মোরে,আর এই বছরত যেই বিশাল গরিয়েরে সারপ্রাইজ দিয়ে আরে,আর এবছর হেয় বিশাল কইরা সারপ্রাইজ দিসে আমারে,আর এবছর হেতে বিশাল করি সারপ্রাইজ দিছে আরে, আর অউ বৎসর তাইন মোরে বাক্কা বড় খরি সারপ্রাইজ দিছইন
কেক এর উপর লেখা ছিল শুভ জন্মদিন আমার বউ,কেক এর উপরে ল্যাহা আল্লেহ শুভ জন্মদিন মোর বউ,কেকের উদ্দি লেখা আসিল দে শুভ জন্মদিন আর বউ,কেক এর উপরে লেহা আসিল শুভ জন্মদিন আমার বউ,কেক এর উপর লেয়া আছিলো শুভ জন্মদিন আর বউ, খেগর উফরে লেখা আছিল শুভ জন্মদিন আমার বউ
সময় লেগেছে কিন্তু আমি যা তার থেকে চাই সেটা কিন্তু ঠিক বের করে এনেছি,সময় লাগছে তয় মুই জা হ্যার ধারেগোনে চাই হেইডা কিন্তু ঠিক বাইর কইররা আনছি,সময় লাইজ্ঞে যিন আই তাত্তুন সাইয়ি ঠিক বাইর গরি ফেইল্লি,সময় লাগসে কিন্তু আমি যা হের থাইক্কা চাই সেইটা কিন্তু ঠিক বের করে আনসি,সময় লাইগছে কিন্তু আই যেইডা হেতার তুন চাই হেইডা কিন্তু ঠিক ই বার করি আইনছি,সময় লাগছে কিনতু আমি যা তান থাকি চাইছি হখটা কিন্তু ঠিক বার খরি আনছি
কাউকে তোমার কথা শুনাতে হতে আগে তুমি তার কথা শোনো,কেউরে তোমার কথা হুনাইতে চাইলে আগে তুমি হ্যার কথা হোনো,হনিক্কের হতা ফুনার আগদ্দি ইতার হতা ফুনো!,কাউরে তোমার কথা হুনাইতে হতে আগে তুমি তার কথা হুনো,কাউরে তোমার কতে হুনাইতে অইলে আগে তুমি হেতার কতা হুনো,খেউরে তুমার মাত হুনাইতে অইলে আগে তুমি তার মাত হুনো
আমরা তিন ভাই বোন আমি সবার বড়,মোরা তিন ভাই বুইন মুই সবাইর বড়,আরা ৩ ভাই ভোইন আই বেয়াক্কুনের ডোর,আমরা তিন ভাই বইন আমি বেহের বড়,আমরা তিন ভাই বোন আই বেকের বড়, আমরা ৩ ভাই বইন মুই হখলর বড়
"আমার মা ,ভাই, বোন বরিশালে থাকে",মোর মায় বুইন ভাই বরিশাল থাহে,আর মা ভাই ভোইন বরিশাল তাহে,"আমার মা ,ভাই, বইন বরিশালে থাহে","আমার মা ,ভাই, বোন বরিশালে থায়","মোর আম্মা, ভাই, বইন বরিশাল থাকইন"
আমি সিলেট থাকি,মুই সিলেট থাহি,আই সিলেট তাহি,আমি সিলেট থাহি,আই সিলেট থাই, মুই সিলেটো থাকি
ঢাকায় এসেছি এসএসসি পরীক্ষা দিয়ে,ঢাকায় আইছি মেট্টিক পরিক্ষা দিয়া,ঢাহাত আইয়েরে এসএসসি ফরিক্ষা দিয়ি,ঢাকায় আইসি এসএসসি পরীক্ষা দিয়ে,ঢাকায় আইছি এসএসসি হরীক্ষা দিতো,ঢাকাত আইছি এসএসসি পরীক্ষা দিয়া
"ছোট খালার বাসায়,তার বাসায় থেকেই পড়ালেখা করে এইচএসসি পরীক্ষা দিয়েছি",ছোডো খালার বাড়িতে হ্যার বাড়ি গোনে পড়ালেহা কইররা ইন্টার পরীক্ষা দিছি,ছোড হালার বাসাত তাকিয়েরে ফন্না ফরিয়েরে এইচএসসি ফরিক্ষা দিয়ি,"ছোট খালার বাসায়,হের বাসায় থাইক্কাই পড়ালেহা কইরা এইচএসসি পরীক্ষা দিসি","ছোডো খালার বাসাত,হেতির বাসাত থাই হড়ালেয়া করি এইচএসসি হরীক্ষা দিছি","ছুটো মইর বাসাত, তান বাসাত থাকিয়াউ পড়িয়া এইচএসসি পরীক্ষা দিসি"
আমার খালার বাসাতে ফেরা কি ঠিক হবে,মোর খালার বাড়ী ফেরা কি ঠিক হইবে,আর হালার বাসাত যন কি ঠিক অইবনা,আমার খালার বাসাতে ফিরা কি ঠিক হইব,আর খালার বাসাত হেরা কি ঠিক অইবো,মোর মইর বাসাত ফিরা কিতা ঠিক অইবো নি
আম্মু খালা লেখাপড়ার জন্য ঢাকায় ফিরতে বলবে আমি যেতে পারবো না,মায় খালা পড়াল্যাহার লইজ্ঞা ঢাহায় ফেরতে কইবে মুই যাইতে পারমু না,আম্মু হালা লেহাফড়ার লাই ঢাহাত যাইতে হইলে আই যাইন্ন ফাইজ্জুম,আম্মা খালা লেহাপড়ার লাইজ্ঞা ঢাকায় ফিরতে কইব আমি যাইতে পারতাম না,আম্মা খালা লেয়াহড়ার লাই ঢাকায় হিরতে কইবো আই যাইতে হাইরতান ন, আম্মা খালা লেখাপড়ার লাগি ঢাকাত ফিরার লাগি কইবা মুই যাইতাম ফারতাম নায়
ঐ লোকের সামনে আমি দাঁড়াতে পারবোনা,অই ব্যাডার সামনে মুই খাড়াইতে পারমু না,ঐ লোকর সামনোদি আই দারাইন্নো ফাইজ্জুম,ঐ লোকের সামনে আমি খাড়াইতে পারতাম না,ঐ বেডার সামনে আই খাড়াইতে হাইরতান ন,হউ বেটার সামনে আমি দাড়াইতাম ফারতাম নায়
আমার মতো এতো ভুল মনে হয় কেউ করে না,মোর নাহান এত্তো ভুল মনে হয় কেউ করেনা,আর ডইল্লে এইল্লে ভুল হনিক্কে নো গরে,আমার মতো এতো ভুল মনে হয় কেউ করে না,আর মতন এত ভুল মনে অয় কেউ করে না,মোর লাখান অতো ভুল কিবা খেউ খরইন না
আমি তো সত্যি ভেবেই ভুলে জড়ায় পরতাম,মুই তো সত্য বুইজঝাই ভুলে জড়াইয়া পরতাম,আইতো আসলেই ভুল ফোতে জরাই যাইতেম,আমি তো সত্যি ভাইব্বাই ভুলে জড়ায়া পরতাম,আই তো সত্যি ভাবি ভুলে জড়াই হইরতাম,মুই তো হাছা ভাবিয়াউ ভুলো জড়াই যাইতাম
আমি কিভাবে বুঝতাম যে মানুষগুলো সঠিক না,মুই ক্যামনে বোঝতাম যে মানেরা সঠিক না,আই কেনে বুজিত্তাইত্তাম মানুষ তারা সঠিক নো,আমি কেমনে বুঝতাম যে মানুষগুলা সঠিক না,আই কেন্নে বুইঝতাম যে মানুষগুন সঠিক ন?, মুই  কিলান বুঝতাম যেন মানুষ ইতা সঠিক নায়
আমার প্রথম ভালোবাসার মানুষটা ছিলো ভুল,মোর পোরথোম ভালোবাসার মানুডা আল্লেহ ভুল,আর প্রথম ভালোবাসা আসিল ভুল,আমার প্রথম ভালোবাসার মানুষটা আসিল ভুল,আর হথম ভালোবাসার মানুষটা আছিলো ভুল,মোর পয়লা ভালাপাওয়ার মানুষটা আছিল ভুল
সে পুরো ৬ বছর আমাকে ঠকাইছে,হ্যায় পুরা ৬ বছর মোরে ঠগাইছে,সে গোডা ৬ কান বছর আরে ঠকাইয়ে,হেয় পুরা ৬ বছর আমারে ঠকাইসে,হেতে হুরা ছ বছর ঠকাইছে আরে,হে পুরা ৬ বৎসর মোরে ঠকাইছে
প্রতিবারই আশা করতাম যে ভালো হয়ে গেছে,পেরতেকবার আশা করতাম যে ভালো হইয়া গ্যাছে,ফ্রতিবারই আসা গইত্তেম ভালা অই গিয়ই,প্রতিবারই আশা করতাম যে ভালা হয়া গেসে,হতিবার আশা কইরতাম যে ভালা অই গেছে,ফত্তেকবার ভাবতাম হে ভালা অই গেছে
শেষ বার যে মেয়ের জন্য আমায় ছেড়ে গেছিলো শুনছি সে নাকি অনেক সুন্দর,শ্যাষ ফির যেই মাইয়ার লইজ্ঞা মোরে হালাইয়া গ্যাল্লেহ হুনছি হ্যায় বলে বেমালা সুন্দার,শেষ বার যেই মায়া ফোয়ার লাই আরে ছাড়ি দিয়ি ফুইন্নিদে মাইয়াফোয়া ইবা নাকি বহুত সুন্দর,শেষ বার যে মাইয়ার লাইজ্ঞা আমারে ছাইড়া  গেসিলো হুনসি হেয় নাকি মেলা সুন্দর,শেষ বার যে মাইয়ার লাই আরে ছাড়ি গেছিলো হুইনছি হেতি বেলে অনেক সুন্দর, শেষে যে ফুড়ির লাগি মোরে ছাড়িয়া গেছিল হুনছি তাই বুঝি বাক্কা সুন্দর
দুনিয়া তে আসলে চেহারার সুন্দরই সব,দুনিয়ায় আসলে চেহারা সুন্দরই হগলকিছু,দুনিয়াত আসসলে চেহারার সুন্দর এই বেয়াক্কিসু,দুনিয়া তে আসলে চেহারার সুন্দরই সব,দুনিয়া তে আসলে চেহারার সুন্দর ই বেক কিছু,দুনিয়াত আসলে চেহারার সুন্দর অউ সবতা
আমার মনটা কেউ বুঝে নাহ,মোর মনডা কেউ বোঝে না,আর মন নো বুঝে,আমার মনডা কেউ বুঝে নাহ,আর মনকান কেউ বুইঝলো না, মোর মন খান খেউ বুজে না
তারপর আমি আবার ভুল করছিলাম,হেইয়ারপর মুই ফিররা ভুল করছেলাম,তারফর আই আবার ভুল গরি বেলাইয়ি,তারপর আমি আবার ভুল করসিলাম,হেডার হর আই আবার ভুল কইরছিলাম,এরবাদে মুই আবার ভুল করছিলাম
কোনো এক ভাবে আমাদের কথা শুরু হয়,কোন এক রহম মোগো কথা শুরু হয়,হোন এক ভাবে আরার হতা শুরু অয়,কোনো এক ভাবে আমরার কথা শুরু হয়,কোনো এক ভাবে আঙ্গো কতা শুরু অয়, কুনো এখ প্রকারে আমরার মাত শুরু অইছিল
ধিরে ধিরে দুর্বল হয়ে পড়লাম তার প্রতি,আস্তে আস্তে দুর্বল হইয়া পড়লাম হ্যার উপরে,ধিরে ধিরে আই দূরবল অই যাইলাম তার ফ্রতি,ধিরে ধিরে দুর্বল হয়া পড়লাম হের প্রতি,ধীরে ধীরে দুর্বল অই হইরলাম হেতের হতি, আস্তে আস্তে দুর্বল অই গেলাম তার প্রতি
সেও আমার প্রতি দুর্বল হয়ে গেছিলো,হ্যায়ও মোর উপরে দুর্বল হইয়া গ্যাল্লেহ,সেও আর ফ্রতি দুরবল অই গিয়ি,হেও আমার প্রতি দুর্বল হয়া গেসিলো,হেতেও আর হতি দুর্বল অই গেছিলো,হেও মোর প্রতি দুর্বল অই গেছিল
একটা সময় পর বুঝলাম যে আমরা একে অপরকে চাই,এউক্কা সময় পর বোঝলাম যে মোরা একজন আরেকজনরে চাই,এক্কান সময় ফর বুঝিলাম যে আই একে অফরকে চাইর,একটা সময় পর বুঝলাম যে আমরা একজন আরেকজনরে চাই,এককান সময় হর বুইঝলাম যে আমরা একে অপররে চাই, এখটা সময় ফরে বুঝলাম আমরা এখজন আরোখজনরে চাই
প্রথম দিকে আমি খারাপ ব্যবহার করতাম,পোরথোম দিক মুই খারাপ ব্যবহার করতাম,ফ্রথম আই হারাফ আসরন গইত্তেম,প্রথম দিকে আমি খারাপ ব্যবহার করতাম,হথম দিকে আই খারাপ ব্যাবহার কইরতাম, পয়লা দিকে মুই বাদ ব্যবহার খরতাম
প্রথমবার ঠকার পর একটা ভয় ঢুকে গেছিলো ভিতরে,পোরথোমবার ঠগার পর এউক্কা ডর ঢুইক্কা গ্যাল্লেহ ভিতরে,ফ্রথম বার থকিবার ফর ডোর আই গিয়ি আর ভিতরত,প্রথমবার ঠকার পর একটা ভয় ঢুইক্কা গেসিলো ভিতরে,হথমবার ঠকার হর এককান ভয় ঢুকি গেছিলো ভিতরে, পয়লা বার ঠকার বাদে এখটা ডর হামাই গেছিল ভিতরে
তাকে আমি বলে নিছিলাম যে আমার তোমাকে বিশ্বাস করতে সময় লাগবে,হ্যারে মুই কইয়া নেল্লাহম যে মোর তোমারে বিশ্বাস করতে সময় লাগবে,তারে আই হইলাম যে আত্তুন তোওয়ারে বিশ্বাস গইত্তে সময় লাইবো,তারে আমি কয়া নিসিলাম যে আমার তোমারে বিশ্বাস করতে সময় লাগব,হেতারে আই কই নিছিলাম যে আর তোয়ারে বিশ্বাস কইরতে সময় লাইগবো,তারে আমি কইয়া রাখছিলাম যে মুই তুমারে বিশ্বাস খরতে সময় লাগবো
সে বলছিলো সমস্যা নাই,হ্যায় কইছেলে সমেস্যা নাই,সে হইয়েদে সমইস্যা নাই,হেয় কইসিলো সমস্যা নাই,হেতে কইছিলো সমইস্যা নাই,হে কইছিল সমস্যা নাই
আমি তোমার পাশে আছি,মুই তোমার পাশে আছি,আই তোওয়ার ডাহদ্দি আসি,আমি তোমার পাশে আসি,আই তোমার হাশে আছি,মুই  তুমার লগে আছি
তোমার সব কথা মেনে নিবো,তোমার হগল কথা মাইন্না লমু,তোওয়ার হতা মানি লইউম,তোমার সব কথা মাইন্না নিমু,তোমার বেক কতা মানি নিয়ুম,তুমার হখল খতা মানিয়া নিমু
ঝে মাঝে ঝগড়া হতো কিন্তু সেইদিনই সব ঠিক হয়ে যাইতো,মাঝে মাঝে কাইজ্যা হইতে তয় হেইদিনই বেবাক ঠিক হইয়া যাইতে,মাঝদ্দি ঝগড়া অইতো আবার সেই দিনত থিক অই যাইতো,মাঝে মাঝে ঝগড়া হইতো কিন্তু হেইদিনই সব ঠিক হয়া যাইতো,মাঝে মাঝে ঝগড়া অইতো কিন্তু হেইদিনই বেগগিন ঠিক অই যাইতো,মাঝে মাঝে ঝগড়া অইতো কিন্তু হউ দিন অউ সবতা ঠিক অই যাইতো
সে আমার ছোট ছোট পছন্দের জিনিসও খেয়াল রাখতো,হ্যায় মোর ছোডো ছোডো পছন্দের জিনিসও খেয়াল রাখতে,সে ছোট্ট ছোট্ট পছন্দ হেয়াল রাখিতো,হেয় আমার ছোট ছোট পসন্দের জিনিসও খেয়াল রাখতো,হে আর ছোডো ছোডো হছন্দের জিনিসও খেয়াল রাইকতো,হে মোর ছুটো ছুটো ফছন্দর জিনিসও খেয়াল রাখতো
দ্বিতীয় জনকে পেয়ে নিজেকে খুব ভাগ্যবতী মনে হতো,দুইনাম্বার জনরে পাইয়া নিজেরে ম্যালা ভাগ্যবতী মনে করতাম,আরেকজন ফাইয়েরে নিজেরে বহুত ভাগ্যবতি মনত অইতো,দ্বিতীয় জনরে পায়া নিজেরে খুব ভাগ্যবতী মনে হইতো,দ্বিতীয় জনরে হাই নিজেরে খুব ভাগ্যবতী মনে অইতো,দুুই নাম্বার জনরে পাইয়া নিজোরে খুব ভাইগ্যবতী মনো অইতো
আমার সাথে বাজে ব্যবহার করতে থাকলো,মোর লগে খারাপ ব্যবহার করতে রইছে,আর ফোয়ারিত হারাফ ব্যবহার গইরতো,আমার লগে বাজে ব্যবহার করতে থাকলো,আর লগে বাজে ব্যবহার কইরতে থাইকলো,মোর লগে বাদুয়া ব্যবহার খরতে থাকলো
ততোদিনে আমি তার প্রতি অনেকটাই দুর্বল হয়ে গেছি,ততদিনে মুই হ্যার উপরে অনেক দুর্বল হইয়া গ্যাছি,ততোদিনত আই তার ফ্রতি দুরবল অই গিয়ি,ততোদিনে আমি হের প্রতি অনেকটাই দুর্বল হয়া গেসি,ততোদিনে আই হেতার হতি অনেকটাই দুর্বল অই গেছি,ততদিনে মুই তার প্রতি বাক্কা দুর্বল অই গেছলাম
সে আমাকে ঝগড়া হলেই সব সময় অপমান করে,হ্যায় মোরে কাইজ্যা হইলেই হগল সময় অপমান করে,সে আর ফোয়ারিত ঝগড়া অইলেই আরে অফমান গরে,হেয় আমারে ঝগড়া হইলেই সব সময় অফমান করে,হে আরে ঝগড়া অইলেই বেক সময় অপমান করে,হে আমারে ঝগড়া অইলেউ হখল সময় অপমান খরে
পরিবার তুলে গালি দেয়,পরিবার তুইল্লা খামার দ্যায়,ফরিবার তুলিয়েরে গাইল দে,পরিবার তুইল্লা গালি দেয়,হরিবার তুলি গালি দে,পরিবার তুলিয়া গাইল দেয়
আমি দ্বিতীয় বার ভালোবেসেও ঠকে গেছি,মুই দ্বিতীয় ফির ভালবাইসাও ঠইজ্ঞা গ্যাছি,আই আরো একবার ভালোবাসিয়েরে ঠকি গেইলাম,আমি দ্বিতীয় বার ভালোবাইসাও ঠইক্কা গেসি,আই দ্বিতীয় বার ভালোবাসিও ঠকি গেছি,মুই দুই নাম্বার বার ভালোবাসিয়াও ঠগি গেলাম
তবে আমি তাকে এখনো ভালোবাসি,তয় মুই হ্যারে এহনো ভালবাসি,তবে তারে আই এহনো ভালোবাসি,তবে আমি তারে এহনো ভালবাসি,তবে আই হেতারে অনো ভালোবাসি,তেবো মুই তারে অখনো ভালাপাই
তার দেয়া কথা গুলা মাঝে মাঝে মনে পড়লে অনেক হাসি আসে,হ্যার দেওয়া কথা গুলান মাঝে মাঝে মনে আইলে ম্যালা হাসি আহে,তার হতা বাত্রা মাঝদ্দি মনত ফরিলে বহুত আসি আইয়ে,হের দেয়া কথা গুলা মাঝে মাঝে মনে পড়লে অনেক হাসি আয়,হেতার দেয়া কতাগিন মাঝে মাঝে মনে হইড়লে অনেক হাসি আইয়ে,তারে দেওয়া কথাগুইন মাঝে মাঝে মনে আইলে বাক্কা হাসি আয়
তার কি একটুও মনে পড়ে না আগের দিনের কথা?,হ্যার কি মোডেও মনে পড়ে না আগের দিনের কথা?,তার এক্কানো কি মনত নো ফরে আগের হতা?,তার কি একটুও মনে পড়ে না আগের দিনের কথা?,হেতার কি এককানা ও মনে হড়ে না আগের দিনের কতা?,তার কিতা থুরাও মনো ফড়ে নানি আগর দিনর মাত?
সে কিভাবে পারলো এতো স্বপ্ন দেখানোর পরে আমাকে ঠকাইতে?,হ্যায় ক্যামনে পারছে এত্তো স্বপ্ন দ্যাহাইন্নার পরে মোরে ঠগাইতে?,সে কেনে ফাইল্ল এতো সপ্ন দেহাইয়েরে আরে ঠহাইতো?,হেয় কেমনে পারলো এতো স্বপ্ন দেহানোর পরে আমারে ঠকাইতে?,হে কেন্নে হাইরলো এতো স্বপ্ন দেয়ানোর হরে আরে ঠকাইতে?,হে কিলা ফারলো অতো সফনো দেখানির বাদে মোরে অলা ঠগাইতো
এখন নিজেকেই আর বিশ্বাস করতে পারি না,এহন নিজেরেই আর বিশ্বাস করতে পারিনা,এহন আর নিজেরে বিশ্বাস গরিন্নো ফারি,এহন নিজেরেই আর বিশ্বাস করতে পারি না,অন নিজেরেই আর বিশ্বাস কইরতে হারি না, অখন নিজোরেউ আর বিশ্বাস খরতাম ফারই না
কি ছিলাম আর কি হলাম,কি আল্লাহম আর কি হইছি,কি আসিলাম কি অই গিয়ি,কি ছিলাম আর কি হইলাম,কি আছিলাম আর কি অইলাম,কিলান আছলাম আর কিলান অইলাম
আমার বিয়ের বয়স ২২ মাস,মোর বিয়ার বয়স ২২ মাস,আর বিয়ার বয়স ২২ মাস,আমার বিয়ার বয়স ২২ মাস,আর বিয়ার বয়স ২২ মাস, মোর বিয়ার বয়স ২২ মাস
আমার ৮ মাসের একটা ছেলে বাবু আছে,মোর ৮ মাসের এইক্কা পোলা গেদু আছে,আর ৮ মাসর এক্কান মরত ফোয়া আসে,আমার ৮ মাসের একটা ছেলে বাবু আছে,আর আশটে মাসের ওকগা হোলা বাবু আছে,  মোর ৮ মাসর এখান ফুয়া আছে
এই করোনায় অনার্স ফাইনাল ইয়ারে থাকাকালীন বিয়ে হয়ে যায় আমার,এই করোনাইয় অনার্স লাস্ট ইয়ারে থাহাকালিন বিয়া হইয়া যায় মোর,এই হরনাত অনার্স ফাস ফাইনালত তাকিতেই বিয়া অইয়ে আর,এই করোনায় অনার্স ফাইনাল ইয়ারে থাকাকালীন বিয়া হয়া যায় আমার,এই করোনায় অনার্স হাইনাল ইয়ারে থাকাকালীন বিয়া অই যায় আর,অউ করোনার সময় অনার্স ফাইনেল ইয়ারো থাকাকালীন বিয়া অই গেছিল মোর
আমি গনিতে অনার্স করতেছিলাম,মুই গনিতে অনার্স করতেয়াছেলাম,আই গনিতের উওরত অনার্স গরিত্তাসিলাম,আমি গনিতে অনার্স করতাসিলাম,আই গনিতে অনার্স কইরতেছিলাম,মুই অঙ্কত অনার্স করাত আছলাম
এদিকে যার সাথে বিয়ে হয় সে অশিক্ষিত,এইদিকে যের লগে বিয়া হয় হ্যায় অশিক্ষিত,এ সাইডদ্দি যার ফোয়ারিত বিয়া অইয়ে সে অসিক্ষিত,এদিকে যার সাথে বিয়া হয় হেয় অশিক্ষিত,এম্মির দিকে যার লগে বিয়া হয় হে অশিক্ষিত, অবায়দি যার লগে বিয়া অইছে হে গন্ডোমূর্খ
সে স্কুলেই যাইনি কখনো,হ্যায় ইস্কুলেই যায়নাই কহনো,সে স্কুলত নো যায় হোন দিন,হেয় স্কুলেই যায় নাই কহনো,হে স্কুলেই যায়নো কোনোদিন,হে জিন্দেগিতো  ইস্কুলো গেছে না
"বিয়ের সময় বলছিলো ছেলে শিক্ষিত,ঢাকায় চাকরি করে",বিয়ার কালে কইছেলে পোলা শিক্ষিত ঢাহায় চাকরি করে,বিয়ার সমত অইলো আরারে ফোয়া শিক্ষিত ঢাহাত চরি গরে,"বিয়ের সময় কইসিলো পোলা শিক্ষিত,ঢাকায় চাকরি করে","বিয়ার সময় কইছিলো হোলা শিক্ষিত,ঢাকাত চাকরি করে","বিয়ার সময় খইছিল ফুয়া শিকখিতো, ঢাকাত চাকরি খরইন"
আমার বর ছোটবেলায় তার মা হারায়,মোর জামাই লেদাকালে হ্যার মা হারাইছে,আর বর ছোটহালত তার মা ইন্তেকাল অই যায়,আমার বর ছোটবেলায় তার মা হারায়,আর বর ছোডোবেলায় হেতার মা হারায়, মোর জামাই হুরুকালো তান মারে আরাইছইন
বিয়ের সময় বলছিলো বরের বাড়ি আছে,বিয়ার কালে কইছেলে জামাইর বাড়ি আছে,বিয়ার হইলো বরর বাড়ি আসে,বিয়ার সময় কইসিল বরের বাড়ি আসে,বিয়ার সময় কইছিলো বরের বাড়ি আছে,  বিয়ার কালো কইছলা জামাইর বাড়ি আছে
এসব নিয়ে আমি সমস্যা করি নি,এইয়া লইয়া মুই সমেস্যা করি নাই,ইয়েন লইয়েরে বেঝাল নো গরি আই,এইসব নিয়া আমি সমস্যা করি নাই,ইগিন লই আই সমস্যা করি ন, অতা লইয়া আমি সমস্যা খরছি না
বোনকে বাসায় পাঠিয়ে দিয়েছি,বুইনেরে বাড়ি পাডাইয়া দিছি,ভোইনেরে বাসাত ফাডাই দিয়ে,বইনরে বাসায় পাঠায়া দিসি,বোনরে বাসাত হাডাই দিছি,  বইনরে বাসাত পাটাই দিছি
আমি এক কাপড়ে বাসা থেকে বের হয়ে এসেছি,মুই এক কাফুরে বাড়ি গোনে বাইর হইয়া আইছি,আই এক হরত বাসাত্তুন আই গিয়ি,আমি এক কাপড়ে বাসা থাইক্কা বাইর হয়া আইসি,আই এক কাপড়ে বাসার তুন বার অই আইছি,মুই এখ কাফরে বাসা থাকি বারইয়া আইছি
কাল ঘটনাটা শোনার পর থেকে আমার দম বন্ধ লাগছিল,কাইল ঘটনাডা হোনার পরে গোনে মোর দম বন্ধ লাগতেয়াছেলে,হালিয়া ঘটনাকান ফুনিবার ফরত্তুন আর দম বন্দ লার,কাল ঘটনাটা হুনার পর থাইক্কা আমার দম বন্ধ লাগতাসিল,কাইলগা ঘটনাকান হোনার হর তুন আর দম বন্ধ লাগছিলো,কাইল ঘটনাটা হুনার বাদ থাকি আমার দম বন লাগের
আমার স্বামী বাসায় ফিরলেই আমার কোলে মাথা রাখে,মোর জামাই বাড়ি আইলেই মোর কোলে মাথা রাহে,আর জামাই বাসাত আইলেইয়ার হোলত মাতা রাহে,আমার জামাই বাসায় ফিরলেই আমার কোলে মাথা রাখে,আর স্বামী বাসাত আইলেই আর কোলে মাতা রায়,মোর হাই বাসাত আইলেউ মোর কুছো মাথা রাখে
আমি একজন মেয়ে বয়স ২৩ বছর,মুই এউক্কা মাইয়া বয়স ২৩ বছর,আই একজন ২৩ বছরর মাইয়ে ফোয়া,আমি একজন মাইয়া বয়স ২৩ বছর,আই ওকগা মাইয়া বয়স ২৩ বছর,মুই এখটা ফুড়ি বয়স ২৩ বৎসর
আমার বিয়ে হয়েছে ১ মাস,মোর বিয়া হইছে ১ মাস,আর বিয়া অইয়ে ১ মাস,আমার বিয়া হইসে ১ মাস,আর বিয়া অইছে ১ মাস,মোর বিয়া অইছে ১ মাস 
আমার স্বামী ভালো অনেক,মোর জামাই ভালো বেমালা,আর জামাই বহুত ভালা,আমার জামাই ভালা মেলা,আর স্বামী ভালা অনেক, মোর জামাই যে ভালা
আমি কিছুই জানতাম না,মুই কিছুই জানতাম না,আই হোনো কিছু নো জানিতাম,আমি কিসুই জানতাম না,আই কিছুই জাইনতাম না,মুই কুনতা  জানতাম না
কি হবে তার জন্য কেঁদে?,কি হইবে হ্যার লইজ্ঞা কাইন্দা?,কি অইবো তার হাদিয়েরে?,কি হবে তার জন্য কাইন্দা?,কি অইবো হেতার লাই কাঁদি?,কিতা অইবো তার লাগি কান্দিয়া?
সে তো বুঝবেনা,হ্যায় তো বোঝবেনা,সে তো নো বুঝে,হেয় তো বুঝবনা,হেতে তো বুইঝতো ন, হে তো বুঝতো নায়
তুমি বোকার মতো তাকে নিয়ে ভেবে বসে থাকবে কেন,তুমি গোঙ্গার নাহান হ্যারে লইয়া ভাইব্বা বইয়া থাকপা কির লইজ্ঞা,তুই বলদের ডেক্কে ইতেরে লই বই তাহিবি কিল্লাই,তুমি বেক্কলের মতো তারে নিয়া ভাইব্বা বয়া থাকব কেরে,তুমি বেক্কলের মতন হেতেরে লই ভাবি বই থাকবি কিল্লেই,তুুমি আরুয়ার লাখান তারে লইয়া ভাবিয়া বই রইতায় খেনে
আমার ইচ্ছা আমি ভাব্বো,মোর ইচ্ছা মুই ভাবমু,আর ইচ্ছে আই ভাইব্বুম,আমার ইচ্ছা আমি ভাব্বাম,আর ইচ্ছা আই ভাইবগুম,মোর ইচ্ছা মুই ভাবিমু
আমি তো বোকাই,মুই তো গোঙ্গাই,আই তো বলদ,আমি তো বেক্কলই,আই তো বেক্কল ই,মুই তো আরুয়া অউ 
আমি কি বোকা?,মুই কি গোঙ্গা?,আই কি বলদ নে?,আমি কিতা বেক্কল?,আই কি বেক্কল ?,মুই যে আরুয়া? 
তুমি অনেক চালাক,তুমি বেমালা শেয়ান,তুই বত বড় সেয়ানা,তুমি মেলা চালাক,তুমি অনেক চালাক,তুমি রেবা বহুত চালু
আমি বার বার ভালোবেসে ঠকে গেছি,মুই ক্যাল ক্যাল ভালোবাইস্যা ঠইগ্যা গ্যাছি,আই বারবার মঅব্বত গরি ধরা হাই,আমি বার বার ভালোবাইসসা ঠইক্কা গেসি,আই বার বার ভালোবাসি ঠকি গেছি, মুুই বার বার পিরিত খরি ঠকলাম
ভালোবাসা অনেক কষ্টের,ভালোবাসা ম্যালা কষ্টের,মঅববত বত হষ্টের,ভালবাসা মেলা কষ্টের,ভালোবাসা অনেক কষ্টের, পিরিত বাক্কা খষ্টর
তোমার এক ফোটা হাসি দেখার জন্য বসে আছি,তোমার এক ফোডা হাসি দ্যাহার লইজ্ঞা বইয়া আছি,তোয়ার এক্কান হাসি দেইবারলাই বই আসি,তোমার এক ফোটা হাসি দেহনের লাইজ্ঞা বয়া আসি,তোয়ার এক হোটা আসি দেনের লাই বই রইছি, তুমার এখ জরা হাসি দেখার লাগি বই রইছি
একটু আগেই ঝাড়ু দেওয়া হয়েছে,এট্টু আগেই ঝারু দেওয়া হইছে,এক্কানা আগে ঝাড়ু মারা ওইয়্যে,একটু আগেই ঝাড়ু দেওয়ন হইসে,এককানা আগেই ঝাড়ু দেয়া অইছে,থুরা আগেউ ঝাড়ু দেওয়া অইছে
পানি দিয়ে মুছে দেওয়া হয়েছে,পানি দিয়া মুইছ্যা দেওয়া হইছে,ফানি দিয়েনে দুই দিইয়্যে,পানি দিয়া মুইচ্ছা দেওয়ন হইসে,হানি দি মুছি দেন অইছে,পানি দিয়া মুছি দেওয়া অইছে
শিক্ষার্থী নতুন ভর্তি হয়েছে,শিক্ষার্থী নতুন ভর্তি হইছে,শিক্ষার্থী নতুন ভর্তি অইয়ে,শিক্ষার্থী নতুন ভর্তি হইসে,শিক্ষার্থী নতুন ভর্তি অইছে,ছাত্রছাত্রী নয়া ভর্তি অইছইন
এলাকায় আগুন লেগেছে,এলাকায় আগুন লাগছে,এলাকাত অন লাইগ্গে,এলাকায় আগুন লাগসে,এলাকাত আগুন লাইগছে, এলাকাত আগুন লাগি গেছ
আমার নানা অসুস্থ,মোর নানা অসুস্থ,আর নানা গম নাই,আমার নানা অসুস্থ,আর নানা অসুস্থ,মোর  নানা বেমার
অনেক শিক্ষার্থী নতুন ভর্তি হয়েছে,বেমালা শিক্ষার্থী নতুন ভর্তি হইছে,বহুত শিক্ষার্থী নতুন ভর্তি অইয়ে,অনেক ছাত্র ছাত্রী  নতুন ভর্তি হইসে,অনেক শিক্ষার্থী নতুন ভর্তি অইছে, বাক্কা ছাত্রছাত্রী নয়া ভর্তি অইছইন
রোগীকে হাসপাতালে থাকতে হবে,রুগীরে হাসপাতালে থাকতে হইবে,রোগিরে হাসপাতালত তাহন ফরিবু,রোগীরে হাসপাতালে থাকতে হইব,রোগীরে হাসপাতালে থাইকতে অইবো,বেমারিরে হাসপাতাল থাখা লাগবো
নানাকে দেখতে গিয়েছিলাম,নানারে দ্যাখতে গ্যালাহম,নানারে চাইতু গেইলাম,নানাকে দেখতে গেসিলাম,নানারে চাইতে গেছিলাম,নানারে দেখাত গেছলাম
আমি আগে দেখিনি,মুই আগে দেহিনাই,আই আগে নো‌ চাই,আমি আগে দেহি নাই,আই আগে দেইনো, মুই আগে দেখছি না
নানা আমাকে দেখে খুব খুশি হলো,নানা মোরে দ্যাইকখা বেমালা খুশি হইছে,নানা আরে চাই হুশি অইয়্যে,নানা আমারে দেইক্ষা খুব খুশি হইল,নানা আরে দেই খুব খুশি অইছে, নানায় মোরে দেকিয়া বেতালা খুশ অইছইন
সেটা একধরনের যোগাযোগ,হেইডা একরহমের যোগাযোগ,ইবে একডৈল্লে যোগাযোগ,হেইডা একধরনের যোগাযোগ,হেইডা একধরনের যোগাযোগ,ইখটা এখ ধরনর যুগাযুগ
আমি গতকাল স্কুলে আসিনি,মুই গ্যাছেকাইল ইস্কুলে আইনাই,আই গতকাল স্কুলত নো যাই,আমি গতকাল ইস্কুলে আইনাই,আই গতকাল স্কুলে আইনো,মুই কাইলকু ইস্কুল আইছি না
তাদেও কেও স্কুলে আসেনি,হ্যাগোও কেউ ইস্কুলে আয়নাই,ইতারা কেউ স্কুলত নো যাই,হেরার কেও ইস্কুলে আয়নাই,হেতাগো কেও স্কুলে আইয়ে ন,তারার কেউ ওউ স্কুলও আইছে না
তাদের জানার কথা নয়,হ্যাগো জানার কথা না,ইতারা জানিবের হতা নো,হেরার জানার কথা না,হেতাগো জানার কতা ন,তারার জানার কথা নায়
বড়ো মামা  বিদেশ থেকে এসেছেন,বড় মামা বিদেশে গোনে আইছে,বড় মো বিদেশুরতুন আইস্যে,বড় মামা  বিদেশ থাইক্কা আইসেন,বড়ো মামা  বিদেশ তুন আইছেন,বড়ো মামা বিদেশ তনে আইছোইন
ক্লাসে কোন বিষয় নিয়ে কথা বলছিলেন?,কেলাশে কোন বিষয় লইয়া কথা কইতেয়াছেলেন?,ক্লাসত হোন বেফারে হতা হইয়্যে?,ক্লাসে কোন বিষয় নিয়া কথা কইসিলেন?,ক্লাসে কোন বিষয় লই কতা কইছিলেন?,ক্লাস-ও কোন ব্যাপারে মাতছিলায়?
কেন পলাশের কথায় বিরক্ত হয়েছিল,কির লইজ্ঞা পলাশের কথায় বিরক্ত হইল্লেহ?,পলাশর হতাত বিরক্ত কিললাই অইলে?,কেরে পলাশের কথায় বিরক্ত হইসিল?,কিল্লেই হলাশের কথাত বিরক্ত অইছিলো?,পলাশ ওর মাতে বিরক্ত ওইছলায় কিওর লাগি?
ইচ্ছা ছিল কোনো জায়গায় ঘুরতে যাব,ইচ্ছা আল্লেহ কোন হানে ঘোরতে যামু,ইচ্ছে আসিল হোনো মিক্কে ঘুইরতু যাইয়্যুম,ইচ্ছা আসিল কোনো জায়গায় ঘুরতাম যায়াম,ইচ্ছা আছিলো কোনো জায়গাত ঘুইরতাম যাইয়ুম,ইচ্ছা আছিল কোন জেগাত ঘুরাত যাইমু
অনেকবার লালবাগ কেল্লার কথা শুনেছি,ম্যালাবার লালবাগ কেল্লার কথা হুনছি,বোতবার লালবাগ হেল্লার হোতা উইন্নি,অনেকবার লালবাগ কেল্লার কথা হুনসি,অনেকবার লালবাগ কেল্লার কতা হুইনছি,বউতবার লালবাগ কেল্লার মাত হুনছি
ঠিক করা হলো সবাই মিলে সেখানে যাব,ঠিক করা হইছে হগলডি মিল্লা হেইহানে যামু,ঠিক‌ গোরন‌ অইলে বেকে মিলে এডে যাইউম,ঠিক করা হইলো সবাই মিল্লা ওইহানে যায়াম,ঠিক করা অইলো বেকে মিলি হিয়ানে যাইয়ুম,ঠিক ওইলো হকলে মিলিয়া ওনো যাইমু
আমার মামাতো বোনও যেতে চাইল,মোর মামাতো বুইনও যাইতে চাইছে,আর মতো বইন ও যাইতু আসিল,আমার মামাতো বইনও যাইতে চাইল,আর মামতো বোনও যাইতে চাইলো,আমার মামাত্তো বইন-ও যাইতো চাইছিল
লিখে শিক্ষকের কাছে জমা দাও,লেইখ্যা শিক্ষকের ধারে জমা দেও,লিহি এনে মাষ্টর অর হাসোত জমা দে,লেইক্ষা শিক্ষকের কাছে জমা দেও,লেই শিক্ষকের কাছে জমা দাও,লেখিয়া শিক্ষক ওর ধারো জমা দেও
সব অঞ্চলের মানুষের ভাষা এক রকমের নয়,হগল এলাকার মানের ভাষা এক রহম না,বেক অঞ্চল অর মাইনষের ভাষা‌ এক‌ডইল্লে নই,বেগ অঞ্চলের মাইনষের ভাষা এক রহমের না,বেক অঞ্চলের মাইনষের ভাষা এক রকমের ন,হকল জেগার মাইনষের ভাষা একলাকান নায়
অনেক শব্দের উচ্চারণ আলাদা হয়,ম্যালা শব্দের উচ্চারন ভিন্ন হয়,বোত শব্দের উচ্চারণ এক এক রহমর অই,মেলা শব্দের উচ্চারণ আলাদা হয়,অনেক শব্দের উচ্চারণ আলাদা অয়,বউত শব্দ'র উচ্চারণ আলাদা ওয়
দক্ষিণের জেলা কক্সবাজার,দক্ষিনের জেলা কক্সবাজার,দইন অর জেলা হক্সবাজার,দক্ষিণের জেলা কক্সবাজার,দইণের জেলা কক্সবাজার,দক্ষিণ ওর জেলা কক্সবাজার
সাড়ে চারটায় সবার মাঠে আসার কথা,সাড়ে চাইরটায় হগলডির মাডে আওয়ার কথা,সাড়ে চারটার সমত বেকের মাডত আইবের হতা,সাড়ে চারটায় বেহের মাঠে আওনের কথা,সাড়ে চাইরটায় বেকে মাঠে আইয়নের কতা,সাড়ে চাইট্টাত হক্কল ওর মাঠ-ও আওয়ার কথা
আজ কোনো খেলা হবে না,আইজগো কোনো খ্যালা হইবে না,আজিয়ে হোনো খেলা অইতু নো,আইজ কোন খেলা হইতো না,আইজ কোনো খেলা অইতো ন,আইজ কোন খেলা ওইতো নায়
একটা পোড়োবাড়ি আছে,এউক্কা পোড়াবাড়ি আছে,উগ্গো পোড়াবাড়ি আছে,একটা পোড়োবাড়ি আসে,ওকগা হোড়াবাড়ি আছে,একগু পোড়াবাড়ি আছিল
এখানে কী করছো তোমরা?,এইহানে কি করতেয়াছো তোমরা?,এডে কিত্তে লাইগ্গু তোরা,এইহানে কী করতাসো তোমরা?,ইয়ানে কী কইরতেছো তোমরা?,ওনো কিতা কররায় তোমরা?
চারপাশে কত বড়ো বড়ো গাছ!,চাইরদিক কত্ত বিশাল বিশাল গাছ,চারিমিক্কে হতর হতর‌ গাছ,চাইরপাশে কত বড় বড় গাছ,চাইরপাশে কত্ত বড্ডা বড্ডা গাছ,চাইরো দিকে কতো বড় বড় গাছ
দিনের বেলাতেও বাড়ির ভিতরটা অন্ধকার হয়ে থাকে,দিনের কালেও ভাড়ির ভিতরে আন্ধার হইয়া থাহে,দিন অর বেলাত অ বাড়ির ভিতুর আন্ধা অই‌ তাহে,দিনের বেলাতেও বাড়ির ভিতরডা অন্ধকার হয়া থাকে,দিনের বেলাত ও বাড়ির ভিতরকান অন্ধকার অই থায়,দিন ওর বেলাতও বাড়ির ভিতরটা অন্ধকার ওই থাকে
রেলগাড়ি চলে রেললাইনের উপর দিয়ে,রেলগাড়ি চলে রেললাইনের উপরে দিয়া,রেলগাড়ি চলে রেললাইনর উওদ্দিয়েরে,রেলগাড়ি চলে রেললাইনের উপরে দিয়া,রেলগাড়ি চলে রেললাইনের উপর দি,রেলগাড়ি চলেউ রেললাইন ওর উফ্রে দিয়া
উপহার পেতে প্রত্যেকের ভালো লাগে,উপহার পাইতে পেরতেকের ভালো লাগে,উপহার ফাইতু বেগ্গুনুরতুন ভালা লাগে,উপহার পাইতে বেহের ভালা লাগে,উপহার হাইতে বেকের ভালা লাগে,উপহার ফাইতে সবের ওয় বালা লাগে
অচেনা লোকের উপহার গ্রহণ করি না,অচেনা লোকের উপহার লই না,অচেনা লোকর উফহার গ্রহন নো গরি,অচেনা লোকের উপহার গ্রহণ করি না,যেতাগোরে চিনিনা হেতাগো উপহার গ্রহণ করি না,অচেনা মাইনষের উপহার লই না
উপহার দিতে অনেকের ভালো লাগে,উপহার দেতে অনেকের ভালো লাগে,উপহার দিতু বেগ্গুনুরতুন ভালা লাগে,উপহার দিতে অনেকের ভালা লাগে,উপহার দিতে অনেকের ভালা লাগে,উপহার দিতে বউত ওর বালা লাগে
খেলার মাঠে আমরা রোজ খেলতে যাই,খ্যালার মাডে মোরা পেরতেকদিন খ্যালতে যাই,হেলার মাডত আরা রোজ কেলিবের লাই যাই,খেলার মাঠে আমরা রোজ খেলতাম যাই,খেলার মাডে আমরা রোজ খেইলতে যাই,খেলার মাঠ-ও আমরা রোজ খেলাত যাই
এক চানাচুরওয়ালাকে দেখা যায়,এউক্কা চানাচুরয়আলারে দ্যাহা যায়,এক্কান চানাচুরবালত দেহা যায়,এক চানাচুরওয়ালারে দেহন যায়,ওকগা চানাচুরওয়ালারে দেয়া যায়,একটা চানাচুরআলারে দেখা যাইরো
তিনি চানাচুর বিক্রি করতে আসেন,হ্যায় চানাচুর বেচতে আইতে,তিনি চানাচুর বেসিবেল্লাই আইয়ে এডে,হেয় চানাচুর বেচতে  আয়,হেতে চানাচুর বেইচতে আইয়ে,তাইন চানাচুর বেচাত আইন
তুমি ভালো আছ জেনে খুশি হলাম,তুমি ভালো আছো জাইন্না খুশি হইলাম,তুই গম আসোস জানি এনে খুশি অইলাম,তুমি ভালা আস জাইন্না খুশি হইলাম,তুমি ভালো আছি জানি খুশি অইলাম,তুমিতাইন বালা আছো জানিয়া খুশি ওইলাম
চিঠি সাধারণত খামে ভরে পাঠানো হয়,চিঠি সাধারণত খামে ভইররা পাডানো হয়,চিঠি সাধারণত হামত ভরি এনে ফাডায়,চিঠি সাধারণত খামে ভইরা পাঠানো হয়,চিঠি সাধারণত খামে ভরি হাডানো অয়,চিঠি সাধারণত খাম ওর মাঝে ভরিয়া পাঠানি ওয়
"খাওয়া-দাওয়ার কথা বলে লাভ নেই, দুঃখ পাবে",খাওন দাওনের কথা কইয়া লাভ নাই দুক্ষ পাবা,"খন-দন অর হতা হই লাভ নাই ,হষ্ট ফাবে","খাওয়া-দাওয়ার কথা কয়া লাভ নাই, দুঃখ পাইবা","খাওন দাওনের কতা কই লাভ নাই, দুঃখ হাইবা","খানির দানির মাত মাতিয়া লাভ নাই, কষ্ট ফাইবায়"
তবে বেঁচে আছি ও খুব ভালো আছি,তয় বাইচ্চা আছি আর ম্যালা ভালো আছি,বাচি আসি ভালা ও আসি,তবে বাইচ্চা আসি ও খুব ভালা আসি,তবে বাঁচি আছি আর খুব ভালা আছি,তবে বাচিয়া আছি আর খুব বালাও আছি
তোমরা ভালো আছ জেনে খুশি হলাম,তোমরা ভালো আছো জাইন্না খুশি হইলাম,তোওয়ারা ভালো আছ জানিয়েরে কুশি অইলাম,তোমরা ভালা আস জাইন্না খুশি হইলাম,তোমরা ভালো আছ জানি খুশি অইলাম,তোমরা বালা আছো জানিয়া খুশি ওইলাম
আমার জন্য বেশি চিন্তা কোরো না,মোর লইজ্ঞা বেশি চিন্তা কইররো না,আর লাই চিন্তা নো গইজ্জ,আমার লাইজ্ঞা বেশি চিন্তা কইরো না,আর লাই বেশি চিন্তা কইরো না,আমার লাগি বেশি ভাবিও না
এখন ঘরে ঘরে টেলিভিশন দেখা যায়,এহন বারতে বারতে টিভি দ্যাহা যায়,এহন গরত গরত টেলিভিশন দেহা যার,এহন ঘরে ঘরে টেলিভিশন দেহন যায়,অন ঘরে ঘরে টেলিভিশন দেন যায়,ওখন ঘর-ও ঘর-ও টিভি দেখা যায়
"টেলিভিশনে কথা শোনা যায়, ছবিও দেখা যায়",টিভিতে কথা হুনা যায় ছবিও দ্যাহা যায়,টেলিভিশনর হতা ফুনা যায় আর ছবিও দেহা যায়,"টেলিভিশনে কথা হুনা যায়, ছবিও দেহা যায়","টেলিভিশনে কতা হুনা যায়, ছবিও দেন যায়","টিভিত মাত হুনা যায়, ছবিও দেখা যায়"
রেডিওতে কেবল কথা শোনা যায়,রেডিওতে খালি কথা হুনা যায়,রেদিওত হাইল্লে হতা ফুনা যায়,রেডিওতে কেবল কথা হুনা যায়,রেডিওত এলা কতা হুনা যায়,রেডিওত খালি মাত হুনা যায়
হাজার বছর আগে সব পুরুষই পরত ধুতি পরত,হাজার বছর আগে হগল ব্যাডাই ধুতি পরতে,আজার বছর আগদ্দি বেয়াগ ফুরুষই ধুতি ফইত্তো,হাজার বছর আগে বেগ পুরুষই পরত ধুতি পরত,হাজার বছর আগে বেক বেডারাই ধুতি হইরতো,হাজার বছর আগ ওর হকল বেটাইনতেউ ধুতি পড়তো
তখনো মেয়েরা আঁচল টেনে ঘোমটা দিত,তহন মাইয়ারা আঁচল টাইন্না ঘোমটা দেতে,তহনো মাইয়াফোয়ারা আচল টানিয়েরে মুখ ডাহিতো,তহনো মাইয়ারা আঁচল টাইন্না ঘোমটা দিত,হেক্তেও মাইয়ারা আঁচল টানি ঘোমটা দি্তো,তখনো ফুরিন আঁচল টানিয়া ঘোমটা দিতো
ভাত বাঙালির বহুকালের প্রিয় খাদ্য,ভাত বাঙ্গালির বহুকালের প্রিয় খাওন,ভাত বাঙালি বহুকালোর ফ্রিয় হানা,ভাত বাঙালির মেলাকালের প্রিয় খাদ্য,ভাত বাঙালির বহুকালের প্রিয় খাদ্য,ভাত বাঙালির বউতকাল ধরি প্রিয় খানি
মেয়েরা বাগান করতে ভালোবাসত,মাইয়ারা বাগান করতে ভালবাসতে,মাইয়া ফোয়ারা বাগান গইত্তে ভালোবাসিত,মাইয়ারা বাগান করতে ভালোবাসত,মেয়েরা বাগান করতে ভালোবাসত,ফুরিন্তে বাগান করতে বালা ফাইতো
মেয়েরা সাঁতার কাটতে ভালোবাসত,মাইয়ারা হাতোর কাটতে ভালবাসতে,মাইয়াফোয়ারা সাতার হাডিবেল্লাই ভালোবাসিত,মাইয়ারা সাঁতার কাটতে ভালোবাসত,মেয়েরা সাঁতার কাটতে ভালোবাসত,ফুরিন্তে সাঁতার কাটতে বালা ফাইতো
ধনী লোকেরা ঘোড়া আর হাতির খেলা দেখত,টাহা ওয়ালা মানেরা ঘোড়া আর হাতির খ্যালা দ্যাখতে,ধনী মানুষ তারা ঘোড়া আর হাতির খেলা দেহিত,ধনী লোকেরা ঘোড়া আর হাতির খেলা দেখত,বড়লোকেরা ঘোড়া আর হাতির খেলা দেইখতো,ফয়সাআলা মাইনষে ঘোড়া আর হাত্তির খেলার দেখতো
যাতায়াতের প্রধান উপায় ছিল নৌকা,যাতায়াতের পোরধান উপায় আল্লেহ নৌকা,আসাযাইবার মেইন উফায় আসিল নৌকা,যাতায়াতের প্রধান উপায় আসিল নৌকা,যাতায়াতের হধান উপায় আছিল নৌকা,যাওয়া আওয়ার আসল পথ আছিল নৌকা
বড়ো বোনের ঘরে তার জন্যে ছোটো খাট দেওয়া হলো,বড় বুইনের ঘরে হ্যার লইজ্ঞা ছোডো খাট দেওয়া হইছে,ডড় ভোইনর ঘরত ছোড এক্কান হাট দিয়ি,বড় বইনের ঘরে হের লাইজ্ঞা ছোটো খাট দেওয়া হইলো,বড়ো বোইনের ঘরে হের লাই ছোডো খাট দেওয়া অইলো,বড় বইন ওর ঘর-ও তার লাগি ছোট খাট দেওয়া ওইলো
তার কাছে সব দেশের টাকা আছে,হ্যার ধারে হগল দেশের টাহা আছে,তার হাসদ্দি বেয়াগ দেসত টেয়া আসে,তার কাসে বেগ দেশের টেহা আসে,হের কাছে বেক দেশের টেয়া আছে,তার ধারো হকল দেশ ওর টেখাউ আছে
সে তোকে কিছু উপহার দিলো না?,হ্যায় তোরে কিছু উপহার দেলে না?,সে তোরে কিছু ঊফহার দিয়ে না?,হেয় তরে কিসু উপহার দিল না?,হে তোরে কিছু উপহার দিলো না?,হে তোরে কুন্তা উপহার দিলো না নি?
আম্মা নানাকে একটা চিঠি লিখছেন,মায় নানারে এউক্কা চিঠি ল্যাখছে,আম্মা নানার হাসে এক্কান চিঠি লিক্কে,আম্মা নানারে একটা চিঠি লিখসেন,আম্মা নানারে এককান চিডি লিখছেন,আম্মায় নানারে একটা চিঠি লেখছোইন
আমাদের নামের প্রয়োজন হয় না,মোগো নামের দরকার হয়না,আরার নামর ফ্রয়জন নো ফরে,আমরার নামের প্রয়োজন হয় না,আর নামের হয়োজন অয় না,আমরার নাম ওর দরকার লাগে না
আমরা এমনিতেই পরিচয় রাখতে পারি,মোরা এমনেই পরিচয় রাখতে পারি,আরা এনেই ফরিচয় রাখিত্তারি,আমরা এমনিতেই পরিচয় রাখতাম পারি,আমরা এন্নেই হরিচয় রাইখতাম হারি,আমরা এমনেউ পরিচয় রাখতাম ফারি
তোমাকে একটা উপহার দিতে চাই,তোমারে এউক্কা উপহার দেতে চাই,তোওয়ারে এক্কান উফহার দিতাম চাই,তোমারে একটা উপহার দিতাম চাই,তোয়ারে এককান উপহার দিতাম চাই,তুমিতাইন রে একটা উপহার দিতাম চাই
সেটি টেবিলের উপরে রাখা ছিল,হেইডা টেবিলের উপরে রাহা আল্লেহ,ইয়ান টেবিলর উওরদ্দি রাহা আসিল,হেইডা টেবিলের উপরে রাখা আসিল,হেটা টেবিলের উপরে রান আছিলো,ওটা টেবিল ওর উফ্রে রাখা আছিল
আমার প্রিয় একটা বই হারিয়ে গেছে,মোর প্রিয় এউক্কা বই হারান গ্যাছে,আর ফ্রিও এক্কান বই আসিল,আমার প্রিয় একটা বই হারায়া গেসে,আর হিরিয় ওকগা বই আজি গেছে,আমার প্রিয় একগু বই হারাই গেছে
ফোন করে জানাল,ফোন কইররা জানাইছে,ফোন গরি জানাল,ফোন কইরা জানাইল,হোন করি জানাইছে,ফোন করিয়া জানাইলো
তার প্রিয় একটা বই হারিয়ে গেছে,হ্যার প্রিয় এউক্কা বই হারান গ্যাছে,তার ফ্রিও এক্কান বই আরাই গিয়ি,হের প্রিয় একটা বই হারায়া গেসে,হেতার হিরিয় ওকগা বই আজি গেছে,তার প্রিয় একগু বই হারাই গেছে
কে নিয়েছে ?,কেডা নেছে?,হোনে লইয়ে?,কেডা নিসে ?,কুনগা নিয়ছে ?,কেটায় নিছে?
সে ব্যাপারে নিশ্চিত নই,হেই ব্যাপারে শিউর না,সে এই ব্যফারত নিশ্চিত নো,ওই ব্যাপারে নিশ্চিত না,হেডার ব্যাপারে নিশ্চিত ন,ওউ ব্যাপারও শিওর নায়
সে হয়তো পড়ার জন্যই নিয়েছে,হ্যায় হয়তো পড়ার লইজ্ঞাই নেছে,সে হয়ত ফোড়িবেল্লাই লইয়ে,হেয় হয়তো পড়ার লাইজ্ঞাই নিসে,হে হয়তো হড়ার লাইয়ে নিছে,হে লাগের পড়ার লাগি ওউ নিছে
কোনো ব্যাপারে নিশ্চিত না হয়ে কাউকে দোষ দেওয়া ঠিক নয়,কোনো ব্যাপারে শিউর না হইয়া কেউরে দোষ দেওয়া ঠিক না,হোনো ব্যফারত নিশ্চিত নো অইয়েরে হনিক্কেরে দোষ দন ঠিক নো,কোন ব্যাপারে নিশ্চিত না হয়া কাউরে দোষ দেওয়ন ঠিক না,কোনো ব্যাপারে নিশ্চিত না অই কাউরে দোষ দেওন ঠিক ন,কুন্তাত শিওর না ওইয়া কেউরে দোষ দেওয়া ঠিক নায়
"যে নিয়েছে, সে হয়তো পড়ার জন্যই নিয়েছে",যে নেছে হ্যায় হয়তো পড়ার লইজ্ঞাই নেছে,যে লইয়ে সে হয়তো ফইবেল্লাই লইয়ে,"যে নিসে, হেয় হয়তো পড়ার লাইজ্ঞাই নিসে","যে নিছে, হে হয়তো হড়ার লাইয়ে নিছে","যে নিছে, হে তো পড়ার লাগিও নিতো ফারে"
বইটা পাওয়া যায় কি না,বইডা পাওন যায় কিনা,বই ইয়েন ফোন যাইবো না?,বইটা পাওয়ন যায় কি না,বইকান হাওন যায় কি না,বই ওগু ফাওয়া যায় কি না
বইটা পাওয়া গেছে,বইডা পাওন গ্যাছে,বই ইহেন ফোন গিয়ে,বইটা পাওয়ন গেসে,বইকান হাওয়া গেছে,বই ওগু ফাওয়া গেছে
বাবা বইটা বুকশেলফে তুলে রেখেছিলেন,আব্বা বইডা বুকশেলফে উডাইয়া রাখছেলে,বাবা বই ইবা বুক শেল্ফত তুলি রাইক্কিলো,বাবা বইডা বুকশেলফে তুইল্লা রাখসিলেন,আব্বা বইকান বুকশেলফে তুলি রাখছিলেন,বাবায় বই ওগু বুকশেলফও তুলিয়া রাখছিলা
তিনি বুঝতেও পারেননি,হ্যায়ও বোঝতে পারে নাই,তিনি বুঝিত নো ফারে,হেয় বুঝতেও পারে নাই,হেতনে বুইঝতেও হারেনো,তাইন বুঝতে ফারছিলা না
আর পারুলও না বুঝে অন্যদের দোষ দিচ্ছিল,আর পারুলও না বুইঝঝা অন্যগো দোষ দেতেয়াছেলে,আর ফারুলও নো বুঝি আন্যদের দোষ দিয়ি,আর পারলও না বুঝে অন্যরারে দোষ দিতাসিল,আর হারুলও না বুঝি অন্যগো দোষ দিতেআছিলো,আর পারুল এও না বুঝিয়া অইন্যের দোষ দিতো আছিল
তুমি আমাকে দোষ দিচ্ছ কেন ?,তুমি মোরে দোষ দেতেয়াছো কির লইজ্ঞা?,তুই আরে দোষ দিও দে কিল্লাই?,তুমি আমারে দোষ দিতাসো কেরে ?,তুমি আরে দোষ দিতেছো কিল্লেই ?,তুমিতাইন আমারে দোষ দিরায় কিতার লাগি?
সে রাতের ট্রেনে রাজশাহী থেকে রওনা দিয়েছিল,হ্যায় রাইতের টেরেনে রাজশাহী গোনে রওনা দেল্লেহ,সে লাতিয়ার ট্রেনর রাজশাহীত্তুন রওনা দিয়ি,হেয় রাইতের ট্রেইনে রাজশাহী থাইক্কা রওনা দিসিল,হেতে রাতের ট্রেইনে রাজশাহী তুন রওনা দিছিলো,হে রাইত ওর ট্রেইনে রাজশাহী তনে রওয়ানা দিছিল
এই প্রথম সে ঢাকায় এসেছে,এই পোরথোম হ্যায় ঢাহায় আইছে,এই ফ্রম সে ঢাহাত আইসসে,এই প্রথম হেয় ঢাকাত আইসে,এই হথম হেতে ঢাক আইছে,ওউ ফয়লা হে ঢাকাত আইছে
বাসায় যাওয়ার পথে ফ্লাইওভার দেখে হাবিব অবাক হয়ে গেল,বাড়ি যাওয়ার পথে ফেলাইওভার দেইকখা হাবিব অটাশ হইয়া গ্যাছে,বাসায় যোনের ফোথত ফ্লাইওভার সাইয়েরে হাবিব অবাক অই গিল,বাসাত যাওনের পথে ফ্লাইওভার দেইক্ষা হাবিব অবাক হয়া গেল,বাসায় যাওনের হথে ফ্লাইওভার ছাই হাবিব অবাক অই গেছে,বাসাত যাওয়ার সময় ফ্লাইওভার দেখিয়া হাবিব অবাক ওই গেছে
এটাকে তার মনে হলো দোতলা রাস্তা,এইডারে হ্যার মনে হইছে দোতালা রাস্তা,ইয়ানোরে দোতালা রাস্তা,এইটারে হের মনে হইলো দুইতালা রাস্তা,এইডা হেতার মনে অইলো দোতলা রাস্তা,ইগুরে তার দুই তালা রাস্তা লাগছে
রাস্তার পাশে একটি ফুলের দোকান,রাস্তার ধারে এউক্কা ফুলের দোকান,রাস্তার ডাহদ্দি এক্কান ফুলোর দোহান,রাস্তার পাশে একটা ফুলের দোকান,রাস্তার হাশে ওকগা হুলের দোয়ান,রাস্তার ধারো একটা ফুল ওর দোকান
নানা রকম ফুল থরে থরে সাজানো রয়েছে,নানা রহমের ফুল থরে থরে সাজাইন্না রইছে,নানা ডইল্লে ফুল ঝাকত ঝাকত সাজাই রাইক্কে,নানা রকম ফুল থরে থরে সাজানো আসে,মেলা ধরণের হুল থরে থরে হাজানো আছে,বউত জাত ওর ফুল থারিয়া করি সাজানি আছে
তার ঠিক পাশেই একটা ফলের দোকান,হ্যার ঠিক পাশেই এউক্কা ফলের দোকান,এয়ার টগিক ডাহদ্দি এক্কান ফলের দোহান,তার ঠিক পাশেই একটা ফলের দোকান,হেটার ঠিক হাশেই ওকগা হলের দোয়ান,ওগুর ঠিক লগেউ একটা ফল ওর দোকান
সেখান থেকে বড়ো বোন কিছু পেয়ারা কিনল,হেইহানে গোনে বড় বুইন গোডাচাইরে হোবরি কেনছে,ইয়ানত্তুন ভোইন ডর ইবা কিছু ফল কিন্নে,ওইহান থাইক্কা বড় বইন কিসু পেয়ারা কিনল,হিয়ান তুন বড্ডা আপা কিছু হেয়ারা কিনলো,ওখান তিনে বড় বইনে কিছু সফরি কিনছিল
সবার সাথে কুশল বিনিময় হলো,হগলডির লগে কথাবার্তা হইলে,বেয়াক্কুনের ফোয়ারিত হতাবাত্রা হইয়ে,বেহের লগে কুশল বিনিময় হইল,বেকের লগে কুশল বিনিময় অইলো,হকল ওর লগে বালা মন্দ মাত ওইলো
টেবিলে নাশতা দেওয়া ছিল,টেবিলে নাস্তা দেওয়া আল্লেহ,টেবিলত নাস্তা দি রাইক্কে,টেবিলে নাশতা দেওয়া আসিল,টেবিলে নাশতা দেওন আছিলো,টেবিলও নাস্তা দেওয়া আছিল
হাত-মুখ ধুয়ে সে নাশতা করতে বসল,হাত-মুখ ধুইয়া হ্যায় নাস্তা করতে বইছে,আত মুখ দুইয়েরে হাইবেল্লাই বইসসে,হাত-মুখ ধুয়া হেয় নাশতা করতে বইল,হাত-মুক ধুই হে নাশতা কইরতে বইছে,হাত মুখ ধইয়া হে নাস্তা খানিত বইলো
সেদিন ছিল বাংলাদেশ দলের ক্রিকেট খেলা,হেইদিন আল্লেহ বাংলাদেশ দলের কিরকেট খ্যালা,সেইদিন আসিল বাংলাদেশর ক্রিকেট হেলা,হেইদিন আসিল বাংলাদেশ দলের ক্রিকেট খেলা,হেদিন আছিলো বাংলাদেশ দলের ক্রিকেট খেলা,হদিন বাংলাদেশ দল ওর ক্রিকেট খেলা আছিল
খাওয়া শেষ করেই টেলিভিশনের সামনে গিয়ে বসল,খাওন শ্যাষ কইররাই টিভি'র সামনে বইছে,হানা শেষ গরিয়েরে টেলিভিশন এর সামনে গিয়েরে বইসসে,খাওয়ন শেষ কইরাই টেলিভিশনের সামনে গিয়া বইল,খাওয়া শেষ করিয়ে টেলিভিশনের সামনে যাই বইলো,খানি শেষ কইরাউ টিভির ধারো গিয়া বইলো
সব মিলিয়ে তার খুব আনন্দ হচ্ছিল,বেবাক মিলাইয়া হ্যার বেমালা মজা হইতেয়াছেলে,বেয়াক্কুন মিলিয়েরে আনন্দ অর,সব মিলায়া হের খুব আনন্দ হইতাসিল,বেগগিন মিলাই হেতার খুব আনন্দ হইতেছিলো,সবতা মিলাইয়া তার খুব আনন্দ ওইতো আছিল
মেয়ে কী কাণ্ড করেছে জানো?,মাইয়া কি আকাম করছে জানো?,মাইয়াফোয়া ইবা কি হান্ড গরের জানোনা?,মাইয়া কী কাণ্ড করসে জানো?,মাইয়া কী কাণ্ড কইরছে জানো?,ফুরি এগুয়ে কিতা করছে জানো নি
সোনার চুড়িটা ভেঙে দু-টুকরো করেছে,সোনার চুরি ভাইঙ্গা দুইটুকরা করছে,সোনার চুরিয়ান ভাঙিয়েরে দুই ভাগ গরি ফেইল্লে,সোনার চুড়িটা ভাইংগা দুই-টুকরা করসে,সোনার চুড়িকান ভাঙি দুই-টুকরা কইরছে,সোনার চুড়ি ওগু ভাঙিয়া দুই টুকরা করছে
ইচ্ছা করে ভেঙেছি নাকি?,ইচ্ছা কইররা ভাঙছি ত্যায়?,ইচ্ছা গরিয়েরে ভাইঙেনা?,ইচ্ছা কইরা ভাংসি নাকি?,ইচ্ছা করি ভাইঙছে নাকি?,ইচ্ছা করিয়া ভাঙছে৷ নি?
পা পিছলে পড়ে গেলাম তো কী করব?,পাছার খাইয়া পইররা গ্যালাম ত্যায় কি করমু?,ফা ফিচ্ছিল হাইয়েরে ফোরি গেইলাম তো আই কিত্তাম?,পা পিসলায়া পইরা গেলাম তো কিতা করবাম?,হা হিছলি হড়ি গেলাম তো কীরতাম?,পা পিছলিয়া পড়ি হেছি তে কিতা করতাম?
আমার যে ব্যথা লাগল সেটা বুঝি কিছু নয়,মোর যে ব্যথা লাগছে হেইয়া ভুঝি কিছু না,আর যে ব্যথা লাইজ্ঞে ইয়ান কি বুঝি কিচ্ছু নও,আমার যে ব্যথা লাগল হেইটা বুঝি কিসু না,আর যে দুক্কু লাইগলো হেইডা বুঝি কিছু ন,আমি যে দুখ ফাইছি ওগু কিতা কুন্তা নায়?
মেয়েকে পরতে দিয়েছিলেন,মাইয়ারে পরতে দেল্লাহম,মাইয়াফোয়ারে ফইত্তে দিয়িলেন,মাইয়ারে পরতে দিসিলেন,মাইয়ারে হইড়তে দিছিলেন,ফুরিরে পড়তে দিছলা নি?
আমার নানা সুস্থ,মোর নানা সুস্থ,আর নানা সুস্থ,আমার নানা সুস্থ,আর নানা সুস্থ,আমার নানা সুস্থ
রোগীকে হাসপাতালে ভর্তি হতে হবে,রুগীরে হাসপাতালে ভর্তি হইতে হইবে,রোগীরে হাসফাতালত ভত্তি গরন ফরিব,রোগীরে হাসপাতালে ভর্তি হইতে হইব,রোগীরে হাসপাতালে ভর্তি অইতে অইবো,রোগীর হাসপাতাল-ও ভর্তি ওয়া লাগবো
এত বড়ো হাসপাতাল আমি আগে দেখিনি,এত্তোর হাসপাতাল মুই আগে দেহিনাই,এইল্লে ডর হাসফাতাল আই হোন সমত নো দেহি,এত বড়ো হাসপাতাল আমি আগে দেহি নাই,এদ্দুরার জাগা হাসপাতাল আই আগে দেইনো,ওতো বড় হাসপাতাল আমি আগে দেখছি না
আমাকে দেখে খুব খুশি হলো,মোরে দেইখ্যা বেমালা খুশি হইছে,আরে দেহিয়েরে খুব খুশি অইয়ে,আমারে দেইক্ষা মেলা খুশি হইলো,আরে দেই খুব খুশি অইলো,আমারে দেখিয়া খুব খুশি ওইলো
আমি অন্যের সাথে কথা বলি,মুই অন্যের লগে কথা কই,আই অন্যের ফোয়ারিত হতা হইর,আমি অন্যের লগে কথা কই,আই অন্যের লগে কতা কই,আমি আরেকগুর লগে মাতিয়ার
তিনি বিদেশ থেকে এসেছেন,হ্যায় বিদেশে গোনে আইছে,তিনি বিদেশেত্তুন আইসসে,হেয় বিদেশ থাইক্কা আইসেন,হেতোনে বিদেশ তুন আইছেন,তাইন বিদেশ তনে আইছোইন
তিনি কোন বিষয় নিয়ে কথা বলছিলেন?,হ্যায় কোন বিষয় লইয়া কথা কইতেয়াছেলে?,তিনি হোন বিষয় লইয়েরে হথা হন্না?,হেয় কোন বিষয় নিয়া কথা কইতাসিলেন?,হেতনে কোন বিষয় লই কতা কইছিলেন?,তাইন কিতা লইয়া মাতাত আছলা?
চলো ঐতিহাসিক জায়গাইয় ঘুরতে যাব,লও ঐতিহাসিক জায়গায় ঘোরতে যামু,চলো ঐতিহাসিক জায়গাত গুরিবেল্লাই যাইয়ুম,চল ঐতিহাসিক জায়গাইয় ঘুরতে যায়াম,চলো ঐতিহাসিক জায়গাত ঘুইরতে যাইয়ুম,চলো তে ঐতিহাসিক জেগাত ঘুরাত যাই
ঠিক করা হলো সবাই মিলে যাব,ঠিক করা হইছে হগলডি মিললা যামু,ঠিক গইজ্জে বেয়াক্কুন মিলিয়েরে যাইয়ুম,ঠিক করা হইলো বেহেই মিল্লা যায়াম,ঠিক করন অইলো বেকে মিলি যাইয়ুম,ঠিক ওইলো হকলে মিলিয়া যাইমু
আমাদের যাওয়ার কথা শুনে সেও যাইতে চাইল,মোগো যাওনের কথা হুইন্না হ্যায়ও যাইতে চাইছে,আরার যাইবের হতা ফুনিয়েরে সেও যাইবেল্লাই চাইয়ে,আমরার যাওনের কথা হুইন্না হেও যাইতে চাইল,আঙ্গো যানের কতা হুনি হেতেও যাইতে চাইল,আমরার যাওয়ার কথা হুনিয়া হেও যাইতো চাইলো
সব মানুষের ভাষা এক রকমের নয়,হগল মানের ভাষা এক রহম না,বেয়াক মানুষের ভাষা এক ডইল্লে নো,বেগ মানুষের ভাষা এক রহমের না,বেক মাইনষের ভাষা এক রকম ন,সব মাইনষের ভাষা এক লাকান নায়
সে মাঠে আসেনি,হ্যায় মাডে আয়নাই,সে মাঠত নো আইয়ে,হেয় মাঠে আয় নাই,হেতে মাডে আইয়েনো,হে মাঠ-ও আইছে না
জরুরি সভা হবে,জরুলি সভা হইবে,জরুরি সভা অইব,জরুরি সভা হইব,জরুরি সভা অইবো,জরুরি সভা ওইবো
হাসপাতালে আমি আগে যাইনি,হাসপাতালে মুই আগে যাই নাই,হাসফাতালত আগে আই নো যাই,হাসপাতালে আমি আগে যাই নাই,হাসপাতালে আই আগে যাইনো,হাসপাতালও আমি আগে গেছি না
আমি অন্যের সাথে কথা বলি না,মুই অন্যের লগে কথা কই না,আই অন্যের ফোয়ারিত হতা নো হই,আমি অন্যের সাথে কথা কই না,আই অন্যের লগে কতা কই না,আমি অইন্যের লগে মাতি না
তিনি কি বিদেশ থেকে এসেছেন,হ্যায় কি বিদেশে গোনে আইছে,তিনি কি বিদেশেত্তুন আইসসে না,হেয় কিতা বিদেশ থাইক্কা আইসেন,হেতনে কি বিদেশ তুন আইছেন,তাইন কিতা বিদেশ তনে আইছোইন নি?
সবার ভাষা এক রকমের নয়,হগলডির ভাষা এক রহমের না,বেয়াক ভাষা এক ডইল্লে নো,বেহের ভাষা এক রহমের না,বেকের ভাষা এক রকমের ন,সব ওর ভাষা এক লাকান নায়
তার কাছে অনেক টাকা আছে,হ্যার ধারে বেমালা টাহা আছে,তার হাসে বহুত টেয়া আসে,হের কাসে মেলা টেহা আসে,হেতার কাছে মেলা টেয়া আছে,তার ধারো বউত টেখা আছে
কয়েক দিন অপেক্ষা করো,কয়ডা দিন অপেক্ষা কর,হয়েক্কান দিন অফেক্ষা গরন,কয়েক দিন অপেক্ষা কর,কোগা দিন অপেক্ষা করো,কয়েকদিন উবাও একটু
আমার বাসার কাছে রাস্তার পাশে একটি ফুলের দোকান,মোর বাড়ির ধারে রাস্তার পাশে এউক্কা ফুলের দোহান,আর বাসার ডাহরদি এক্কান ফুলোর দোহান,আমার বাসার কাসে রাস্তার পাশে একটা ফুলের দোহান,আর বাসার লগে রাস্তার হাশে ওকগা হুলের দোয়ান,আমার বাসার ওবায় রাস্তার ধারো একটা ফুল ওর দোকান
তার কাছে অনেক দেশের টাকা আছে,হ্যার ধারে ম্যালা দেশের টাহা আছে,তাহ হাসত বহুত দেশর টেয়া আসে,হের কাসে মেলা দেশের টেহা আসে,হেতার কাছে মেলা দেশের টেয়া আছে,তার ধারো বউত দেশ ওর টেখা আছে
আমি তোমাকে একটা উপহার দিতে চাই,মুই তোমারে এউক্কা উপহার দেতে চাই,আই তোওয়ারে এক্কান উফহার দিতাম চাইর,আমি তোমারে একটা উপহার দিতাম চাই,আই তোয়ারে ওকগা উপহার দিতাম চাই,আমি তুমিতাইন রে একটা উপহার দিতাম চাই
সব শুনে আমি বললাম,বেবাক হুইননা মুই কইলাম,বেয়াক্কুন ফুনিয়েরে আই হইলাম,সব হুইন্না আমি কইলাম,বেগগিন হুনি আই কইলাম,হকলতা হুনিয়াউ আমি কইলাম
কয়েক দিন অপেক্ষা করে দেখো,কয়ডা দিন অপেক্ষা কইররা দ্যাহো,হয়েক্কান দিন অফেক্ষা গরি দেহো,কয়েক দিন অপেক্ষা কইরা দেহো,কোগাদিন অপেক্ষা করি চাও,কয়েকদিন উবাইয়া দেখো
"কিছু দিন পরে পারুল নিজেই জানাল, বইটা পাওয়া গেছে",কয়ডা দিন পর পারুল নিজেই কইলো বইডা পাওয়া গ্যাছে,"কিছু দিন ফর পারুল নিজেই জানাইয়ে, বইয়ান ফোন গিয়ে","কিসু দিন বাদে পারুল নিজেই জানাইল, বইটা পাওয়ন গেসে","কিছু দিন হরে হারুল নিজেই জানাইছে, বইকান হাওন গেছে","কিছুদিন বাদে পারুলে নিজেউ জানাইলো, বই ওগু ফাওয়া গেছে"
এক বই নিয়ে এত ঘটনা ঘটে যাবে,এউক্কা বই লইয়া এত ঘটনা ঘইটটা যাইবে,এক্কান বই লইয়েরে এত ঘটনা ঘটি যাইব,এক বই লয়া এত ঘটনা ঘইটটা যাইব,ওকগা বই লই এতাগাইন ঘটনা ঘডি যাইবো,একগু বই নিয়া ওতো ঘটনা ঘটি যাইবো
সে না বুঝে অন্যদের দোষ দিচ্ছিল,হ্যায় না বুইজঝা অন্যডির দোষ দেতেয়াছেলে,সে নো বিঝুয়েরে অন্যদের দোষ দিয়িল,হেয় না বুইজ্ঝা অন্যদের দোষ দিতাসিল,হিগা না বুঝি অন্যগো দোষ দিতেআছিলো,হে না বুঝিয়াউ অইন্যরে দোষ দিতো আছলো!
কমলাপুর রেলস্টেশন থেকে বোনের বাসায় যাচ্ছি,কমলাপুর রেল এস্টেশন গোনে বুইনের বাড়ি যাইতেয়াছি,হমলাফুর রেল স্টেশনত্তুন ভোইনর বাসাত যাইর,কমলাপুর রেলস্টেশন থাইক্কা বইনের বাসায় যাইতাসি,কমলাহুর রেলস্টেশন তুন বোইনের বাসাত যাইতেছি,কমলাপুর রেলস্টেশন তনে বইন ওর বাসাত আইছি
বোনের বাসার কাছে রাস্তার পাশে একটি ফুলের দোকান,বুইনের বাড়ির ধারে রাস্তার পাশে এউক্কা ফুলের দোহান,ভোইনর বাসার হাসদ্দি এক্কান ফুলোর দোহান আসে,বইনের বাসার কাসে রাস্তার পাশে একটা ফুলের দোহান,বোইনের বাসার লগে রাস্তার হাশে ওকগা হুলের দোয়ান,বইন ওর বাসার ওবায় রাস্তার ধারো একটা ফুলের দোকান
"রজনীগন্ধা, গোলাপ, গাঁদা-সহ নানা রকম ফুল আছে দোকানে","রজনীগন্ধা, গোলাপ, গেন্দাসহ ম্যালা রহমের ফুল আছে দোহানে",রজনীগন্ধা গোলাপ গাঁদাসহ আরো ফুল আসে দোহানত,"রজনীগন্ধা, গোলাপ, গাঁদা-সহ নানা রহম ফুল আসে দোহানে","রজনীগন্ধা, গোলাপ, গাঁদা-সহ মেলা রকম হুল আছে দোয়ানো","রজনীগন্ধা, গোলাপ, গাঁদা লগে আরো বউত জাত ওর ফুল আছে দোকান-ও"
বড়ো বোনের জন্য কিছু পেয়ারা কিনল,বড় বুইনের লইজ্ঞা কয়ডা হোবরি কেনছে,ডর ভোইনর লাই কিছু ফেয়ারা কিন্নে,বড় বইনের লাইজ্ঞা কিসু পেয়ারা কিনল,বড্ডা আপার লাই কিছু হেয়ারা কিনলো,বড় বইন ওর লাগি কিছু সফরি কিনলো
বড়ো বোন কিছু পেয়ারা কিনল,বড় বুইন কয়ডা হোবরি কেনছে,ডর ভোইন কিছু ফেয়ারা কিন্নে,বড় বইন কিসু পেয়ারা কিনল,বড্ডা আপা কিছু হেয়ারা কিনলো,বড় বইনে কিছু সফরি কিনলো
তো আমি কী করব?,ত্যায় মুই কি করমু?,তো আই কিত্তাম?,তো আমি কিতা করবাম?,তো আই কিরতাম?,তে আমি কিতা করতাম?
সমান দুটো টুকরো হয়ে গেছে,সমান দুজ্ঞা টুকরা হইয়া গ্যাছে,সমান দুইয়ান টুকরা অই গিয়ে,সমান দুইটা টুকরা হয়া গেসে,সমান দুগা টুকরা অই গেছে,সমান দুইটা টুকরা ওই গেছে
দু-টুকরো হলো কী করে?,দুইটুকরা হইলে ক্যামনে?,দুইয়ান অইলো কেনে?,দুই টুকরা হইলো কী কইরা?,দুই-টুকরা অইলো কী করি?,দুই টুকরা ওইলো কিলা?
এটা আমাদের বাড়ি,এইজ্ঞা মোগো বাড়ি,ইয়ান আরার বাড়ি,এইডা আমরার বাড়ি,এটা আঙ্গো বাড়ি,ওগু আমরার বাড়ি
এই বাড়িটা আমাদের,এই বাড়িউজ্ঞা মোগো,এই বাড়িয়ান আরার,এই বাড়িটা আমরার,এই বাড়িকান আঙ্গো,ওউ বাড়ি ওগু আমরার
প্রথমে বালিশের তলাটা হাতড়ালেন,পোরথোমে বালিশের তলে হাতাইছে,ফ্রথম বালিশর তলা হাতদিয়ি,প্রথমে বালিশের তলাডা হাতড়াইসেন,প্রথমে বালিশের তলাকান হাতড়াইলেন,ফয়লা বালিশ ওর তলা ওগু হাতাইলা
এত সুন্দর লাগে তার,এত্তো সুন্দর লাগে হ্যার,এত সুন্দর লার তার,এত সুন্দর লাগে হের,এত সুন্দর লাগে হের,ওতো বালা লাগে তার
শুধু তাকিয়ে থাকতে ইচ্ছে করে,খালি চাইয়া থাকতে ইচ্ছা করে,শুধু সাইতাম মনত সার,খালি তাকায়া থাকতে ইচ্ছা করে,শুধু রেনি থাইকতে মন চায়,খালি চাই থাকতেউ ইচ্ছা করে
তাদের বাগান অন্যদের বাগানের মতো নয়,হ্যাগো বাগান অন্যগো বাগানের নাহান না,তারার বাগান অন্য মাইনশের বাগানর ডইল্লে,হেরার বাগান অন্যরার বাগানের মত না,হেতাগো বাগান অন্যগো বাগানের লাইন ন,তারার বাগান অইন্যরার বাগান ওর লাকান নায়
বিশাল বড়ো বড়ো গাছ,বিশাল এত্তোর এত্তোর গাছ,বিশাল ডর ডর গাস,বিশাল বড় বড় গাছ,বিশাল বড্ডা বড্ডা গাছ,যে বড় বড় গাছ
পুতুলের এই জন্যেই খুব মন খারাপ,পুতুলের এইয়ার লইজ্ঞাই একছের মন খারাপ,পুতুলর এই হারনেল্লাই মন্নান হারাফ,পুতুলের এই লাইজ্ঞাই মেলা মন খারাপ,হুতুলের এডার লাইয়ে খুব মন খারাপ,পুতুল ওর ওতার লাগিউ খুব মন খারাপ
গাছগুলোর দিকে তাকালেই তার কান্না পেয়ে যায়,গাছগুলানের দিক চাইলেই হ্যার কান্দোন পাইয়া যায়,গাছ উনের মিক্কে সাইলে তার হান্না আইয়ে,গাছগুলার দিকে তাকাইলেই হের কান্দন পায়া যায়,গাছগুনের দিকে রেইনলেই হিগার কান্না হাই যায়,গাছ ওকলতোর দিকে চাইলেউ তাইর কান্দা আই যায়
ছোটোরা অনেক কাজ করে যেগুলো বড়োরা পছন্দ করে না,গুরাগারারা ম্যালা কাম করে যেইডি বড়রা পছন্দ করেনা,ছোতরা বহুত হাম গরে যিন ডর তারা ফসন্দ নো গরে,ছোটোরা মেলা কাম কইরা যেগুলা বড়রা পসন্দ করে না,ছোডোরা এমন অনেক কাম করে জিগিন মুরগবিরা হছন্দ করে না,ছোটরা ওতো কাম করে যেতক বড়োরার পছন্দ নায়
তাছাড়া আরেকটা কারণও আছে,হেইয়াছাড়াও আরেউক্কা কারণও আছে,ইয়াসাড়া আরেক্কান হারন আসে,তাছাড়া আরেকটা কারণও আসে,হেইডাছাড়াও আরেককান কারণ আছে,ইতা বাদেও আরেকটা কারণ আছে
ঘরে আলো-হাওয়া তেমন ঢুকতে পারে না,ঘরে আলো বাতাস হেইরহম ঢোকতে পারে না,গরত আলো হাওয়া এইল্লে ডুকিন্নো ফারে,ঘরে আলো-হাওয়া তেমন ঢুকতে পারে না,ঘরে আলো-হাওয়া হিরুম ঢুইকতে হারে না,ঘর ওর মাঝে আলো বাতাস ওতো ঢুকতো ফারে না
আমাদের চলতেই পারে না,মোগো চলতেই পারে না,আরার নো সলের,আমারার চলতেই পারে না,আঙ্গো চইলতেই হারে না,আমরার চলতোউ ফারে না
হাতে তালি দিয়ে দিয়ে কি পড়া যায়?,হাত তালি দিয়া কি পড়া যায়?,আতত তালি মারিয়েরে ফড়া যায় না?,হাতে তালি দিয়া দিয়া কি পড়ন যায়?,আতে তালি দি দি কি হড়া যায়?,হাত তালি দিয়া দিয়া কিতা পড়া যায় নি?
কোথাও যাওয়ার রাস্তা,কোনহানে যাওনের রাস্তা নাই,হডে যাইবের রাস্তা,কোথাও যাওনের রাস্তা,কোনানো যাওনের রাস্তা,কোন যাওয়ার রাস্তা
এখানে নাকি একটা শিশুপার্ক হবে,এইহানে বোলে এউক্কা শিশুপার্ক হইবে?,ইয়ানত কি এক্কান শিশু ফারক আসে না,এইহানে নাকি একটা শিশুপার্ক হইব,ইয়ানো বেলে ওকগা শিশুপার্ক অইবো,ওনো বুলে একটা শিশুপার্ক ওইতো
তোমাদের কথা শুনে হাসছি,তোমাগো কথা হুইননা হাসতেয়াছি,তোওয়ারার হতা ফুনিয়েরে আসির,তোমাদের কথা হুইন্না হাসছি,তোমাগো কতা হুনি আইসছি,তোমরার মাত হুনিয়া হাসছি
মিথ্যা কথা বোলো না,মিছা কথা কইও না,মিসা হতা নো হইয়ো,মিথ্যা কথা কইয়ো না,মিছা কতা কইছ না,মিছা মাত মাতিও না
যে অত্যাচার করে,যেই অত্যাচার করে,যে আত্যসার গরে,যে অত্যাচার করে,যিগা অত্যাচার করে,যে অত্যাচার কররো
মেঠো পথের দুপাশে সবুজ ধানখেত,মাডির রাস্তার দুইপাশে কোলা,মেঠো ফতর দুইপাসদ্দি সবুজ ধান কেত,মেঠো পথের দুইপাশে সবুজ ধানখেত,মেঠো হথের দুহাশে সবুজ ধানখেত,মাঠ ওর দুই ধারো সবুজ ধানক্ষেত
হঠাৎ সামনের মেয়েটি থমকে দাঁড়াল,হুটকইররা সামনের মাইয়াউজ্ঞা থমকাইয়া খাড়াইছে,হঠাৎ সামনের মাইয়াফোয়া ইবা তিয়াই গেইল,হঠাৎ সামনের মাইয়াডা থমকায়া দাঁড়াইল,হঠাৎ সামনের মাইয়াগা থমকি খাড়াইলো,আখতা করি সামনের ফুরিগু থমকি গেছে
ধানখেত পার হতেই একটা বড়ো পুকুর,কোলা পার হইয়াই এইক্কা বড় পুহুইর,ধানকেত ফার অইয়েরে এক্কান ডোর ফুকুর,ধানখেত পার হইতেই একটা বড় পুকুর,ধানখেত হার অইতেই ওকগা বড্ডা হুইর,ধানক্ষেত ফার ওইতেউ একগু বড় পুকরি
চোখের আড়াল হয়ে গেছে,চোখের বায়ড়ায় গ্যাছে,চোকর আরাল অই গিয়ি,চোখের আড়াল হয়া গেসে,চোখের আড়াল অই গেছে,চউখ ওর আড়াল ওই গেছে
সে আমার চোখের আড়াল হয়ে গেছে,হ্যায় মোর চোখের বায়ড়ায় গ্যাছে,সে আর চোকর আরাল অই গিয়ি,হেয় আমার চোখের আড়াল হয়া গেসে,হেতে আর চোখের আড়াল অই গেছে,হে আমার চউখ ওর আড়াল ওই গেছে
সেখানকার পানি টলটলে,হেইহানের পানি টলটইল্লা,ইয়ানোর ফানি টলটল,ওইহানকার পানি টলটলে,হিয়ানকার হানি টলটলে,হনোর পানি টলটলে
পুকুরের ধারে একটা বড়ো আমগাছ,পুহুইরের ধারে এউক্কা বড় আমগাছ,ফুরুরর ডাহদ্দি এক্কান ডর আমগাছ,পুকুরের ধারে একটা বড় আমগাছ,হুইরের হাড়ে ওকগা বড্ডা আমগাছ,পুকরির কান্দাত একগু বড় আমগাছ
"আমার মনে হচ্ছে, এবার অনেক আম ধরবে","মোর মনে হইতেয়াছে, এইফির বেমালা আম ধরবে","আত্তুন মনত অরদে, এবারত বহুত আম দরিব","আমার মনে হইতাসে, এবার অনেক আম ধরব","আর মনে অইতেছে, এবার অনেক আম ধইরবো","আমার লাগের, এবার বউত আম ধরবো"
আমি আম খেতে ভালোবাসি,মুই আম খাইতে ভালোবাসি,আই আম হাইতাম ভালোবাসি,আমি আম খাইতে ভালবাসি,আই আম খাইতে ভালাবাসি,আমি আম খাইতে বালা ফাই
সেই আমগাছের দিকে তাকিয়ে ছিলাম,হেই আমগাছের দিক চাইয়া আল্লাহম,সেই আমগাছর মিক্কে সাই তাইক্কে,হেই আমগাছের দিকে তাকায়া আসিলাম,হেই আমগাছের দিকে রেনি আছিলাম,ওউ আম গাছ ওর দিকে চাই রইছলাম
আমগাছের দিকে তাকিয়ে একটি মেয়ে বলল,আমগাছের দিক চাইয়া এউক্কা মাইয়া কইলো,আমগাছর মিক্কে এক্কান মাইয়া ফোয়া সাইয়েরে হইলো,আমগাছের দিকে তাকায়া একটা মেয়ে কইল,আমগাছের দিকে ছাই ওকগা মাইয়া কইলো,আম গাছ ওর বায় চাইয়া এক ফুরিয়ে কইলো
আমার দিকে তাকিয়ে একটি মেয়ে বলল,মোর দিক চাইয়া এউক্কা মাইয়া কইলো,আর মিক্কে সাইয়েরে এক্কান মাইয়াফোয়া হইলো,আমার দিকে তাকায়া একটা মাইয়া কইল,আর দিকে রেনি ওকগা মাইয়া কইলো,আমার বায়দি চাইয়া এক ফুরিয়ে কইলো
সবাই তাকিয়ে দেখল,হগলডি চাইয়া দ্যাখলো,বেয়াক্কুন সাইয়েরে দেইক্কে,সবাই তাকায়া দেখল,বেকে রেনি ছাইলো,হক্কলে চাই রইলো
আমগাছে প্রচুর মুকুল এসেছে,আমগাছে বেমালা বোল আইছে,সাদা মুকুলত আমগাছর সবুজ ফাতা ফাতা ঢাহা ফরিগিয়ে,আমগাছে প্রচুর মুকুল আইসে,আমগাছে হছুর মুকুল আইছে,আমগাছ-ও যত মুকুল আইছে
সাদা মুকুলে আমগাছের সবুজ পাতা ঢাকা পড়েছে,সাদা বোলে আমগাছের সবুজ পাতা ঢাইক্কা গ্যাছে,তার বয়স হমবেসি সত্তুর বছর,সাদা মুকুলে আমগাছের সবুজ পাতা ঢাকা পড়সে,সাদা মুকুলে আমগাছের সবুজ হাতা ঢাকা হইড়ছে,সাদা মুকুল দিয়া আমগাছ ওর সবুজ পাতাও ঢাকি গেছে
তাঁর বয়স কম-বেশি সত্তর বছর,হ্যার বয়স কমবেশি সত্তুর বছর,ও ঠিকিই হইয়ে,হের বয়স কম-বেশি সত্তর বছর,হেতাঁর বয়স কম-বেশি হত্তুর বছর,তাঁইন ওর বয়স কমবেশি সত্তইর বছর
তিনি ওদের কথা শুনে বললেন,হ্যায় অগো কথা হুইন্না কয়,তিনি  ইতারার হতা ফুনিয়েরে হইলো,হেয় ওরার কথা হুইন্না কইলেন,হেতোনে হিগুনের কতা হুনি কইলেন,তাইন হেরার মাত হুনিয়া কইলা
ও ঠিকই বলেছে,অয় ঠিকই কইছে,ও ঠিকি হইয়ে,ওয় ঠিকই কইসে,ও ঠিকই কইছে,হে ঠিক ওউ মাতছে
"যে বছর ধান ভালো হয়, সে বছর আমের ফলনও ভালো হয়","যেই বছর ধান ভালো হয়, হেই বছর আমের ফলনও ভালো হয়","যেই বছরত ধান ভালো অয়, সেই বছরত আমর ফলত ভালো অয়","যে বছর ধান ভালা হয়, হেই বছর আমের ফলনও ভালা হয়","যে বছর ধান ভালা অয়, হে বছর আমের হলনও ভালা অয়","যে বছরও ধান বালা ওয়, ওউ বছরব আম ওর ফলনও বালা ওয়"
"সবাই যখন পড়তে বসে, রাজীব তখন ঘুমায়","হগলডি যহন পড়তে বয়, রাজীব হেইকালে ঘুমায়","বেয়াক্কুন যেই সমত ফড়তে বইয়ে, বাজীপ তহন ঘুমাদ্দে","বেহেই যহন পড়তে বয়, রাজীব তহন ঘুমায়","বেকে যন হইড়তে বইয়ে, রাজীব তন ঘুমায়","হকল যখন পড়াত বয়, রাজীব তখন ঘুমায়"
"সবাই যখন পড়তে বসে, আমি তখন ঘুমাই","হগলডি যহন পড়তে বয়, মুই হেইকালে ঘুমাই","বেয়াক্কুন যেই সমত ফড়তে বইয়ে, আই তহন ঘুম জাইর","বেহেই যহন পড়তে বয়, আমি তহন ঘুমাই","বেকে যন হইড়তে বইয়ে, আই তন ঘুমাই","হকল যখন পড়াত বয়, আমি তখন ঘুমাই"
আমি সকালে দেড়ি করে ঘুম থেকে উঠি,মুই বেইন্নাহালে দেড়ি কইররা ঘুমে গোনে উডি,আই সকালত দেড়ি গড়ি ঘুমেত্তুন উঠি,আমি সহালে দেড়ি কইরা ঘুম থাইক্কা উঠি,আই ভোরে দেড়ি করি ঘুম তুন উডি,আমি সকাইলকু দেরি করি ঘুম তনে উঠি
আমি  ঠিকই বলেছি,মুই ঠিকই কইছি,আই ঠিকি হইয়ি,আমি  ঠিকই কইতাসি,আই ঠিকই কইছি,আমি ঠিক ওউ কইছি
ভাই তখন পড়তে বসে,ভাই তহন পড়তে বহে,ভাই তহন ফড়তে বইসসে,ভাই তহন পড়তে বয়,ভাই তন হইড়তে বইয়ে,ভাই তখন পড়াত বয়
আমি সকাালে পড়তে বসি,মুই বেইন্নাহালে পড়তে বই,আই সকালত ফড়তে বইসসি,আমি সহালে পড়তে বই,আই সকালে হইড়তে বই,আমি সকাইলকু পড়াত বই
আজকাল কী যে করছে ছেলেটা,আইজকাইল কি যে করতেয়াছে পোলাডা,আজহাল ফোওয়া কি যে গরের,আইজকাল কী যে করসে ছেড়াডা,আইজকাল কী যে কইরতেছে হোলাটা,আইজকাইল কিতা যে করের ফুয়াগুয়ে!
বয়স সবে চার বছর পূর্ণ হলো,বয়স হবায় চাইর বছর পুরা হইছে,৪ বয়স অইয়ে মাত্র,বয়স সবে চাইর বছর পূর্ণ হইলো,বয়স এলা চাইর বছর হুর্ণ অইলো,বয়স মাত্র চাইর বছর ওইলো
সবকিছুতেই তার এলোমেলো আচরণ,হগলকিছুতেই হ্যার আউলাঝাউলা আচরণ,বেয়াক্কিসুত তার এলোমেলো আছরন,বেগকিসুতেই হের এলোমেলো আচরণ,বেগগিনেই হিগার এলোমেলো আচরণ,হকলতাত ওউ তার উলটপালট মাত কথা
বাবা একদিন কথায় কথায় মাকে বললেন,আব্বা একদিন কথায় কথায় মায়রে কয়,বাবা একদিন হতাত হতাত মারে হইলো,আব্বা একদিন কথায় কথায় মারে কইলেন,আব্বা একদিন কতায় কতায় মারে কইলেন,বাবায় একদিন মাতে মাতে মা-রে কইলা
ছেলেটার সব কাজ এমন এলোমেলো হচ্ছে কেন?,পোলাডার হগল কাম এইরহম আউলাঝাউলা হইতেয়াছে কির লইজ্ঞা?,ফোওয়া ইবার বেয়াগ হাম হজ এইল্লে এলোমেলো কিল্লাই?,ছেড়াডার বেগ কাম এমন এলোমেলো হইতাসে কেন?,হোলাগার বেক কাম এরুম এলোমেলো  অইতেছে কিল্লেই?,ফুয়াগুর হকল কাম ওলা উলটপালট ওইরো কিতার লাগি?
মেয়েটার সব কাজ এমন এলোমেলো হচ্ছে কেন?,মাইয়াডার হগল কাম এইরহম আউলাঝাউলা হইতেয়াছে কির লইজ্ঞা?,মাইয়া ফোোয়া ইবা এইল্লে এলোমেলো কিল্লাই?,মাইয়াডার  বেগ কাম এমন এলোমেলো হইতাসে কেন?,মাইয়াগার বেক কাম এরুম এলোমেলো  অইতেছে কিল্লেই?,ফুরিগুর হকল কাম ওলা উলটপালট ওইরো কিতার লাগি?
সব কাজ তো এলোমেলো হচ্ছে না,হগল কাম তো আউলাঝাউলা হইতেয়াছে না,বেয়াগ হামতো এলোমেলো তো নো,বেগ কাম তো এলোমেলো হইতাসে না,বেক কাম তো এলোমেলো  অইতেছে না,হকল কাম তো উলটপালট ওইরো না
আমি খাইয়ে দিলে রাজীব সময়মতো খায়,মুই খাওয়াইয়া দেলে রাজীব সময়মতো খায়,আই রাজিবরে হাইতে দিলে রাজিব সময় মতন হায়,আমি খাওয়াইয়া দিলে রাজীব সময়মতো খায়,আই খাওয়াই দিলে রাজীব সময়মতন খায়,আমি খাওয়াইয়া দিলে রাজীব সময়মতোউ খায়
মার কথা শুনে বাবা হাসলেন,মায়ের কথা হুইন্না আব্বা হাসে,মার হতা ফুনিয়েরে বাবা আসের,মার কথা হুইন্না আব্বা হাসলেন,মার কতা হুনি আব্বা হাইসলেন,মা'র মাত হুনিয়া বাবায় হাসলা
"আরেকটু বড়ো হলে কী করবে, সেটাই দেখার বিষয়",আরেকটু বড় হইলে কি করবে হেইডাই দ্যাহার বিষয়,আরেক্কেনা ডর অই গেইলে কেন গরিবা ইন দেহার বিষয়,"আরেকটু বড় হইলে কী করব, হেইডাই দেহার বিষয়","আরেককানা বড্ডা অইলে কী কইরবা, হেডাই দেনের বিষয়",আর থুরা বড় ওইলে কিতা করবো ওটাউ দেখার বিষয়
আরেকটু বড়ো হলে কী করবে ?,আরেকটু বড় হইলে কি করবে?,আরেক্কেনা ডর অই গেইলে কেন গরিবা,আরেকটু বড় হইলে কী করব ?,আরেককানা বড্ডা অইলে কী কইরবা ?,আর থুরা বড় ওইলে কিতা করবো?
"তখন সময়মতো পড়বে, ঘুমাবে, আর খেলবে","তহন সময়মত পড়বে, ঘুমাইবে, আর খ্যালবে",তহনো সময় মতন হানা হাইবো ঘুম জাইনো আর খেলিবো,"তহন সময়মতো পড়ব, ঘুমাইব, আর খেলব","হেক্তে সময়মতো হইড়বো, ঘুমাইবো, আর খেইলবো","ওউ সময়মতোউ পড়বো, ঘুমাইবো আর খেলবো"
দাদির কাছে একটা পুরাতন সিন্দুক আছে,বুর ধারে এউক্কা পুরান সিন্দুক আছে,দাদির হাসত এক্কান ফুরান সিন্দুক আসে,দাদির কাসে একটা পুরাতন সিন্দুক আসে,বুইজার কাছে ওকগা হুরাতন সিন্দুক আছে,দাদির ধারো একগু ফুরান সিন্দুক আছে
সেই সিন্দুক সবসময়ে তালা দিয়ে আটকানো থাকে,হেই সিন্দুক হগলকালে তালা দিয়া আটাকাইন্না থাহে,সিন্দুক ইবা সবসমত তালা দোন তাহে,হেই সিন্দুক বেগসময়ে তালা দিয়া আটকানো থাহে,হেই সিন্দুক বেকসময়ে তালা দি আটকানো থায়,ওউ সিন্দুক হকল সময় ওউ তালা দিয়া আটকানি থাকে
বহুদিন ধরে ওটা খোলা হয় না,ম্যালাদিন ধইররা অউজ্ঞা খোলা হয়না,বহুু দিন দরিয়েরে ইন নো খুলে,মেলাদিন ধইরা ওইডা খোলা হয় না,বহুদিন ধরি হিয়ান খোলা অয় না,বাক্কা দিন ধরি ওগু খোলা ওয় না
এই সিন্দুকের ভেতরে কী আছে?,এই সিন্দুকের মইধ্যে কি আছে?,এই সিন্দুক ইবার ভিতরত কি আসেদে?,এই সিন্দুকের ভিতরে কী আসে?,হেই সিন্দুকের ভিতরে কী আছে?,ওউ সিন্দুক ওর ভিতরে কিতা আছে?
দাদি অবাক চোখে আমার দিকে তাকালেন,বু অটাশ চোখে মোর দিক চাইলো,দাদিি অভাক অইয়েরে আর মিক্কে সাই তাইক্কে,দাদি অবাক চোক্ষে আমার দিকে তাকাইলেন,বুইজা অবাক চোখে আর দিকে রেইনলেন,দাদিয়ে অবাক চউখে আমার বায়দি চাইলা
চাবি দিয়ে তালা খোলার পর সব দেখতে পাবে,চাবি দিয়া তালা খোলার পর বেবাক দ্যাখতে পাবা,তালা দি খুলিবার ফরত সাইত্তারিবা,চাবি দিয়া তালা খোলার পর বেগ দেখতে পাইব,চাবি দি তালা খোলোনের হর বেগগিন দেইখতে হাইরবা,চাবি দিয়া তালা খোলা বাদে সবতা দেখতে ফারবায়
"আমার, আর তোমার মার অনেক গয়না আছে",মোর আর তোমার মায়ের বেমালা গয়না আছে,আর মা আর তোওয়ার মার বহুত গয়না আসে দে,"আমার, আর তোমার মার অনেক গয়না আসে","আর, আর তোয়ার মার অনেক গয়না আছে",আমার আর তোমার মা'র বউত গয়না আছে
বাজার থেকে চাবি বানানোর লোক আনালেন,বাজারে গোনে চাবি বানাইন্নার মানু আনাইছে,বাজারেত্তুন চাবি বানাইবার লোক আইন্নে,বাজার থাইক্কা চাবি বানানুর লোক আনাইলেন,বাজার তুন চাবি বানাইন্না লোক আনাইলেন,বাজার তনে চাবি বানানির মানুষ আনাইলা
তিশার জন্য সিন্দুক খোলা হলো,তিশার লইজ্ঞা সিন্দুক খোলা হইবে,তিশার লাও সিন্দুক খুইল্লি,তিশার লাইজ্ঞা সিন্দুক খোলা হইলো,তিশার লাই সিন্দুক খোলা অইলো,তিশার লাগি সিন্দুক খোলা ওইলো
পলাশের নানা ও নানি একইদিনে মারা যান,পলাশের নানা আর নানি একদিনেই মরছে,পলাশর নানা নানি একই দিনত ইন্তেকাল গইজ্জে,পলাশের নানা আর নানি একইদিনে মইরা যান,হলাশের নানা ও নানি একইদিনে মারা যান,পলাশ ওর নানা আর নানী একই দিনেউ মারা গেছোইন
নানার কঠিন অসুখ হয়েছিল,নানার বড় অসুখ হইল্লে,নানা বহুত অসুস্থ অইল,নানার কঠিন অসুখ হইসিল,নানার কঠিন অসুখ অইছিলো,নানার জটিল অসুখ আছলো
অসুখে তিনি কয়েক বছর ভুগেছিলেন,অসুখে হ্যায় কয়েক বছর ভোগছে,হয়েক বছর অসুখত ভুইগগি,অসুখে হেয় কয়েক বছর ভুগসিলেন,অসুখে হেতনে কয়েক বছর ভুইগছিলেন,অসুখে তাইন কয়েক বছর ধরি ভোগরা
তাঁকে হাসপাতালে নেওয়া হয়েছিল,হ্যারে হাসপাতালে লওয়া হইল্লে,তারে হাসফাতালত লইল,তাঁরে হাসপাতালে নেওয়ন হইসিল,হেতনরে হাসপাতালে নেয়া অইছিলো,তাঁনরে হাসপাতাল-ও নেওয়া ওইছিল
কিন্তু বাঁচানো যায়নি,তয় বাচাইন্না যায়নাই,কিন্তু বাসানত নো যায়,কিন্তু বাঁচান যায় নাই,কিন্তু বাঁচানো যায়নো,কিন্তু বাচানি গেছে না
বেশ কয়েকদিন পলাশের মন খুব খারাপ ছিল,ম্যালাদিন পলাশের মন বেমালা খারাপ আল্লেহ,বেশ হয়েকদিন পলাশর মন্নান হারাফ,বেশ কয়েকদিন পলাশের মন মেলা খারাপ আসিল,মেলাদিন হলাশের মন খুব খারাপ আছিলো,বাক্কা কতদিন পলাশ ওর খুব মন খারাপ আছলো
বেশ কয়েকদিন আমার মন খুব খারাপ ছিল,ম্যালাদিন মোর মন বেমালা খারাপ আল্লেহ,বেশ হয়েকদিন আর মন্নান হারাফ,বেশ কয়েকদিন আমার মন খুব খারাপ আসিল,মেলাদিন আর মন খুব খারাপ আছিলো,বাক্কা কতদিন আমার খুব মন খারাপ আছলো
তাই তখন সে কারও সাথে কথা বলত না,হেইতে তহন হ্যায় কারো লগে কথা কইতে না,এতাল্লাই হনিক্কার ফোয়ারিত হতা নো হয়,তাই তহন হেয় কারও লগে কথা কইত না,হেডার লাই তন হেতে কারও লগে কতা কইতো না,ওতার লাগি ওউ সময় হে কেউর লগে মাত্তো না
মানুষের বার্ধক্য আর মৃত্যুকে ঠেকানো যায় না,মানের বয়স আর মরন ঠেহাইন্না যায় না,মাইষের বার্ধক্য আর মৃত্যুরে ঠেকানো নো যায়,মানুষের বার্ধক্য আর মৃত্যুরে ঠেকান যায় না,মাইনষের বার্ধক্য আর মৃত্যুরে ঠেয়ান যায় না,মাইনষ'র বার্ধক্য আর মরণরে আটকানি যায় না
তবু প্রতিটি মৃত্যু মানুষকে কষ্ট দেয়,হ্যাও প্রতিডা মরন মানেরে কষ্ট দ্যায়,ইয়ার ফোরও রতিকান ইন্তেকাল মাইশেরে হস্ট দে,তবু প্রতিডা মৃত্যু মানুষরে কষ্ট দেয়,তার হরেও হইত্তেকটা মৃত্যু মানুষরে কষ্ট দেয়,তেও সব মরণ এউ মাইনষরে কষ্ট দেয়
শেষ বলে ছয় মেরে বাংলাদেশ জিতে গেল,শ্যাষ বলে ছক্কা মাইররা বাংলাদেশ জিততা গ্যাছে,শেষ বলত ছক্কা মারিয়েরে বাংলাদেশ জিতি গেইল,শেষ বলে ছয় মাইরা বাংলাদেশ জিত্তা গেল,শেষ বলে ছয় মারি বাংলাদেশ জিতি গেছে,শেষ বল-ও ছক্কা মারিয়া বাংলাদেশ জিতি গেলো
আহ্! কী চমৎকার খেলাই না দেখলাম,আহা কি চমেতকার খেলা দ্যাখলাম,আহা! কি সুন্দর খেলাই দেহিলাম,আহ্! কী চমৎকার খেলাই না দেখলাম,আহ্! কী দারুণ খেলাই না চাইলাম,এরেহ! কি বেশেবা খেলাটাউ না দেখলাম!
"ছোটো বোন চিৎকার দিয়ে উঠল, দারুণ",ছোডো বুইন চিল্লান দিয়া ওঠছে দারুণ,ছোোড ভোইন চিৎকার দিয়েরে উডি গিয়ে,"ছোটো বইন চিক্কুর দিয়া উঠল, দারুণ","ছোডো বোইন চিল্লাই উইডছে, দারুণ","ছোট বইনে চিল্লাইয়া উঠলো, দারুণ"
"বাহ্, এমন খেলা বহুদিন দেখিনি",বাহ এইরহম খ্যালা ম্যালাদিন দেহিনাই,বাহ এইল্লে হেলা বহু দিন নো দেহি,"বাহ্, এমন খেলা মেলাদিন দেহি নাই","বাহ্, ইরুম খেলা মেলাদিন চাইনো","বাহ্, ওলা খেলা বউত দিন দেখছি না"
"আহা! যারা হেরে গেল, ওদের মনে অনেক কষ্ট",আহারে যেরা হাইররা গ্যাছে অগো মনে বেমালা কষ্ট,আহা যারা আরি গিয়ি ইতারার মনত হস্ট,"আহা! যারা হাইরা গেল, ওরার মনে মেলা কষ্ট","আহারে! যেগুণ হারি গেছে, হিগুনের মনে অনেক কষ্ট","এহে রে! যারা হারি গেলো, হেরার মন-ও কত কষ্ট"
খেলায় হারজিত থাকতেই পারে,খ্যালায় হারজিত থাকতেই পারে,হেলাাত আর জিত তাকিত্তারে,খেলায় হারজিত থাকতেই পারে,খেলাত হারজিত থাইকতেই হারে,খেলাত হারা জুতা থাকতেউ ফারে
আরে! এর মধ্যেই দেখি বিজয় মিছিল শুরু হয়ে গেছে,অরে ব্যাডা এইয়ার মইধ্যেই দেহি বিজয় মিছিল শুরুহইয়া গ্যাছে,আরে এই সমত বিজয়র মিসিল শুরু অই গিয়ি,আরে! এর মধ্যেই দেহি বিজয় মিছিল শুরু হয়া গেসে,আরে! এডার মধ্যেই দেই বিজয় মিছিল শুরু অই গেছে,আরেহ! এর মাঝেউ দেখি বিজয় ওর মিছিল আরম্ব ওই গেছে
বাপরে বাপ! কত বড়ো মিছিল,বাপরে বাপ কত্তোর মিছিল,বাপ্রে বাপ হত্ত ডর মিসিল,বাপরে বাপ! কত বড় মিসিল,বাপরে বাপ! কত বড্ডা মিছিল,বাফরে বাফ! যে বড় মিছিল
একটি শব্দের অনেক রকম অর্থ থাকতে পারে,এউক্কা শব্দের ম্যালা রহমের অর্থ থাকতে পারে,এক্কান শব্দত বহুত দইল্লে মানে তাকিত্তারে,একটা শব্দের মেলা রকম অর্থ থাকতে পারে,ওকগা শব্দের মেলা রকম অর্থ থাইকতে হারে,একটা শব্দ'র বউত লাকান অর্থ থাকতো ফারে
আম পাকে বৈশাখে কুল পাকে ফাগুনে,আম পাহে বৈশাখে কুল পাহে ফাগুনে,আম ফাকে বৈশাখত আর ফল ফাকে ফাগুনত,আম পাকে বৈশাখে কুল পাকে ফাগুনে,আম হায় বৈশাখে কুল হায় হাগুনে,আম পাকে বৈশাখ'ও আর বরই পাকে ফাল্গুন-ও
কাঁচা ইট পাকা হয় পোড়ালে তা আগুনে,কাচা ইট পাহা হয় পুড়াইলে হেইয়া আগুনে,হাসা ইট  ফাকা অয় আগুনত,কাঁচা ইট পাকনা হয় পুড়াইলে তা আগুনে,কাঁচা ইড হাকা অয় হোড়ালে হেইডা আগুনে,কাঁচা ইট আগুন-ও পোড়াইয়া পাকানি ওয়
"রোদে জলে টিকে রং, পাকা কই তাহারে",রউদে জইল্যা টেহে রঙ পাহা কই হেইয়ারে,রইদত জলে টিক্কে আর তারে হয় ফানা,"রোদে জলে টিকে রং, পাকনা কই তারে","রোইদে হানিতে টিকে রং, হাকা কই হেইডারে","রইদও জ্বলিয়া রঙ টিকে, আর পাকনা ওই ওগুরে"
ফলারটি পাকা হয় লুচি দই আহারে,খাওনডা পুরা হয় লুচি দই খাওনে,ফোলারিন ফানা হয় লুচি দই আহারে,ফলারটি পাকনা হয় লুচি দই আহারে,ফলারটি হাকা অয় লুচি দই আহারে,"ফলারগুন পাকিয়া দই লুচি, এরেহ"
চুল পাকে বয়সে,চুল পাহে বাতাসে,চুক ফানা অয় বুরা বয়সত,চুল পাকে বয়সে,চুল হায় বয়সে,বয়স বাড়ি গেলে চুল পাকে
পাকা ছেলে বেশি কথা কয় সে,পাকনা পোলা ম্যালা কথা কয় হ্যায়,ফানা ফোওইয়া বেশি হতা হয়,পাকনা ছেড়া বেশি কথা কয় হেয়,হাকনা হোলা বেশি কতা কয় হিগা,পাকনা ফুয়া ওগুয়ে বেশি মাতে
কান পাকে ফোড়া পাকে,কান পাহে ফোড়া পাহে,হান ফানা অয় ফোড়া ফানা অয়,কান পাকে ফোড়া পাকে,কান হায় হোড়া হায়,গুটা পাকলে কান-ও পাকে
বুদ্ধি পাকিয়ে তোলে লেখাপড়া গিলিয়ে,বুদ্ধি পাহাইয়া উডায় লেহাপড়া গিলাইয়া,বুদ্ধি ফাকাইয়েরে  তইলে ফন্না গিলি,বুদ্ধি পাকায়া তুলে লেহাপড়া গিলায়া,বুদ্ধি হাকাই তোলে লেয়াহড়া গিলিয়ে,পড়া গিলাইয়া বুদ্ধি পাকানি ওয়
কথা যার পাকা নয় কাজে তার ঠনঠন,কথা যের পাহা না কামে হ্যার ঠনঠন,হতা যার ফানা নয় তার হাজে ঠনঠন,কথা যার পাকনা না কামে হের ঠনঠন,কতা জিগার হাকা নয় কামে হিগার ঠনঠন,যেগুর মাত কথা পাকনা নায় ওগুর কাজ বালা
অনেক দূরের পথ,বেমালা দুরের পথ,বহুত সুরর ফত,মেলা দূরের পথ,অনেক দূরের হথ,বউত দূর ওর রাস্তা
বাসে করেই তাঁকে রওনা দিতে হলো,বাসে কইররাই হ্যারে রওনা দেতে হইছে,বাসাত গরি তারে রউনা দন ফইজ্জে,বাসে কইরাই হের রওনা দিতে হইলো,বাসে করিই হেতের রওনা দেন লাইগলো,বাসও কইরাউ তাঁন রওয়ানা দেওয়া লাগলো
"বাস থেকে যখন নামলেন, তখন সকাল হয়ে গেছে",বাসে গোনে যহন নামছে তহন বেইন্নাহাল হইয়া গ্যাছে,বাসত নামিবার ফরেদি সকাল অইগিয়ি,"বাস থাইক্কা যহন নামলেন, তহন সকাল হয়া গেসে","বাস তুন যন নামছে, তন সকাল অই গেছে","বাস তাকি যখন নামছিলা, তখন সকাল ওই গেছিল"
সকাল হয়ে গেছে,বেয়ান হইয়া গ্যাছে,সকাল অই গিয়ি,সহাল হয়া গেসে,সকাল অই গেছে,সকাল ওই গেছে
একটা ভালো কাজ করতে পারবেন,এউক্কা ভালো কাম করতে পারবেন?,এক্কান ভালা হাম গরিত্তারিবান্না,একটা ভালা কাম করতে পারবেন,ওকগা ভালা কাম কইরতে হাইরবেন,একটা বালা কাম করতা ফারবা নি
তোমাদের কারো বিশ্বাস হবে না,তোমাগো কারো বিশ্বাস হইবেনা,তোও্য়ারার হনিক্কার বিশ্বাস নো অইবো,তোমরার কারো বিশ্বাস হইত না,তোমগো কারো বিশ্বাস অইতো ন,তোমরার কেউর বিশ্বাস ওইতো নায়
কথাটি তোমাদের কারো বিশ্বাস হবে না,কথাডা তোমাগো কারো বিশ্বাস হইবেনা,হতাইন তোওয়ারার হনিক্কার বিশ্বাস নো অইব,কথাডা তোমরার কারো বিশ্বাস হইত না,কতাকান তোমগো কারো বিশ্বাস অইতো ন,কথা ওগু তোমরা কেউর ওউ বিশ্বাস ওইতো নায়
অনেকগুলো নতুন বই দেখে  আমি অবাক হয়ে বললাম,বেমালা নতুন বই দেইকখা মুই অটাশ হইয়া কইলাম,বহুত নোয়া বই সাইয়েরে আই হইলাম,অনেকগুলা নতুন বই দেইক্ষা  আমি অবাক হয়া কইলাম,অনেকগুলা নতুন বই চাই আই অবাক অই কইলাম,বাক্কা কতটা নয়া বই দেখিয়া আমি অবাক ওই গেছি
আপনি কি আমাদের বাড়িতে এসেছেন,আমনে কি মোগো বাড়ি আইছেন,অনে কি আরার বাড়ি আইসসিলেন্না,আফনে কি আমরার বাড়িত আইসেন,আন্নে কি আঙ্গো বাইতে আইছেন,আফনে কিতা আমরার বাড়ি আইছইন নি
তিনি আমার কথার জবাবে কিছু বললেন না,হ্যায় মোর কথার উত্তরে কিছু কইলেন না,তিনি আর হতার হোনো জবাব নো দেয়,হেয় আমার কথার জবাবে কিসু কইলেন না,হেতনে আর কতার জবাবে কিছু কইলেন না,তাইন আমার মাত ওর জবাবে কুন্তাউ কইলা না
তিনি আমার কথার জবাবে ছোটো করে বললেন হ্যাঁ,হ্যায় মোর কথার উত্তরে ছোডো কইররা কইলেন হ,তিনি আর হতার জবাব দিয়েরে হইয়েদে অয়ো,হেয় আমার কথার জবাবে ছোটো কইরা কইলেন হ্যাঁ,হেতনে আর কতার জবাবে ছোডো করি কইলেন হ্যাঁ,তাইন আমার মাত ওর জবাবে আস্তে করি ওয় কইলা
বইগুলোর দিকে তাকিয়ে ছিলাম,বইডির দিক চাইয়া আল্লাহম,বইইনর মিক্কে সাই তাকিলাম,বইগুলার দিকে তাকায়া আসিলাম,বইগিনের দিকে রেনি আছিলাম,বই ওকলতোর বায়দি চাই রইছলাম
শুধু তাঁর হাতের দিকে তাকিয়ে ছিলাম,খালি হ্যার হাতের দিক চাইয়া আল্লাহম,শুধু তার আতর মিক্কে সাই তাকিলাম,খালি হের হাতের দিকে তাকায়া আসিলাম,এলা হেতাঁর আতের দিকে রেনি আছিলাম,খালি তাঁন হাত ওর বায়দি চাই রইছলাম
কেন তা কি জানতে পারি?,কির লইজ্ঞা হেইয়া কি জানতে পারি?,কিল্লাই জানিত্তাইজ্জুম না?,কিল্লেগা তা কি জানতাম পারি?,কিল্লেই হেইডা কি জাইনতে হারি?,কিতার লাগি ওকটা জানতাম ফারি নি?
পরে আমরা লাইব্রেরি দেখতে যাই,হেইয়ার পর মোরা লাইব্রেরি দ্যাখতে যাই,ফরেদি আরা লাইব্রেরি দেহিবেল্লাই যাইলাম,পরে আমরা লাইব্রেরি দেখতাম যাই,হরে আমরা লাইব্রেরি চাইতে যাই,বাদে আমরা লাইব্রেরি দেখাত গেছলাম
"খুবই বড়ো লাইব্রেরি সন্দেহ নেই, ব্যবস্থাও খুব ভালো","বেমালা বড় লাইব্রেরি সন্দেহ নাই, ব্যবস্থাও ম্যালা ভালো","বহুত ডর লাইব্রেরি হোন সন্দেহ নাই, ব্যবস্থা  বহুত ভালা","মেলা বড় লাইব্রেরি সন্দেহ নাই, ব্যবস্থাও মেলা ভালা","খুবই বড্ডা লাইব্রেরি সন্দেহ নাই, ব্যবস্থাও খুব ভালা","বাক্কা বড় লাইব্রেরি সন্দেহ নাই, ব্যবস্থাও খুব বালা"
রিডিং রুমগুলো ভাগ ভাগ করা রয়েছে,পড়ার রুমগুলান ভাগ ভাগ করা রইছে,রিডিং রুম ইন ভাগ ভাগ গরা আসে,রিডিং রুমগুলা ভাগ ভাগ করা রইসে,রিডিং রুমগিন ভাগ ভাগ করা রইছে,রিডিং রুম ওকলও ভাগ ভাগ করা ওইছে
শিক্ষকরাও তাদের সাথে আছেন,শিক্ষকরাও হ্যাগো লগে আছে,শিক্ষক তারাও তারার ফোয়ারিত আসে,শিক্ষকরাও হেরার লগে আসেন,শিক্ষকরাও হেতাগোর লগে আছেন,শিক্ষকরাও তারার লগে আছোইন
যাওয়ার সাথে সাথে কী একটা শব্দ করল,যাওনের লগে লগে কিরহম এউক্কা আওয়াজ করল,যাইবার ফোয়ারিত কি যানি এক্কান শব্দ গরিল,যাওনের লগে লগে কী একটা শব্দ করল,যাওয়ার লগে লগে কী এককান শব্দ কইরলো,যাওয়ার লগে লগেউ কিলা একটা সব্দ করলো
আর সকল ছেলেমেয়ে লাইন বেঁধে দাঁড়িয়ে গেল,আর হগল পোলামাইয়া লাইন বাইন্ধা খাড়াইয়া গ্যাল,আর বেয়াক ফোয়া মাইয়া লাইন ধরিয়েরে তিয়াই গিয়ি,আর বেগ ছেড়া ছেড়ি লাইন বাইন্ধা খারায়া গেল,আর বেক হোলামাইয়া লাইন ধরি খাড়াই গেছে,আর হকল ফুয়া ফুরিন্তে লাইন বান্দিয়া উবাই গেলো
আমরা সালাম গ্রহণ করলাম,মোরা সালাম নেলাম,আরা সালাম গ্রহন গরিলাম,আমরা সালাম গ্রহণ করলাম,আমরা সালাম গ্রহণ কইরলাম,আমরা সালাম লইলাম
তারা স্লোগান আরম্ভ করল,হ্যারা স্লোগান আরম্ভ করল,তারা স্লোগান শুরু গইজ্জে,হেরা স্লোগান আরম্ভ করল,হেতারা স্লোগান আরম্ভ কইরলো,হেরা স্লোগান আরম্ব করলো
আমরা বিদায় নিয়ে চলে এলাম,মোরা বিদায় লইয়া চইললা আইলাম,আরা বিদায় লইয়েরে আই গেইলাম,আমরা বিদায় নিয়া চইল্লা আইলাম,আমরা বিদায় লই চলি আইলাম,আমরা বিদা লইয়া আই গেলাম
আমি সাগর পাড়ি দেবো,মুই সাগর পাড়ি দিমু,আই সাগর ফার অইয়ুম,আমি সাগর পাড়ি দিয়াম,আই সাগর হাড়ি দিয়ুম,আমি সমুদ্র পাড়ি দিমু
সব দিনের মতো সেদিনও ওরা খেলতে গিয়েছিল,হগলদিনের নাহান হেইদিনও অরা খ্যালতে গ্যাল্লেহ,বেয়াক দিনের ডইল্লে সেইদিনত ওরা খেলিবেল্লাই গেইলো,বেফ দিনের লাহান হেইদিনও হেরা খেলতে গেসিল,বেক দিনের লাইন হেইদিনও হিগুন খেইলতে গেছিলো,হকল দিন ওর লাকান ওদিনও হেরা খেলাত গেছিল
কয়েকজন লোক ফিতা নিয়ে মাপজোখ করছে,গোডাচাইরে মানু ফিতা লইয়া মাপামাপি করতেয়াছে,হয়েকজন ফিতা লইয়েরে মাফজপ গরের,কয়েকজন লোক ফিতা নিয়া মাপজোখ করসে,কোগা লোক হিতা দি মাপজোখ কইরতেছে,কতলা মাইনষে ফিতা লইয়া মাপাজোখ করলো
একজনের হাতে আবার মোটা একটা খাতা,একজনের হাতে আবার মোডা এউক্কা খাতা,একজনোর আতত দোর এক্কান হাতা,একজনের হাতে আবার মোটা একটা খাতা,একজনের আতে আবার মোডা ওকগা খাতা,একগুর হাত-ও আবার মোটা একগু খাতা
সেখানে কলম দিয়ে কীসব টুকে রাখছে,হেইহানে কলম দিয়া কিজানি তুইল্লা রাখতেয়াছে,ইয়ানত কিছু এক্কান লেহের,ওইহানে কলম দিয়া কীসব টুইক্কা রাখসে,হিয়ানো কলম দি কীসব টুই রাইখছে,হনো কলম দিয়া কিতা জানি লেখিয়া রাখের
"কী করছে, তা তো জানি না",কি করতেয়াছে হেইয়া তো জানি না,কি গরে তা তো হইন্নফারির,"কী করসে, তা তো জানি না","কী কইরছে, হেইডাতো জানি না",কিতা করছে ইকান তো আর জানিয়ার না
কয়েকজন একসঙ্গে বলে ওঠে,কয়েকজন একলগে কইয়া ওডে,হয়েকজন মিলিয়েরে হর,কয়েকজন একসাথে কয়া উঠে,কয়েকজন একলগে বলি ওডে,কতগুয়ে একলগে কইয়া উঠলো
বদলে যাচ্ছে আমাদের খেলার মাঠটা তাই না?,পালডাইয়া যাইতেয়াছে মোগো খ্যালার মাঠটা না?,বদলাই যার আরার খেলার মাঠ ইন নো?,বদলায়া যাইতাসে আমরার খেলার মাঠটা তাই না?,বদলাই যাইতেছে আঙ্গো খেলার মাঠকান তাই না?,বদলি যাইরো আমরার খেলার মাঠ নায় নি?
কোন বিষয় নিয়ে আমার রাগ থাকলে আমি কিছু বললেও উনি চুপ করে থেকে আমাকে বুঝায়,কোন বিষয় লইয়া মোর রাগ থাকলে মুই কিছু কইলেও হ্যায় চুপ কইররা থাইক্কা মোরে বুঝায়,হোন বিষয় লইয়েরে রাগ গরিলে আই কিছু হইলেউনি চুপ তাহে আরে বুঝার,কোন বিষয় নিয়া আমার রাগ থাকলে আমি কিসু কইলেও হেয় চুপ কইরা থাইক্কা আমারে বুঝায়,কোন বিষয় লই আর রাগ থাইকলে আই কিছু কইলেও হেতনে চুপ করি থাই আরে বুঝায়,কুন্তা লইয়া আমার রাগ থাকলে আমি কুন্তা মাতলেও তাইন চুপ করি থাকিয়া আমারে বুঝাইন
নিজেকে উনি দূর্বল ভেবে এমন করে,নিজেরে দুর্বল ভাইব্বা এইরহম করে,নিহেরে দুর্বল ভাবি এইল্লা গরে,নিজেরে হেয় দূর্বল ভাইব্বা এমন করে,নিজেরে হেতনে দূর্বল ভাবি ইগিন করে,নিজেরে তাইন দূর্বল ভাবিয়া ওতা করোইন
উনি মানুষটাই এমন সবাই বলে অনেক ভাগ্য করে নাকি এমন স্বামী পাইছি,হ্যায় মানুডা এমন হগলডি কয় ম্যালা ভাগ্য কইররা এরহম জামাই পাইছি,"য়নি মানুষ্কান এইল্লে, বেয়াক্কুন আরে হয় ভাগ্য গরিয়েরে এইল্লে জামাই ফাইয়ি",হেয় মানুষটাই এমন। বেহেই কয় মেলা ভাগ্য কইরা নাকিতা এমন জামাই পাইসি,হেতনে মানুষকানই এরুম।বেকে কয় অনেক ভাইগ্য করি নাকি এরুম স্বামী হাইছি,"তাইন মানুষটাউ ওলা, হকলে কয় বউত ভাইগ্য করিয়া বুলে ওলা জামাই ফাইছি"
আসলেই মানুষটার প্রতি আমি মুগ্ধ,আসলেই মানুডার উপরে মুই মুগ্ধ,আসলে মানুষ ইয়ানর ফ্রতি মুগ্ধ,আসলেই মানুষটার প্রতি আমি মুগ্ধ,আসলেই মানুষটার হতি আই মুগ্ধ,হাছাউ মানুষটার লাগি আমি মুগ্ধ
এই মুগ্ধতায় বিভোর থাকতে চাই আমি আজীবন,এইরহম মুগ্ধতায় বিভোর থাকতে চাই মুই হারাজীবন,আই এই মুগ্ধতায় তাকিতাম চাই গডা জীবন,এই মুগ্ধতায় বিভোর থাকতাম চাই আমি আজীবন,এই মুগ্ধতায় বিভোর থাইকতে চাই আই আজীবন,ওউ মুগ্ধতাত ডুবি থাকতে চাই হারা জীবন
স্বামীর প্রতি আমার বিন্দুমাত্র কোন অভিযোগ নেই,জামাইর উপরে মোর একটুও কোন বিচার নাই,জামাইর ফ্রতি আর হন অভিযোগ নাই,জামাইয়ের প্রতি আমার বিন্দুমাত্র কোন অভিযোগ নাই,স্বামীর হতি আর বিন্দুমাত্র কোন অভিযোগ নাই,জামাইর লাগি আমার এক ফোটা কোন অভিযোগ-ও নাই
চলো একদিন দেখা করি পুরো শহর রিক্সায় ঘুরবো,লও একদিন দ্যাহা করি পুরা শহর রিসকায় ঘুরমু,চলো একদিন দেহা গরি গডা সহর রিকশা গরিয়েরে ঘুইজ্জুম,চল একদিন দেহা করি পুরা শহর রিক্সায় ঘুরবাম,চলো একদিন দেয়া করি হুরা শহর রিক্সা দি ঘুইরগুম,চলো তে একদিন দেখা করি পুরা শহর রিক্সা দিয়া ঘুরি
এর মাঝখানে চাকরির পড়াশোনায় বেশ খানিকটা ক্ষতি হয়ে যায়,এইয়ার মইধ্যে চাকরির পড়ালেহায় ম্যালা ক্ষেতি হইয়া যায়,এর মাঝদ্দি চরির ফন্নার হতি অয়,এর মাঝখানে চাকরির পড়াশুনায় বেশ খানিকটা ক্ষতি হয়া যায়,ইয়ানের মাইঝখানে চাকরির হড়াশোনায় অনেকগিন ক্ষতি অই যায়,এর মাঝে দিয়া চাকরির পড়ার লাগি বাক্কা ক্ষতি ওই গেলো
আমি আজকে কফি খাই নাই,মুই আইজ কফি খাইনাই,আই আজিয়া কফি নো হাই,আমি আইজকে কফি খাই নাই,আই আইজগা কফি খাই ন,আমি আইজ কফি খাইছি না
আমার মাথায় অনেক ব্যাথা করছে,মোর মাথায় ম্যালা ব্যাথা করতেয়াছে,আর মাথা বহুত হরার,আমার মাথায় মেলা ব্যাথা করতাসে,আর মাথাত অনেক ব্যাথা কইরতেছে,আমার যে মাথা বেদনা করের
তোমার সৌন্দর্যে আমি মুগ্ধ,তোমার সৌন্দর্যে মুই মুগ্ধ,তোওয়ার সৌন্দর্যে আই মুগ্ধ,তোমার সৌন্দর্যে আমি মুগ্ধ,তোয়ার সৌন্দর্যে আই মুগ্ধ,তুমিতাইন ওর সুন্দরতাত আমি মুগ্ধ
আমি আজকে সকালে তার সাথে কথা বলেছি,মুই আইজ বেইন্নাহালে হ্যার লগে কথা কইছি,আই আজিয়া সকালত তার ফোয়ারিত হতা হইয়ি,আমি আইজকে সহালে হের লগে কথা কইসি,আই আইজগা সকালে হেতার লগে কতা কইছি,আমি আইজ সকাইলকু তার লগে মাতছি
তুমি কি আমায় ঘুরতে নিয়ে যাবে?,তুমি কি মোরে ঘোরতে লইয়া যাবা?,তুই কি আরে গুরিবিল্লে লই যাইবা না?,তুমি কি আমারে ঘুরতে নিয়া যাইবা?,তুমি কি আরে ঘুইরতে লই যাইবা?,তুমিতাইন কিতা আমারে ঘুরানিত লইয়া যাইবায় নি?
আমার স্বামী ৩ বছর ধরে বিদেশে আছেন,মোর জামাই ৩ বছর ধইররা বিদেশ আছে,আর জামাই ৩ বছর দরিয়েরে বদেশত আসে,আমার জামাই ৩ বছর ধইরা বিদেশে আসেন,আর স্বামী ৩ বছর ধরি বিদেশ আছেন,আমার জামাই ৩ বছর তনে বিদেশ আছোইন
তুমি কি রাতে খেয়েছো ?,তুমি কি রাইতে খাইছো?,তুই কি লাতিয়া হাইয়ো না?,তুমি কি রাইতে খাইসো ?,তুমি কি রাইতে খাইছো ?,তুমিতাইন কিতা রাত্রে খাইছো নি?
আপনি কি রাতে খেয়েছেন ?,আমনে কি রাইতে খাইছেন?,অনে কি লাতিয়া হাইয়োন না?,আফনে কিতা রাইতে খাইসেন ?,আন্নে কি রাইতে খাইছেন ?,আফনে কিতা রাত্রে খাইছোইন নি?
ছেলেটির নানার বাড়ি বরিশালে,পোলাডার নানা বাড়ি বরিশাল,মরত ফোওয়া ইবার নানার বাড়ি বরিশালত,ছেড়াডার নানার বাড়ি বরিশালে,হোলাগার নানার বাড়ি বরিশালে,ফুয়া ওগুর নানার বাড়ি বরিশাল-ও
ছেলেটির গ্রামের বাড়ি রাজশাহীতে,পোলাডার গেরামের বাড়ি রাজশাহী,মরত ফোওয়া ইবার দেশের বাড়ি রাজশাহী,ছেড়াডার গেরামের বাড়ি রাজশাহীতে,হোলাগার গ্রামের বাড়ি রাজশাহীত,ফুয়া ওগুর গ্রাম ওর বাড়ি রাজশাহীত
আমার ফেসবুক আইডিটা যদি চিড়িয়াখানা হতো,মোর ফেসবুক আইডি ডা যদি চিড়িয়াখানা হইতে,আর ফেসবুক আইডি ইয়ান যদি চিড়িহানা অইতো,আমার ফেসবুক আইডিটা যদি চিড়িয়াখানা হইতো,আর হেসবুক আইডিকান যদি চিড়িয়াখানা অইতো,আমার ফেইসবুক আইডি ওগু যদি চিরিয়াখানা ওইতো
ঢাকার মিরপুরে কাল থেকে বিদ্যুৎ যাচ্ছে না কেন,ঢাহার মিরপুরে কাইলগো গোনে কারেন্ট যাইতেয়াছেনা কির লইজ্ঞা?,ঢাহার মিরফুরত হালিয়াত্তুন কারেন নো যাদ্দে কিল্লাই,ঢাকার মিরপুরে কালকে থাইক্কা বিদ্যুৎ যাইতাসে না কেন,ঢাকার মিরপুরে কাইলগার তুন বিদ্যুৎ যাইতেছে না কিল্লেই,ঢাকার মিরপুর-ও কাইল তনে কারেন্ট যাইরো না কিতার লাগি?
বিদ্যুৎ সমস্যার কি সমাধান হয়ে গেছে  ?,কারেন্টের সমেস্যার কি সুরাহা হইছে?,কারোনর সমস্যা কি ঠিক অইয়ে না?,বিদ্যুৎ সমস্যার কি সমাধান হয়া গেসে  ?,বিদ্যুৎ সমস্যার কি সমাধান অই গেছে ?,কারেন্ট সমস্যার কিতা সমাধান ওই গেছে নি?
পৃথিবীতে বাবার পরেই দ্বিতীয় বীর যোদ্ধা হলেন বড়ভাই,পিরথিবীতে আব্বার পরেই দুইনম্বর বীর যোদ্ধা হইলে ন্যাভাই,পৃথিবীত বাবার ফরদ্দি বীর যোদ্ধা অইলদে ডর ভাই,পৃথিবীতে বাপের পরেই দ্বিতীয় বীর যোদ্ধা হইলেন বড়ভাই,পৃথিবীতে বাপের হরেই দ্বিতীয় বীর যোদ্ধা অইলেন বড্ডা ভাই,দুইন্নাইত বাবার বাদেউ দুই নাম্বারে বীর যোদ্ধা ওইলা বড়ভাই
আমার খিদে পেয়েছে,মোর খিদা পাইছে,আর ভোগ লাইগগে,আমার খিদা পাইসে,আর খিদা হাইছে,আমার খুদা লাগছে
সামনে কোরবানি ঈদ আসছে,সামনে কোরবানির ঈদ আইতেয়াছে,সামনে হোরবানির ঈদ,সামনে কোরবানি ঈদ আইতাসে,সামনে কোরবানির ঈদ আইতেছে,সামনে কোরবানি ঈদ আইরো
কোরবানি ঈদ হলো ইসলামিক ধর্মের একটি প্রধান উৎসব,কোরবানির ঈদ হইলে ইসলাম ধর্মের এউক্কা পোরধান উৎসব,হোরবানির ঈদ অইলো ইস্লামিক ধর্মর এক্কান ফ্রধা উৎসব,কোরবানি ঈদ হইল ইসলামিক ধর্মের একটা প্রধান উৎসব,কোরবানির ঈদ অইলো ইসলামিক ধর্মের ওকগা হধান উৎসব,কোরবানি ঈদ ওইলো ইসলামিক ধর্মের একটা প্রধান উৎসব
রেগে গেলেন তো হেরে গেলেন,চেইত্যা গ্যাছেন ত্যায় ঠইজ্ঞা গ্যাছেন,রাগি গেইলেন তো আরি গেইলেন,রাইজ্ঞা গেলেন তো হাইরা গেলেন,চেতি গেলেন তো হারি গেলেন,রাগি গেলা তো হারি গেলা
সুস্থ দেহ ও প্রশান্ত মন একজন মানুষের সব থেকে বড় সম্পদ,সুস্থ দেহ আর প্রশান্ত মন এউক্কা মানের সব চাইয়া বড় সম্পদ,সুস্থ সরিল ও প্রশান্ত মন এক জন মানুষর বেয়াক্কুনত্তুন ডর সম্পদ,সুস্থ দেহ ও প্রশান্ত মন একজন মানুষের বেগ থাইক্কা বড় সম্পদ,সুস্থ দেহ ও হশান্ত মন ওকগা মাইনষের বেকের তুন বড্ডা সম্পদ,সুস্থ শরীর আর প্রশান মন ওইলো একটা মানুষ ওর সব তাকি বড় সম্পদ
আমার কাজ ও ব্যস্ততা বাড়ছে,মোর কাম আর ব্যস্ততা বাড়তেয়াছে,আর হাম ও ব্যস্ততার বারি গিয়ি,আমার কাম আর ব্যস্ততা বাড়সে,আর কাজ ও ব্যস্ততা বাইড়ছে,আমার কাজ আর ব্যস্ততা আরো বাড়ছে
অন্যের দোষ সহজেই খুঁজে পাওয়া যায়,অন্যের দোষ সহজেই খুইজ্জা পাওন যায়,আন্যের দুষ সহজত খুজি ফন যায়,অন্যের দোষ সহজেই খুঁইজ্জা পাওয়ন যায়,অন্যের দোষ সহজেই খুঁজি হাওন যায়,আরেকগুর দোষ সহজেউ খুজিয়া ফাওয়া যায়
নিজের দোষ খুঁজে পাওয়া খুব কষ্টকর,নিজের দোষ খুইজ্জা পাওয়া ম্যালা কষ্টকর,নিজের দুশ খুজি ফোন বহুত হস্ট,নিজের দোষ খুঁইজ্জা পাওয়ন মেলা কষ্টকর,নিজের দোষ খুঁজি হাওন খুব কষ্টকর,নিজ ওর দোষ খুজিয়া ফাওয়া যে কষ্ট'র
প্রতিদিন আমি কিছু না কিছু শিখবো,পেরতেকদিন মুই কিছু না কিছু শিখমু,ফ্রতিকান দিন আই কিছু না কিছু শিক্কুম,প্রতিদিন আমি কিসু না কিসু শিখবাম,হইত্তেকদিন আই কিছু না কিছু শিইখখুম,ফত্যেক দিন আমি কুন্তা নায় কুন্তা শিখমু ওউ
সুখী হতে হলে অপ্রয়োজনীয় অনেক কিছু ভুলে যেতে হয়,সুখী হইতে হইলে অপ্রয়োজনীয় ম্যালা কিছু ভুইল্লা যাইতে হয়,সুখী অইত সাইলে অপ্রয়োজনীয় বহুত কিছু ভুলি যাইত অয়,সুখী হইতে হইলে অপ্রয়োজনীয় অনেক কিসু ভুইল্লা যাইতে হয়,সুখী অইতে অইলে অহয়জনিয় অনেক কিছু ভুলি যাইতে অয়,সুখী ওয়ার লাগি আনা দরকারী বউত্তাউ বুলি যাইতে ওয়
সবাই ভালোবাসা পেতে চায়,হগলডি ভালোবাসা পাইতে চায়,বেয়াকে ভালবাসা ফাইতো চায়,বেহেই ভালোবাসা পাইতে চায়,বেকে ভালোবাসা হাইতে চায়,হকলেউ ভালোবাসা ফাইতো চায়
দৃষ্টিভঙ্গি বদলালে জীবন বদলে যাবে,দৃষ্টিভঙ্গি পালডাইলে জীবন পালডাইয়া যাইবে,চুক বদলাই ফেয়াইলে জীবন নান বদলি যাইবদে,দৃষ্টিভঙ্গি বদলাইলে জীবন বদলায়া যাইব,দৃষ্টিভঙ্গি বদলাইলে জীবন বদলি যাইবো,চউখ ওর চাওয়া বদলাইলে জীবন বদলি যাইবো
আজ ছুটির দিন,আইজগো ছুটির দিন,আজিয়া ছুটির দিন,আইজ ছুটির দিন,আইজগা ছুটির দিন,আইজ ছুটির দিন
সবার জীবনে একটি লক্ষ্য থাকতে হবে,হগলডির জীবনে এউক্কা লক্ষ্য থাকতে হইবে,বেয়াক্কুনর জীবনত এক্কা লক্ষ তাকন ফরতিব,বেহের জীবনে একটা লক্ষ্য থাকতে হইব,বেকের জীবনে ওকগা লক্ষ্য থাইকতে অইবো,হকল জীবন ওর ওউ একটা লক্ষ্য থাকা লাগবো
লক্ষ্য ঠিক করে আমরা জীবনে এগিয়ে যেতে পারি,লক্ষ্য ঠিক কইররা মোরা জীবনে আউগাইয়া যাইতে পারি,লক্ষ ঠিক গরিয়েরে আরার জীবন সামনে লন ফরিবো,লক্ষ্য ঠিক কইরা আমরা জীবনে আগায়া যাইতাম পারি,লক্ষ্য ঠিক করি আমরা জীবনে আগাই যাইতে হারি,লক্ষ্য ঠিক করিয়া আমরা জীবন-ও আজ্ঞাই যাইতাম ফারি
সবাইকে স্বাগতম,বেবাকেরে স্বাগতম,বেয়াক্কুনর স্বাগতম,বেহেইরে স্বাগতম,বেকেরে স্বাগতম,হকলরে স্বাগতম
কেরোসিন তেলের দাম কমার ফলে অক্টোবরে চাহিদা কিছুটা বেড়েছিল,কেরেস্তাল ত্যালের দাম কমার লইজ্ঞা অক্টোবরে চাহিদা এট্টু বাড়ছেলে,কেরাসিনর তেলর দাম হমনে অক্টবরত চাহিদা বারি গিয়ে,কেরোসিন তেলের দাম কমনের কারনে অক্টোবরে চাহিদা কিছুডা বাড়সিল,কেরাসিন‌ তৈলের দাম কাইমবার ফলে অক্টোবর এ চায়িদা বাইরছিলো,খেরাসিন তেলর দাম কমি যাওয়ায় অক্টোবরো চাহিদা বাক্কা বাড়ছিল
প্রতিদিন অন্তত একটি পেয়ারা করে খেলে পেতে পারেন অনেক উপকার,পেরতেকদিন খালি এউক্কা হোবরি খাইতে পারেন বেমালা উপকার,ফ্রতিদিন এক্কান গরি ফেয়ারা হাইলে বহুত উফকার,প্রতিদিন অন্তত একটা পেয়ারা কইরা খাইলে পাইতে ফারেন মেলা উপকার,হইত্তোদিন এগগা করি হেয়ারা খাইলে হাইতাম হারেষ অনেক উফকার, ফত্তেখদিন নাওয় এখান খরি হফরি খাইলে বাক্কা উফকার পাইতা পারইন
বিভিন্ন ফলের মধ্যে পেয়ারা অন্যতম জনপ্রিয় ফল,বিভিন্ন ফলগুলার ভিত্রে হোবরি অন্যতম জনপ্রিয় ফল।,বিভিন্য ফলর ভিতরত ফেয়ারা অন্যতম ফল,বিভিন্ন ফলের মধ্যে পেয়ারা অন্যতম জনপ্রিয় ফল,বিবিন্ন হলের মইধ্যো হেয়ারা অন্যতম জনপ্রিয় হল,বউত জাত ফলর মাঝে হফরি মাইনশর বেতালা ফছন্দর ফল
ওজন কমানোর জন্য পেয়ারা অত্যন্ত উপকারী,ওজন কমাইন্যার লইজ্ঞা হোবরি বেমালা উপকারী।,ওজন হমাল্লাই ফেয়ারা বহুত উফকারি,ওজন কমানের লাইজ্ঞা পেয়ারা মেলা উপকারী,ওজন কমাইবার লাই হেয়ারা অন্যন্ত উপকারি,ওজন খমানির লাগি হফরি খুব উফকারি
গরমের দিনে তাজা নারিকেল পান করা খুব আনন্দদায়ক,গরমের দিনে তাজা নাহোইল খাওয়া বেমালা সুখের।,গরমর দিনে নারিকেল ফান গরন আন্দদায়ক,গরমের দিনে তাজা নাইরকেল পান করা মেলা আনন্দদায়ক,গরমের দিনে তাজা নাইরকেল খাওয়া আনন্দের,গরমর দিনে হাজম ডাবর পানি খাওয়া বাক্কা মজার
আমার বাড়ীর পিছনে অনেক বড় একটি নারিকেল গাছ আছে,মোর বাড়ির পিছে বেমালা বড় এউক্কা নাহোইল গাছ আছে,আর বাড়ির ফিসনত এক্কা ডর নারিকেলর গাছ আসিল,আমার বাড়ীর পিসনে মেলা বড় একটা নাইরকেল গাছ আসে,আর বাড়ির হিসে এগগা নাইরকেল গাছ আছে,মোর বাড়ির ফিছে দি বাক্কা বড় এখান নাইরকেল গাছ আছে
রান্নাঘরে কে দাড়িয়ে আছে ?,হোশ্যায় কেডা খাড়াইয়া আছে?,ফাক গরন হন থিয়াই তাইক্কে?,পাকঘরে কেডা খাড়ায়া আসে ?,রশিঘরে কে খাড়াই রইছে, পাকগরো খে উবানি?
মাটির পাতিল গুলা অনেক সুন্দর,মাডির পাইলা গুলা বেমালা সুন্দর।,মাডির ফাতিল ইন বহুত সুন্দর,মাডির পাতিল গুলা মেলা সুন্দর,মাডির হাতিলগুন মেলা সুন্দর,মাটির ফাতিল ইতা বাক্কা সুন্দর
মোরগের মাংস দিয়ে ভাত খেতে আমার অনেক ভালো লাগে,রাওয়ার গোস্ত দিয়া ভাত খাইতে মোর বেমালা ভালো লাগে।,কুরর মাংস দিয়েরে ভাত হাইতে আই ফসন্দ গরি,মুরগের মাংস দিয়া ভাত খাইতে আমার মেলা ভালা লাগে,মোরগের মাংস দি ভাত খাইতো আর মেলা ভাল্লাগে,মুরগর গুস্ত দিয়া ভাত খাইতে মোর খুব ভালা লাগে
শিমের তরকারী ডিয়ে ভাত খেতে আমার ভালো লাগে না,উশশির শালুন দিয়া ভাত খাইতে মোর ভালো লাগে না,শিমর তরহারি দিয়েরে আই ভাত ভালা নো লাগে,শিমের তরকারী দিয়া ভাত খাইতে আমার ভালা লাগে না,সিমের তারকারি দি আর ভাত খাইতাম ভালা লাগে না, উরির তারকারি দিয়া ভাত খাইতে মোর ভালা লাগে না
পেঁপে খেতে অনেক সুস্বাদু,কোম্বা খাইতে বেমালা মজা।,ফেফে হাইতে বহুত সুস্বাদু,পেঁপে খাইতে মেলা সুস্বাদু,ককিয়া খাইতে মেলা স্বাদ,কয়ফল খাইতে অনেখ মজা
পেঁপে বাংলাদেশের একটি জনপ্রিয় ফল,কোম্বা বাংলাদেশের এউক্কা জনপ্রিয় ফল।,ফেফেে বাংলাদেশর এক্কান জনফ্রিও ফল,পেঁপে বাংলাদেশের একটা জনপ্রিয় ফল,ককিয়া বাংলাদেশ এর এগগা জনপ্রিয় হল,কয়ফল বাংলাদেশর এখটা জনপ্রিয় ফল 
গ্রাম থেকে শহরে আসার সময় অনেক গুলা জাম্বুরা কিনে আনবা,গেরাম গোনে শহরে আওয়ার কালে ম্যালা গুলা ছোলোম কিন্যা আনবা।,গ্রামেত্তুন শহরত আইতে সমত বহুত জাম্বুরা কিনি আনিবান,গ্রাম থাইক্কা শহরে আওনের সময় মেলা জাম্বুরা কিন্না আনবা,গেরামের তুন শহরে আইবার সুমে জাম্বুরা কিনি আইনবা,গাউ থাকি শহরো আওয়ার সময় বাক্কা কিছু মাতু কিনিয়া আনমু
তুমি কি জামরুল খাও?,তুমি কি লকট খাও?,তুই কি জাম্বুরা হোনা?,তুমি কিতা জামরুল খাও?,তুউই কি জামরুল খাও,তুমি কিতা জামরুল খাও নি?
সে ছাদে অনেক গুলো কবুতর পালে,হ্যায় ছাদে বেমালা গুলা কইতোর পালে,সাদত বহুত কবুতর ফালে,হেয় ছাদে অনেক গুলা কবুতর পালে,হেতে সাদে মেলাগিন কবুতর হালে,হে ছাদো বাক্কা কইতর পালে
আমাদের খামারে ৫০০০টির বেশি মুরগি আছে,মোগো খামারে ৫০০০টার বেশি মুরহা আছে,আরা হামারত ৫০০০ এত্তুন বেসি কুরো আসে,আমরার খামারে ৫০০০টার বেশি মুরগি আসে,আংগোর খামারে ৫০০০টার বেশি মুরগি আছে, আমরার ছাদো ৫০০০ টার বেশি মুরগি আছে
আমি একটি মুরগির বাচ্চা পালি,মুই এউক্কা মুরহার ছাও পালি,আই এক্কান কুরোর ছা ফালি,আমি একটা মুরগির বাচ্চা পালি,আই এগগা মুরগির বাইচ্চা হালি,মুই এখান মুরুগির বাইচ্চা পালি
একটি বিড়াল ছানা পালার খুব ইচ্ছা আমার,এউক্কা বিলই ছাও পালার বেমালা ইচ্ছা মোর,এক্কান বিলাইর ফালনের খুব ইচ্ছা আর,একটা বিলাইয়ের বাচ্চা পালনের মেলা ইচ্ছা আমার,এগগা বিলাই ছা হাইলবার মেলা স্বাদ আর, এগুতা মেকুরর বাইচ্চা পালার খুব শখ মোর
আমি সাঁতার কাটবো না,মুই হাতোর কাটমু না,আই সাতার নো হাইট্টুম,আমি হাতার কাটতাম না,আই হাছর কাইটতান্ন, মুই হাতার দিতাম নায়
তুমি একটা বোকা মেয়ে,তুমি এউক্কা গোঙ্গা মাইয়া।,তুই এক্কান বোকা মাইয়া ফোয়া,তুমি একটা বেক্কল মাইয়া,তুউই এগগা বোকা মাইয়া,তুমি এখটা আরুয়া ফুরি
সবাই ড্রয়িংরুমে বসছে,বেবাকডি হাইত্নায় বইছে,বেয়াাক্কুন ড্রয়িংরুমে বইসসে,বেহেই ড্রয়িংরুমে বইসে,বেকে ড্রয়িং রুমে বইসছে, হখলে ড্রয়িংরুমো বইছইন
স্টোররুমটি নোংরা হয়ে আছে,উগোইরডা ময়লা হইয়া রইছে।,স্টোররুম ইয়ান বহুত ময়লা অই তাইক্কে,স্টোররুমডা নোংরা হয়া আসে,স্টোররুমগা কাচরা অই রাইছে, স্টোররুমটা ময়লা অই রইছে 
ফ্লোর গুলি মার্বেল পাথর দিয়ে বানানো,খাডাল গুলা মার্বেল পাথর দিয়া বানাইন্যা,ফ্লোর ইন মার্বেল ফাতর দিয়েরে বানান,ফ্লোর গুলা মার্বেল পাথর দিয়া বানানু,ফোলোর গুন মার্বোল হাত্তর দি বানানি, ফ্লোর ইতা মার্বেল পাতথর দিয়া বানাইল
গ্রামের মানুষরা লাকড়ির চুলা ব্যবহার করে,গেরামের মানে লাকড়ির চুলা ব্যবহার করে,গ্রাামর মানুষ তারা লাক্রির চুলো দিয়েরে ফাক গরে,গ্রামের মানুষরা লাকড়ির চুলা ব্যবহার করে,গেরামের মানুষঅগল লাকড়ির চুলা ব্যবয়ার করে,গাউর মাইনশে লাখড়ির চুলা ব্যবহার খরইন
আমি দুপুরে শুধু বেগুন তরকারির ঝোল দিয়ে ভাত খেয়েছি,মুই দুহারে হুদা বাইগুন শালুনের হুররা দিয়া ভাত খাইছি,আই দেুওরত শুধু বেগুনর তরহারি ঝোল দিয়েরে ভাত হাইয়ি,আমি দুপুরে খালি বেগুন তরকারির ঝোল দিয়া ভাত খাইসি,আই দুফুরে বেগুন তরকারির সুরবা দি ভাত খাইছি,মুই মাদানকু খালি বেগুন তারকারির ঝুল দিয়া ভাত খাইছি
লাউ দিয়ে চিংড়ি মাছের ঝোল আমার খুব প্রিয় তরকারি,কদু দিয়া আর ইছা মাছের হুররা মোর বেমালা প্রিয় শালুন,লাউ দিয়েরে চিংড়ির ঝোল মাছর আর বহুত ফসন্দ তরহারি,লাউ দিয়া চিংড়ি মাছের ঝোল আমার মেলা পসন্দের তরকারি,লাউ দি চিংড়ি/ ইচা মাছের সুরবা আর  খুব হ্রিয় তরকারি,কদু দি  ইচা মাছর শিরা মোর খুব ফছন্দর তারকারি
গরমের দিনে গোসল করা ছাড়া একটি দিনও  টিকা মুশকিল,গরমের দিনে নাওয়া ছাড়া এউক্কা দিনও টেহা কঠিন,গরমর দিনদত গসল গরন ছাড়া বহুত টিকত মুশকিল,গরমের দিনে গোসল করন ছাড়া একটা দিনও টিকা মুশকিল,গরমের দিনে গোসল করন ছাড়া এগগা দিন টিকন মুশকিল,গরমর দিনো গুছল না খরিয়া এখ দিনো টিকা মুশকিল
আমি গ্রামের বাড়ীতে গেলে পুকুরে গোসল করি,মুই গেরামের বাড়িতে গেলে পুহুইরে নাইতে যাই,আই গ্রামর বাড়িত গেইলে ফুকুরত গসল গরি,আমি গ্রামের বাড়ীত গেলে পুস্কুনিত গোসল করি,আই গেরামের বাইত গেলে হুকুরে গোসল করি, মুই গাউত বাড়িত গেলে পুরকিত গুছল খরি
আপনাকে যদি জিভে পানি এনে দেবে এমন একটি ফলের নাম বলতে বলা হয় তাহলে আপনার মনে তেঁতুলের নাম আসবেই,আমনেরে যদি জিবরায় পানি আইন্যা দেবে এরহম এউক্কা ফলের নাম কইতে কওয়া হয় হ্যালে আমনের মনে ট্যাঙ্গার নাম আইবেই,অনেরে জদি হয় জিব্বাত ফানি আই যাইবদে এইল্লে এক্কান ফোলর নাম হন তাইলে অনেরার মনত তেতুলর হতা আইবো,আফনেরে যদি জিভে পানি আইন্না দিব এমন একটা ফলের নাম কইতে কওয়ন হয় তাইলে আফনের মনে তেঁতুলের নাম আইবই,আন্নেরে যদি জিব্বাত হানি আনি দিব এমন এগগা হলের নাম কয় তাইলে আন্নের মনে তেঁতুলের নামই আইব,আফনারে যদি জিফলাত পানি আনিয়া দিবো ইলা এখান ফলর নাম খওয়ার লাগি কওয়া অয় তে আফনার মনো তেতইর নাম আইবউ
ছোটবেলায় বাবা মা তেতুল খেতে নিষেধ করে নাই এমন কাওকে মনে হয় না খুঁজে পাওয়া যাবে,ল্যাদাকালে বাপ মায় ট্যাঙ্গা খাইতে মানা করে নাই এরহম কাউরে মনে হয়না খুঁইজ্জা পাওয়া যাইবে,ছোট বেলাত তেতুল হাইবেল্লাই মানা নো গরে মা বাবা এইল্লে হনিক্কারে কুজি ফোন নো যাইবো,ছোটবেলায় আব্বা আম্মা তেতুল খাইতে মানা করে নাই এমন কাওকে মনে হয় না খুঁইজ্জা পাওয়ন যাইব,ছোড বেলায় তেতুলই খাইতো নিষেধ করে নো এইককান কাউরে মনে হয় না খুজি হাওন যাইভো,হুরুকালো বাফ মায়  তেতই খাওয়ার লাগি নিষেধ দিছইন না ইলা খেউরে মনয় না খুজিয়া পাওয়া যাইবো
তেতুল খেলে বুদ্ধি কমে যায়,ট্যাঙ্গা খাইলে বুদ্ধি কইম্মা যায়,তেতুল হাইলে বুদ্ধি অয়,তেতুল খাইলে বুদ্ধি কইম্মা যায়,তেতুলই খাইলে বুদ্ধি কমিযায়, তেতই খাইলে আখল কমি যায়
তেতুল নিয়ে শুধুমাত্র আমাদের দেশে নয় সারা উপমহাদেশেই প্রচুর ভুল ধারনা আছে,ট্যাঙ্গা লইয়া খালি মোগো দেশে না হারা উপমহাদেশেই বেমালা ভুল ধারণা আছে,তেতুল লইয়েরে হাইল্লে আরার দেশত নোসারা উফমহাদেশতই ফ্রচুর ভুল ধারনা আসে দে,তেতুল নিয়া শুধুমাত্র আমরার দেশে না সারা উপমহাদেশেই প্রচুর ভুল ধারনা আসে,তেঁতুই লই হুদ আংগো দেশে না ফুরা উফমহাদেশেই ভুল ধারনা আছে,তেতই লইয়া খালি আমরার দেশো নায় বরোঞ্ছ সাড়া উপমহাদেশো বাক্কা ভুল ধারণা আছে
এটা আমাদের বাড়ির উঠান,এইডা মোর বাড়ির উডান,ইয়ান আরার বাড়ির উডান,এইডা আমরার বাড়ির উঠান,ইগা আংগোর বাড়ির উডান,অখটা আমরার বাড়ির উটান
ছোটো বাচ্চারা গ্রামের বাড়ীর উঠানে খেলছে,ছোডো গেদুরা গেরামের বাড়ির উডানে খেলতেয়াছে,ছোট বাইচ্ছা তারা গ্রামর বাড়ির ঊডানত হেলের,ছোট বাচ্চারা গ্রামের বাড়ীর উঠানে খেলতাসে,ছোড বাইচ্চারা গেরামের বাড়ির উডানে খেইতেয়াছে,হুরুুতাইন গাউর বাড়ির উটানো খেলার
এই শিশুটি অনেক অসুস্থ,এই গেদুডা বেমালা অসুস্থ,এই বাইচ্ছা ইয়ান অসুস্থ,এই আবুডা মেলা অসুস্থ,এই বাইচ্চাগা অনেক অসুস্থ,অউ মনা ইগু বাক্কা বেমারি
প্রায় দেড় মাস হয়ে গেলেও শিশুটির কোনো অভিভাবকের সন্ধান পাওয়া যায়নি,পেরায় দ্যাড় মাস হইয়া গেলেও গেদুডার কোনো অভিভাবক এর খোঁজ পাওয়া যায় নাই,ফ্রায় দেড় মাস অই গিয়িলেও বাইচ্ছা ইবার হোনো অভিবাকর হবর ফন নো যায়,প্রায় দেড় মাস হয়া গেলেও আবুডার কোনো অভিভাবকের সন্ধান পাওয়া যায়নাই,পেরায় দেড় মাস অইগেলেও বাইচ্চাগার অভিভাবক হাওন যায়ধো,প্রায় দেড় মাস অই গেলো অউ মনার বাড়ির মাইনশর খুজ পাওয়া গেলো না
হাসপাতালে কাঁদছে আহত শিশুটি,হাসপাতালে কানছে আহত গেদুডা,হাসফাতালত  হাদদ্দি হাদের বাইচ্ছা ইবা,হাসপাতালে কাঁনতাসে আহত আবুডা,হাসপাতালে কান্দের আহত শিশু,হাসপাতালো আধা মরা মনা ইগগে কান্দের 
বৃষ্টির দিনে কি বারান্দার গাছে পানি দেওয়ার প্রয়োজন আছে?,বৃষ্টির দিনে কি বারান্দার গাছে পানি দেওয়ার দরকার আছে?,বৃষ্টির দিনত কি বারান্দার গাছত ফানি ফরে না?,বৃষ্টির দিনে কিতা বারান্দার গাছে পানি দেওনের দরকার আসে?,বৃষ্টির দিনে কি বারিন্দার গাছে হানি দিতে অইব,মেগরদিনে কিতা ধারির গাছো পানি দেওয়ার দরখার আছে নি?
বৃষ্টি হলেও কি গাছে পানি দিতে হবে?,বইশ্যাহইলেও কি গাছে পানি দেতে হইবে?,বৃষ্টি অইলেও কি গাছত ফানি দন ফরে না?,বৃষ্টি হইলেও কিতা গাছে পানি দিতে হইব?,বৃষ্টি অইলেও কি গাছে হানি দিতে অইবো, মেগ অইলেও কিতা গাছো পানি দেওয়া লাগবো নি?
অতিরিক্ত পানি পেয়ে গাছগুলো মরে যাবে না তো?,বেমালা পানি পাইয়া গাছগুলা মইরা যাইবে না তো?,বেসি ফানি দিয়িলে কি গাছ মরি যাইবো না?,অতিরিক্ত পানি পায়া গাছগুলা মইরা যাইত না তো?,অতিরিক্ত হানি হাই গাছগুন মরিযাইতো নো তো, বেশ পানি পাইয়া গাছ ইগইন মরি যাইতো নায়নি?
"যেদিন বৃষ্টি হয়েছে, সেদিন বারান্দার গাছে পানি দেওয়ার প্রয়োজন নেই","যেদিন বইশ্যা হইছে, হেইদিন বারান্দার গাছে পানি দেওয়ার দরকার নাই","যেদিন বৃষ্টি অইয়ে, অইদিন বারান্দার গাছত ফানি দিবায়ার দরহার নাই","যেদিন বৃষ্টি হইসে, হেইদিন বারান্দার গাছে পানি দেওনের দরকার নাই",যেইদিন বৃষ্টি অইছে হেইদিন বারান্দার গাছে হানি দিবার দরকার নাই,যেদিন মেগ অইছে হেদিন বারিন্দার গাছো পানি দেওয়ার দরখার নায়
শশা এক প্রকারের ফল,হোয়া এক রহমের ফল,শশা এক ধরনর ফল,শশা এক ধরনের ফল,শষা এক প্রকার হল, শশা এখ জাতি ফল
গরমের সময় শশা বেশি পাওয়া যায়,গরমের সময়ে হোয়া বেমালা পাওয়া যায়,গরমত শশা বেসি ফন যায়,গরমের সময় শশা বেশি পাওয়ন যায়,গরমের সুমে শষা বেশি হাওন যায়,গরমর সময় শশা বেশি মিলে
"টমেটোর বাজারে যে আগুন, সাধারণ মানুষের কাছে তা এখন আর নতুন কোনো খবর নয়","টমাটুর বাজারে যেই আগুন, সাধারণ মানের ধারে হেইয়া এহন আর নতুন কোনো খবর না","টমাটুর বাজারত যেই অইন, সাধারণ মানুষর হাসত নিওয়া হবর নয়","টমেটোর বাজারে যে আগুন, সাধারণ মাইনষের কাসে তা এহন আর নতুন কোন খবর না",টমাটো বাজারে যে আগুন সাদারন মাইনষের কাছে এটা আর নতুন কিছু নো,"টেমেটুর বাজারো যে আগুইন, আম মাইনশর টাইন ইতা অখন আর নয়া কুনো খবর নায়"
এই বাজারেই টমেটো বিক্রি করে কোটিপতি হয়ে গেলেন এক কৃষক,এই বাজারেই টমাটু বেইচ্চা কোটিপতি হইয়া গ্যাছে এউক্কা চাসা,এই বাজারত টমাটু বেসিয়েরে কটিফতি অই গিল এক কৃষক,এই বাজারেই টমেটো বিক্রি কইরা কোটিপতি হয়া গেলেন এক কৃষক,এই বাজারেই টমাটো বেচি কোটিপতি অই গেছে এক কৃষক,অউ বাজারো টেমেটু বেছিয়া কোটিপতি অই গেলা এখ চাষায়
সরিষার তেল দিয়ে মাছ ভাজা খাবো,কউররার ত্যাল দিয়া মাছ ভাইজ্জা খামু,সরিসর তইল দিয়েরে মাস বাজিয়েরে হাইয়ুম,সরিষার তেল দিয়া মাছ ভাজা খায়াম,শইষ্যার তৈল দি মাছ ভাজা খাইয়ুণ,হাইরোর তেল দিয়া মাছ ভাজা খাইতাম
"সরিষার তেল রান্নার জন্যে, এবং গায়ে মালিশ করার কাজে ব্যবহার হয়",কউররার ত্যাল রান্দার লইজ্ঞা আর শরীলে মালিশ করার লইজ্ঞা দরকার হয়,"সরিসর তইল ফাকর লাই, আর গাত দিবল্লাই হাতম ব্যবহার গরে","সরিষার তেল রান্নার লাইজ্ঞা, এবং গায়ে মালিশ করার কামে ব্যবহার হয়",শইষ্যার তৈল রাইনবার লাই ও গায়ে দিবার লাই ব্যবহার করা হয়,হাইরোর তেল  রান্ধার লাগি আর গাত মাঞ্জার লাগি ব্যবহার অয়
সরিষার তেল অকালে চুল সাদা হওয়া রোধ করে ও চুল পড়া কমায়,কউররার ত্যাল অকালে চুল পাহা থামায় আর চুল পড়া কমায়,সরিসর তইল বুড় অইবার আগে চুল সাদা ওয়াত্তু আর ফরাত্তুন বাচায়,সরিষার তেল অকালে চুল সাদা হওয়ন রোধ করে আর চুল পড়ন কমায়,শইষ্যার তৈল অকালে চুল হাকি যাওন ও চুল হরা কমায়, হাইরোর তেল অখালে চুল সাদা অউয়া আখটায় আর চুল পড়া কমায়
কেরোসিন তেলের দিন দিন দাম বাড়ছে,কেরেস্তাল ত্যালের দিন দিন দাম বাড়তেয়াছে,কেরাসিনর দিন দিন দাম বারেদ্দে,কেরোসিন তেলের দিন দিন দাম বাড়তাসে,কেরাসিন তৈলের দাম দিন দিন বাড়ের,খেরাসিন তেলর দিন দিন দাম বাড়ের
আমার দুইদিন ধরে সর্দি কাশি,মোর দুজ্ঞা দিন থেইক্যা ঠাণ্ডা কাশি,আর দুইদিন দরিয়েরে ঠান্ডা হাসি,আমার দুইদিন ধইরা সর্দি কাশি,আর দুইদিন ধরি সর্দি কাশি, মোর দুইদিন ধরি সর্দি আর কাওয়ানি 
এখানে থুথু ফেলা নিশেধ,এহানে ছ্যাপ হালাইন্না নিষেধ,ইয়াবত থুথু ফেলন মানা,এইহানে থুথু ফেলা নিষেধ,ইয়ানে থু হালান নিষেধ,ইনো ছেব ফালানি নিষেধ
তেতুল খেলে রক্ত পানি হয়ে যায়,ট্যাঙ্গা খাইলে রক্ত পানি হইয়া যায়,তেতুল হাইলে লক্ত ফানি অই যায়,তেতুল খাইলে রক্ত পানি হয়া যায়,তেঁতুল খাইলে রক্ত হানি অই যায়,মুই তেতুল মোর রক্ত ফানি অই যায়
আমি বাজার থেকে পেয়ারা কিনে আসলাম,মুই বাজার গোনে হোবরি কিন্যা আইলাম,আই বাজারত্তু ফেয়ারা কিনি আইসসি,আমি বাজার থাইক্কা পেয়ারা কিন্না আইলাম,আই বাজারের তুন হেয়ারা কিনি আইনছি,মুই বাজার থাকি পেয়ারা কিনি আইসি
দাদু নারিকেল পানি পছন্দ করে,দাদা নাহোইল পানি পছন্দ করে,দাদু নারিকেলর ফানি ফসন্দ গরে,দাদু নাইরকেল পানি পসন্দ করে,বুইজা নাইলকেল এর হানি হছন্দ করে,দাদু নাইকল ফানি পছন্দ করইন
মা রান্নাঘরে তরকারি রান্না করছে,মায় হোশ্যায় শালুন রানতেয়াছে,মা রান্না ঘরত তরহারি ফাকের,মা পাকঘরে তরকারি রান্না করতাসে,মা রশিঘরে তারকারি রান্দের,আম্মা ফাগঘর সালম রান্দা কররা
আমার ছোট ভাইটি মুরগির মাংস খেতে খুব ভালোবাসে,মোর ছোডো ভাইডা মুরহার গোস্ত খাইতে বেমালা ভালোবাসে,আর ছোড ভাই  উওয়া কুরর মাংস হাইতে খুব ভালোবাসেদে,আমার ছোট ভাইডা মুরগির মাংস খাইতে খুব ভালবাসে,আর ছোড ভাই মুরগির মাংস খাইতাম ভালোবাসে,মোর হরু ভাই মুরগর মাংস খাইতে ভালা ফায়
শিম ভাজি আমার পছন্দের সবজি,উশ্যি ভাজা মোর পছন্দের সবজি,শিম ভাজি আর ফসন্দর তরহারি,শিম ভাজি আমার পসন্দের সবজি,সিম ভাজি আর হছন্দের সবজি,উরি ভাজি মোর ফছন্দ সবজি
"জাম্বুরা ঠান্ডা, সর্দি-জ্বর জনিত সমস্যার জন্য খেলে ভাল ফলাফল পাওয়া যায়","জাম্বুরা ঠাণ্ডা ,সর্দি জ্বর এর নাহান সমেস্যার লইজ্ঞা খাইলে ভালো উপকার পাওয়া যায়","জাম্বুরো ঠান্ডা,  সর্দি-জ্বর জনিত সমইস্যার লাই হাইলে ফলাফল ফোন যায়","জাম্বুরা ঠান্ডা, সর্দি-জ্বর জনিত সমস্যার লাইজ্ঞা খাইলে ভাল ফলাফল পাওয়ন যায়",জাম্বুরা ঠান্ড সর্দির লাই খাইলে ভালা হল পাওন যায়,জাম্বুরা টানডা সর্দি তাফ সমস্যার লাগি খাইলে ভালা ফলাফল মিলে।
জামরুল আমার প্রিয় ফল,লকট মোর প্রিয় ফল,জামরুল আর ফ্রিও ফল,জামরুল আমার প্রিয় ফল,জামরুল আর প্রিয় হল.,জামরুল মোর প্রিয় ফল
অনেকেই শখের বশে কবুতর পালন করেন,অনেক মানুই সখের লইজ্ঞা কইতর  পালে,অনেকেই শকরলাই হইতর ফালে,অনেকেই শখের বশে কবুতর পালে,মেলা মাইনষেই শখের বসে কবুতর হালে,অনেকই শখর লাগি খবুতর পালন করইন
কবুতর পালন করতে বেশি জায়গারও প্রয়োজন হয় না,কইতোর পালতে বেমালা জায়গারও দরকার হয় না,হইতর ফালিবেল্লাই বেশি জায়গার ফ্রয়জন নাই,কবুতর পালতে বেশি জায়গারও দরকার হয় না,কবুতর হইলতে বেশি জায়গার ও প্রয়োজন হয় না,খবুতর ফালতে বেশি জায়গা লাগে না
দেশীয় মুরগী বছরে ৫০-৬০টি ডিম দেয়,দেশি মুরহা বচ্ছরে ৫০-৬০ টা আন্ডা দেয়,দেশি কুরো বছরত ৫০-৬০ কান ডিম দেয় দে,দেশী মুরগী বসরে ৫০-৬০টা ডিম দেয়,দেশি মুরগি বছরে ৫০-৬০ গা ডিম দেয়,দেশি মুরগি বছরে ৫০-৬০ টা ডিম ফারে
"মানুষ দিনের বেলা যতোটা পরিষ্কার দেখে, বিড়ালেরা রাতে তার চেয়েও ভালো দেখতে পায়","মানু দিনের কালে যত পরিষ্কার দ্যাহে, বিলইরা রাইতে হ্যার চাইয়াও ভালো দ্যাখতে পায়।","মানুষ দিনত যতখান ফরিষ্কার দেহে, বিলাই লাতিয়া তাত্তুন বেসি দেহে","মানুষ দিনের বেলা যতোটা পরিষ্কার দেহে, বিড়ালেরা রাইতে তার চেয়েও ভালা দেখতে পায়",মানুষ দিলের বেলাত যত পরিষ্কার দেয় বিলাই রাইতের বেলা ইয়ার তুন ও ভালা দেয়,"মানুষ বিয়ান বেলায় জতটা পরিস্কার দেখায়, বিলাই রাত্রে তারচেয়ে ভালো দেকতে ফায়"
তুমি কি আমাকে  বোকা মনে করো ?,তুমি কি মোরে গোঙ্গা মনে হরো?,তুই কি আরে বোকা ফাইয়ো না?,তুমি কিতা আমারে বেক্কল মনে কর ?,তুই কি আরে বেকুব মনে করো নি,তুমি কি মোরে আরুয়া মনে করইন?
আমি ড্রয়িংরুমে বসে ছবি আঁকতে ভালোবাসি,মুই হাইতনায় বইয়া ছবি আঁকতে ভালোবাসি,আই ড্রয়িংরুমত বইয়েরে ছবি আঁকতাম ভালোবাসি,আমি ড্রয়িংরুমে বয়া ছবি আঁকতে ভালবাসি,আই ড্রয়িং রুমে বই ছবি আইকতাম ভালোবাসি,মুই ড্রয়িংরুমে বইয়া ছবি আঁকাইতে ভালা ফাই
ঘরের আসবাবপত্র রেখে দেওয়ার জন্য স্টোররুম দরকার,ঘরের জিনিসপাতি থুইয়াদেওয়ার লইজ্ঞা উগোইর দরকার,ঘরর জিনিশফত্র রাকিবেল্লাই স্টোররুম দরহার,ঘরের আসবাবপত্র রাইক্ষা দেওনের লাইজ্ঞা স্টোররুম দরকার,ঘরের থালাবাডি থুইবার লাই স্টোর রুম দরকার,ঘরের আসবাবপত্র রাখার লাগি স্টোররুম লাগবো
ঘরের ফ্লোর পরিষ্কার করতে হবে,ঘরের খাডাল পরিষ্কার করতে হইবে,ঘরর ফ্লোর সাফ গরন ফরিবো,ঘরের ফ্লোর পরিষ্কার করতে হইব,ঘরের ফ্লোর পরিষ্কার কইরতে অইব,ঘরের ফ্লোর পরিস্কার করা লাগবো
বাংলাদেশের শীতকালটা লাউ চাষের জন্য বেশি উপযোগী,বাংলাদেশের শীতকালডা কদু চাষের লইজ্ঞা বেমালা উপযোগী,বাংলাদেশর শীতকাল ইবা লাউ চাষের লয় উপযোগী,বাংলাদেশের শীতকালডা লাউ চাষের লাইজ্ঞা বেশি উপযোগী,বাংলাদেশ এ শীতকাল লাউ চাষের লাই উপযোগী,বাংলাদেশের টান্ডাকালটা লাউ চাষের লাগি বেশি উপযগি
বেশি শীতও না আবার বেশি গরমও না এমন আবহাওয়া লাউ চাষের জন্য উত্তম,বেমালা শীত না আবার বেমালা গরমও না এরহম আবহাওয়া কদু চাষের লইজ্ঞা ভালো,বেশী শীতো নো আবার বেশী গরমো নো এরিম্মা আবহাওয়া লাউ চাষের লয় বালা,বেশি শীতও না আবার বেশি গরমও না এমন আবহাওয়া লাউ চাষের লাইজ্ঞা উত্তম,বেশি শীত ও না সুতরাং আবার বেলি গরম ও না এইরকম আবহাওয়া লাউ চাষ কাইরবার লাই উওম,বেশি টান্ডাও না আবার বেশি গরমও না এরম আবহাওয়া লাউ চাষের লাগি ভালা
উঠান থেকে কথা বলে তিনি চলে গেলেন,উডান গোনে কথা কইয়া হ্যায় চইল্যা গেলো,উঠানোর তুন হতা কইয়েরে উবা গিয়োয়,উঠান থাইক্কা কথা কয়া তিরি চইল্লা গেলেন,উডানের তুন কতা কই হেতেন চলি গেছে,উঠান থাকি মাথিয়া বলে তাইন গেছইন গি
মা ঝারু দিয়ে ঘরটি পরিষ্কার করছে,মায় পিছা দিয়া ঘরডা পরিষ্কার করছে,মা ঝারু দিয়েরে ঘর ইবা ফরিষ্কার কইজ্জে,মা ঝারু দিয়া ঘরডা পরিষ্কার করতাসে,মা ঝাড়ু দি ঘর হরিষ্কার কইরছে,আম্মা ঝাড়ু দিয়া ঘরটা পরিস্কার করছইন
তেতুলের কচি পাতা সিদ্ধ করে পানি সেবন করলে সর্দি-কাশি ভাল হয়,ট্যাঙ্গার কচি পাতা সেদ্ধ কইরা পানি খাইলে ঠাণ্ডা কাশি ভালো হয়,তেতুলের কচি পাতা সিদ্ধ গরিলে পানি হাইলে সর্দি-কাশি বালা হয়,তেতুলের কচি পাতা সিদ্ধ কইরা পানি সেবন করলে সর্দি-কাশি ভালা হয়,তেঁতুলের কচি হাতা সিদ্ধ করি খাইলে সর্দি ভালা হঢ়,তেতুলের কচিন ফাতা করিয়া ফানি খাইলে সর্দি কাশি ভালা অয়
আমি খাবারে টক খুব ভালোবাসি,মুই খাওনে চুক্কা বেমালা ভালোবাসি,আই খাবারে টক এব্বারে লোবাসি,আমি খাওনে টক খুব ভালবাসি,আই খাবারের টক খুব ভালোবাসি,মুই খানিত টেংগা খুব ভালা ফাই
সকালে ঘুম থেকে উঠার পর আমি ভালো কাজে পর্যাপ্ত সময় ব্যয় করতে চাই,বেইন্না কালে ঘুম গোনে ওডার পর মুই ভালো কামে বেমালা সময় দেতে চাই,সকালোত ঘুমোর তুন  উডার ফর আই বালা কাজোত টিক সময় কাজে লাগাইতো চাই,সকালে ঘুম থাইক্কা উঠনের পর আমি ভালা কামে পর্যাপ্ত সময় ব্যয় করতাম চাই,সকালে ঘুমের তুন উঠার হরে আই ভালো কাজে পর্যাপ্ত  সময় ব্যায় কইরতাম চাই,সকালে ঘুম থাকি উটিয়া মুই ভালা কামে ভালা সময় দিতাম চাই
চাষাবাদ করে আমি সময় কাটাই,আইল্লাডি কইরা মুই সময় কাডাই,চাষাবাদ গরিয়েরে আই সময় হাটাই,চাষাবাদ কইরা আমি সময় কাটাই,চাষাবাদ করি আই সময় কাডাই,চাষাবাদ করিয়া মুই সময় কাটাই
সর্দি হলে গরম রং  চা খেলে ভালো লাগে,ঠাণ্ডা হইলে গরম রং চা খাইলে ভালো লাগে,সর্দি ওইকে গরম রং  চা হাইলে বালা লাগে,সর্দি হইলে গরম রং চা খাইলে ভালা লাগে,সর্দি অইলে গরম রং চা ভালা লাগে,সর্দি অইলে গরম রং চা খাইলে ভালা লাগে
পেয়ারা একটি মিষ্টি ফল,হোবরি এউক্কা মিডা ফল,ফেয়ারা এইজ্ঞো  মিষ্টি ফল,পেয়ারা একটা মিষ্টি ফল,পেয়ারা এককান মিষ্টি হল,সফরি একটা মজার ফল
নারিকেল থেকে নারিকেল পানি পাওয়া যায়,নাহোইল হইতে নাহোইল পানি পাওন যায়,নারিকেলের তুন নারিকেল পানি ফাওয়া যায়,নারিকেল থাইক্কা নাইরকেল পানি পাওয়ন যায়,নাইরকেলের তুন নাইকেলের হানি হান যায়,নাইকল থাকি নাইকল ফানি পাওয়া যায়
রান্নাঘরে আমি রান্না করি,হোশ্যায় মুই রান্ধি,রান্নাঘরোত আই ফাগ গরি্র,পাকঘরে আমি রান্না করি,রশিঘরে আই রান্ডি,ফাগঘর আমি রান্দা করি
ভাত রান্নার পাত্রটি শক্ত করে ঢেকে রাখতে হবে,ভাত রান্ধার পাইলাডা আইট কইরা ঢাইকা থুইতে হইবে,ভাত রান্নার বাডি ইবা শক্ত গরি ডাকি রাহা লাগিবো,ভাত রান্দনের পাত্রটা শক্ত কইরা ঢাইক্কা রাখতে হইব,ভাত রাইনবার পাত্রগা শক্ত করি ঢাকি রাইকতে অইবো,ভাত রান্দার ফাত্রটি শক্ত করে ঢাকিয়া রাকতে অইবো
শিম সব ধরনের মাটিতেই চাষ করা যায়,উশ্যি বেবাক ধরনের মাডিতেই চাষ করা যায়,শিম বেগুন   মাটিত চাষ গরা যায়,শিম বেক ধরনের মাডিতেই চাষ করন যায়,সিম বেঅ ধরনের মাডিতে চাষ করন যায়,উরি সব ধরনের মাটিতেই চাষ করা যায়
পেঁপে একটি সুস্বাদু ফল,কোম্বা এউক্কা মজাদার ফল,পেঁপে  এইজ্ঞো  সুস্বাদু ফল,পেঁপে একটা সুস্বাদু ফল,ককিয়া এগগা স্বাদের হল,খফল একটা মজার ফল
অনেকগুলো কবুতর আকাশে উড়ছে,বেমালা কইতোর আকাশে ওড়তেয়াছে,বেজ্ঞুন কবুতর  আকাশত  উড়ের,অনেকগুলা কবুতর আকাশে উড়তাসে,মেলাগিন কবুতর আকাশে উড়েড়,অনেকগুলা কইতর  আকাশে উড়ের
একটি সম্পূর্ণ নতুন স্টোররুম ডিজাইন তৈরি করতে পারেন,এউক্কা পুরা নতুন উগোইর ডিজাইন বানাইতে পারেন,এইজ্ঞো  সম্পূর্ণ নতুন স্টোররুম ডিজাইন তৈরি গরিতো ফারিবা?,একটা সম্পূর্ণ নতুন স্টোররুম ডিজাইন তৈরি করতে পারেন,এগগা নতুন স্টোর রুম তৈরি কইরতাম হারেন,একটি সম্পূর্ণ নয়া স্টোররুম ডিজাইন বানাইয়া দতে পারেন
সিলেট নগরের শেখঘাট এলাকায় গড়ে উঠেছে বেশ কয়েকটি লাকড়ি তৈরির কারখানা,সিলেট শহরের শেখঘাট এলাকায় গইরা ওঠছে কতডি দাউর বানাইন্নার কারখানা,সিলেট নগরোত শেখঘাট এলাকায় গরি উইট্টে   কয়েকটি লাকড়ি বানাইবার হারখানা,সিলেট নগরের শেখঘাট এলাকায় গইড়া উঠছে বেশ কয়েকটা লাকড়ি তৈরির কারখানা,সিলোট নগরীর শেখঘাট এলাকায় গড়ি উইঠছে  বেশ কগুন  দাইড়বার কারখানা,সিলেট নগরের শেখঘাট এলাকায় ঘরে উটছে লাকরি তৈরির কারকানা
তেতুল এর টক দিয়ে ফুসকা খাবো,ট্যাঙ্গা এর চুক্কা দিয়া ফুচকা খামু,তেতুলোর টক দিয়েরে ফুসকা হাইয়ুম,তেতুল এর টক দিয়া ফুসকা খায়াম,তেঁতুল এর টক দি ফুসকা খাইয়ুম,তেতুল টেংগা দিয়া ফুসকা খাইমো
কাঁচা আমের শরবত অনেক টক,কাচা আমের শরবত বেমালা চুক্কা,কাঁচা আমোর শরবত বোত টক,কাঁচা আমের শরবত মেলা টক,কাচা আমের শরবত মেলা চুয়া,কাচা আমের শরবত অনেক টেংগা
সরিষার তেল দিয়ে ঝাল মুড়ি বানাও,হোউররার ত্যাল দিয়া ঝালমুড়ি বানাও,সরিষার তেল দিয়ে্রে ঝাল মুড়ি বানাইও,সরিষার তেল দিয়া ঝাল মুড়ি বানাও,শইষ্যার তেল দি ঝালমুড়ি বানাও,সরিষার তেল দিয়া ঝাল মুরি বানাও
এই বোকা কোন বিষয়ে জানে না,এই গোঙ্গা কোনো ব্যাপারে জানে না,ইতে বোকা কোন বিষয়ে নো জানে,এই বেক্কল কোন বিষয়ে জানে না,এই বেকুব কোনো বিষয়েই জানে না,এই আরুয়া কোনো বিষয় জানে না
"ঘামে শরীর থেকে যে পানি ও খনিজ লবণ বের হয়ে যায়, তার অনেকটাই পূরণ করতে পারে লাউ","ঘামে শরীল দিয়া যেই পানি আর খনিজ নুন বাইর হইয়া যায় ,হেইয়ার ম্যালাই পূরণ করতে পারে কদু","ঘামে শরীররে তুন পানি ও খনিজ লবণ বাইর ওয় যায় গয় , ইবার  অনেক্ষান ফুরোন গরিত ফারে  লাউ","ঘামে শরীর থাইক্কা যে পানি আর খনিজ লবণ বাইর হয়া যায়, তার অনেকটাই পূরণ করতে পারে লাউ",ঘামে শরীর এর তুন যেই. খনিজ লবন ও হানি বাইর অই যায় হেটার মেলাটায় পুরন কইরতাম হারে লাউ,"ঘামে শরীর থাকি যে ফানি ও খনিজ লবণ বের হয়ে যায়, তার অনেক টা ফুরন করে লাউ"
"বাংলাদেশে জনপ্রিয় সবজির অন্যতম লাউ, যেটি এখন প্রায় সারা বছরই পাওয়া যায়","বাংলাদেশে জনপ্রিয় সবজির অন্যতম কদু, হেইডা এহন পেরায় হারা বচ্ছরই পাওয়া যায়","বাংলাদেশোত জনপ্রিয় সবজির অন্যতম লাউ, যিবা এহন ফ্রায় সারা বছরত ফাওয়া যার","বাংলাদেশে জনপ্রিয় সবজির অন্যতম লাউ, যেইডা এহন প্রায় সারা বছরই পাওয়ন যায়",বাংলাদেশ এ জনপ্রিয় সবজির অন্যতম লাউ যেটা অন প্রায় সারাবছরই এ হান যায়,"বাংলাদেশে জনপ্রিয় সবজি অন্যতম লাউ, যেটা এখন হারা বছর মিলে"
ওজন কমানোর জন্য শসার সুপ খাওয়া যেতে পারে,ওজন কমাইন্নার লইজ্ঞা হোয়ার সুপ খাওয়া যাইতে পারে,ওজন হমানোর লায় শসার সুপ হাওয়া যাইত ফারে,ওজন কমানোর লাইজ্ঞা শসার সুপ খাওয়ন যাইতে পারে,ওজন কমাইবার লাই শষার সুপ খান যায়,ওজন কমানোর জন্য কিরার সুপ খাওয়া যাইতে পারে
এই তেতুলের নাম শুনলেই জিভে জল আসেনা এমন মানুষ খুজে পাওয়া কঠিন,এই ট্যাঙ্গার নাম হোনলেই জিবরায় পানি আহেনা এমন মানু খুঁইজ্জা পাওয়া কঠিন,তেতুলোর নাম উনিলে  জিব্বাত  ফানি নো আয়ে  এরিম্ন মানুষ কুজি ফাওয়া কঠিন,এই তেতুলের নাম হুনলেই জিভে জল আয়ানা এমন মানুষ খুইজ্জা পাওয়ন কঠিন,এই তেতুলইর নাম লইলে মুখে হানি আইয়ে না এইক্কান মানুষ খুজি পাওয়া কঠিন,এই তেতুলের নাম হুনলেই জিব ফানি আয় না এরম মানুষ খুজে ফাওয়া কটিন
আবেগ প্রবন মানুষ খুব বোকা হয়ে থাকে,আবেগী মানু বেমালা গোঙ্গা হইয়া থাহে,আবেগ ফ্রবন মানুষ বোত বোকা ওয় তাকে,আবেগ প্রবন মানুষ মেলা বেক্কল হয়া থাকে,আবেগপ্রবন মানুষ বোকা থায়,আবেগ ওয়ালা মানুষ খুব আরুয়া অই থাকে
প্রথম দেখায় কাউকে খুব সরল মনে বিশ্বাস করতে যাবেন না,পোরথোম দেহায় কাউরে ম্যালা সরল মনে বিশ্বাস করতে যাইবেন না,ফ্রতম দেহাত খাওরে বোত সরল মনোত বিশ্বাস নো কইজ্জো,প্রথম দেহায় কাউরে খুব সরল মনে বিশ্বাস করতে যাইবেন না,প্রথম দেখাত কুনুগারে সরল মনে বিশ্বাস কইরতে যাইয়েন না,ফতম দেখায় কাউকে কুব সরল মনো বিশ্বাস করাত যাইও না
"লবন ছাড়া তরকারি যেমন স্বাদহীন, বিশ্বাস ছাড়া সম্পর্কও তেমন মূল্যহীন","নুন ছাড়া শালুন যেরহম স্বাদছাড়া , বিশ্বাস ছাড়া সম্পর্কও হেরহম মূল্য ছাড়া","লবন ছড়া তরকারি যেরিম্মা স্বাদহীন, বিশ্বাস ছাড়া সম্পর্কও এরিম্মূমা মূল্যহীন","লবন ছাড়া তরকারি যেমন স্বাদহীন, বিশ্বাস ছাড়া সম্পর্কও তেমন মূল্যহীন",লবন ছাড়া তারকারি যেইক্কান স্বাদহীন বিশ্বাস ছাড়া সম্পর্ক হেক্কান মূ্ল্যহীন,"নুন ছাড়া ছালম যেমন স্বাদহীন,  বিশ্বাস ছাড়া সম্পর্কও তেমন মূল্যহীন"
কাউকে মিথ্যা বলে খুশী করার থেকে সত্যি বলে কাঁদানো ভালো,কাউরে মিথ্যা কইয়া খুশি করার চাইয়া সত্যি কইয়া কান্দানো ভালো,কোনিক্কারে  মিথ্যা খইয়েরে  কুশী করিবার তুন সত্যি খইয়েরে কাদাইলে  বালা,কাউরে মিথ্যা কয়া খুশী কইরবার চেয়ে সত্যি কয়া কাঁনদানো ভালা,কাউরে মিত্যা কই হাসানির তুন সত্যি কই কাদানি ভালা,কাউরে মিচা বলিয়া খুশির করার চেয়ে হাচা বলে কানদানি ভালা
"একে অপরের প্রতি যতো বেশী বিশ্বাস থাকবে, তাদের ভালোবাসার পাল্লা ততো ভারী হবে","একজন আরেকজনের প্রতি যত বেশি বিশ্বাস করবে , হ্যাগো ভালোবাসার পালা-পইরান হ্যাতো ভারী হইবে","এইজ্ঞো আরেজ্ঞোর   ফ্রতি বোত বিশ্বাস থাইবো, ইতারোর বালোবাসাত ফাল্লা  ভারী ওইবো","একে অপরের প্রতি যত বেশী বিশ্বাস থাকব, তাদের ভালোবাসার পাল্লা ততো ভারী হইব",একে অফরের প্রতি যত বেশী বিশ্বাস থাইকব  হেতাগো ভালোবাসার পাল্লা ততবেশি ভারী অইব,"একে অপরের পতি যতো বেশি বিশ্বাস থাকবো,  তাদের ভালা ফাইয়া পাল্লা ততো ভারি অইবো"
বৃষ্টি বেড়ে তাপমাত্রা কমার সুখবর দিয়েছে আবহাওয়া অফিস,বইষ্যা বাইরা তাপমাত্রা কমার সুখবর দিছে আবহাওয়া অপিস,বৃষ্টি বাইরলে তাপমাত্রা কমিবার  সুখবর দিয়ে আবহাওয়া অফিস,বৃষ্টি বাইড়া তাপমাত্রা কমনের সুখবর দিসে আবহাওয়া অফিস,বৃষ্টি বাড়ি তাফমাত্রা কইমবার সুখবর দিছে আবহাওয়া অধিদপ্তর,মেগ বাড়িয়া তাপমাত্রা কমার সুখবর দিয়েছে আবহাওয়া অফিস
পুরো বর্ষা মৌসুমে হাতে গোনা কয়েকদিন মাত্র বৃষ্টি হওয়ার পর আর মেঘের দেখা নেই,পুরা বইশ্যা মৌসুমে হাতে গোনা কয়ডা দিন ক্যাবল বইশ্যা হওয়ার পর আর মেঘের দেহা নাই,ফুরা বর্ষা মৌসুমোত হাতে গুনা হোয়োজ্ঞা দিন মাত্র বৃষ্টি ওইয়ার ফর আর মেঘোর দেহা নাই,পুরো বর্ষা মৌসুমে হাতে গোনা কয়েকদিন মাত্র বৃষ্টি হওয়ার পর আর মেঘের দেখা নেই,হুরা বর্ষার ভিত্তে আতে গোনা কয়েকদিন বৃষ্টি অইবার হরেদি আর মেগের দেয়া নাই,ফুরো মেগ মৌসুমো হতে গনা কয়েকদিন মাত্র মেগ অওয়ার পরআর মেগের দেখা নাই
খাওয়ার অনেক আগেই যদি ভাত রান্না শেষ হয়ে গিয়ে থাকে তবে ঢাকনা সরিয়ে একটা তোয়ালে দিয়ে ঢেকে রাখুন,খাওয়ার ম্যালা আগে দিয়াই যদি ভাত রান্ধা শ্যাষ হইয়া যাইয়া থাহে হ্যালে হরা সরাইয়া এউক্কা গামছা দিয়া ঢাইকা রাহেন,খাওয়ার বহুত   আগোত যদি ভাত রান্না শেষ ওয় গি তাহে তইলে ডাকনা ইবা সরাইয়েরে এইজ্ঞো  তোয়ালে দি ডাকি রাকো,খাওয়নের অনেক আগেই যদি ভাত রান্না শেষ হয়া গিয়া থাকে তাইলে ঢাকনা সরায়া একটা তোয়ালে দিয়া ঢাইক্কা রাহেন,খাইবার অনেক আগেই যদি ভাত রান্দা অই যায় তই ডাকনা হরাই এগগা তোয়াইল্লা দি ঢাকি রাক,খাওয়ার অনেক আগেই যদি ভাত রান্দা শেষ হয়ে অইয়া গিয়া থাকে তবে ডাকনা সরাইয়া একটা তোয়ালে দিয়া ডাইকা রাখোইন
